Date,Open,High,Low,Close,Volume,Dividends,Stock Splits
2020-04-14 00:00:00-04:00,67.95014147271534,69.95224385539356,67.47691431078215,69.66102600097656,194994800,0.0,0.0
2020-04-15 00:00:00-04:00,68.53255414367216,69.48628092008256,68.10301494206142,69.02519226074219,131154400,0.0,0.0
2020-04-16 00:00:00-04:00,69.74110330393147,69.94010189303526,68.52042803590564,69.57365417480469,157125200,0.0,0.0
2020-04-17 00:00:00-04:00,69.08829799292641,69.63675500516926,67.1881169210457,68.62963104248047,215250000,0.0,0.0
2020-04-20 00:00:00-04:00,67.45263070247596,68.35781862849281,67.18568232250739,67.20509338378906,130015200,0.0,0.0
2020-04-21 00:00:00-04:00,67.0473614677832,67.28276042085989,64.41429253639382,65.12776947021484,180991600,0.0,0.0
2020-04-22 00:00:00-04:00,66.39941670732112,67.44051199003249,66.0572457362962,67.00369262695312,116862400,0.0,0.0
2020-04-23 00:00:00-04:00,66.94784510905522,68.3747986128888,66.7051661432597,66.7439956665039,124814400,0.0,0.0
2020-04-24 00:00:00-04:00,67.27062788736906,68.68059241326806,67.22208912055947,68.67088317871094,126161200,0.0,0.0
2020-04-27 00:00:00-04:00,68.38694490813113,69.05189045933044,67.93799464568525,68.71942138671875,117087600,0.0,0.0
2020-04-28 00:00:00-04:00,69.18294368703222,69.36495298340253,67.51331796268283,67.60552978515625,112004800,0.0,0.0
2020-04-29 00:00:00-04:00,69.0980050622793,70.29684010085327,68.89415555935265,69.82604217529297,137280800,0.0,0.0
2020-04-30 00:00:00-04:00,70.36721610873765,71.47626115798072,69.976506388418,71.29910278320312,183064000,0.0,0.0
2020-05-01 00:00:00-04:00,69.46687320779041,72.56103087905444,69.36980307576957,70.15122985839844,240616800,0.0,0.0
2020-05-04 00:00:00-04:00,70.17550415897956,71.27241079901312,69.4838673851674,71.14379119873047,133568000,0.0,0.0
2020-05-05 00:00:00-04:00,71.60485804116813,73.04637175058454,71.45924917442386,72.21155548095703,147751200,0.0,0.0
2020-05-06 00:00:00-04:00,72.9153300566067,73.58997737842726,72.52947133643356,72.95658874511719,142333600,0.0,0.0
2020-05-07 00:00:00-04:00,73.58512093632648,74.05834791180315,73.2817722099888,73.71131134033203,115215200,0.0,0.0
2020-05-08 00:00:00-04:00,74.3732060857613,75.51931637355732,74.04470105585122,75.46578216552734,133838400,0.205,0.0
2020-05-11 00:00:00-04:00,74.97180698726206,77.14965926401848,74.7625342106639,76.65325927734375,145946400,0.0,0.0
2020-05-12 00:00:00-04:00,77.33948047530653,77.79208931359327,75.6555994515511,75.77726745605469,162301200,0.0,0.0
2020-05-13 00:00:00-04:00,75.95732422038697,76.88200539450654,73.78189997803335,74.86231231689453,200622400,0.0,0.0
2020-05-14 00:00:00-04:00,74.0982401903213,75.38305384243762,73.37309631079928,75.32221984863281,158929200,0.0,0.0
2020-05-15 00:00:00-04:00,73.08595077247826,74.92313414173562,73.05188017652294,74.87689971923828,166348400,0.0,0.0
2020-05-18 00:00:00-04:00,76.20552437986748,77.01582984347145,75.51201542213853,76.6410903930664,135178400,0.0,0.0
2020-05-19 00:00:00-04:00,76.65815106303477,77.50739145167047,76.16661494407546,76.19824981689453,101729600,0.0,0.0
2020-05-20 00:00:00-04:00,77.05962650901947,77.75069971271533,77.02069186607584,77.68013763427734,111504800,0.0,0.0
2020-05-21 00:00:00-04:00,77.54144307709652,78.08408497746194,76.86253362412333,77.10100555419922,102688800,0.0,0.0
2020-05-22 00:00:00-04:00,76.83819007988166,77.68013781166567,76.73599313969208,77.59740447998047,81803200,0.0,0.0
2020-05-26 00:00:00-04:00,78.71918977774382,78.89925602718259,77.01583791238306,77.07180786132812,125522000,0.0,0.0
2020-05-27 00:00:00-04:00,76.92822809774341,77.55359582351838,76.1860490206754,77.4075927734375,112945200,0.0,0.0
2020-05-28 00:00:00-04:00,77.0815105842542,78.70456430922319,76.80411151901345,77.441650390625,133560800,0.0,0.0
2020-05-29 00:00:00-04:00,77.68500333141107,78.14734015890691,77.00852967618476,77.3662338256836,153532400,0.0,0.0
2020-06-01 00:00:00-04:00,77.3199863713913,78.43933305662227,77.18858289905835,78.31766510009766,80791200,0.0,0.0
2020-06-02 00:00:00-04:00,78.05001280060178,78.70458715753213,77.60713955055513,78.68025207519531,87642800,0.0,0.0
2020-06-03 00:00:00-04:00,79.00147083367361,79.37621037280043,78.42719398173664,79.1134033203125,104491200,0.0,0.0
2020-06-04 00:00:00-04:00,78.93575985874213,79.23505835292487,78.05731313453714,78.43205261230469,87560400,0.0,0.0
2020-06-05 00:00:00-04:00,78.68267663769132,80.72669702130025,78.65347751344345,80.66586303710938,137250400,0.0,0.0
2020-06-08 00:00:00-04:00,80.36169309987528,81.17686997307266,79.64872058754821,81.1427993774414,95654400,0.0,0.0
2020-06-09 00:00:00-04:00,80.82159908143493,84.09932691847067,80.78996422247816,83.70512390136719,147712400,0.0,0.0
2020-06-10 00:00:00-04:00,84.65657009743241,86.32828677869298,84.2161326502249,85.85865020751953,166651600,0.0,0.0
2020-06-11 00:00:00-04:00,84.99969350194307,85.42553148158305,81.63436005029637,81.73655700683594,201662400,0.0,0.0
2020-06-12 00:00:00-04:00,83.88275926094929,84.63223063265221,81.32773208201846,82.44220733642578,200146000,0.0,0.0
2020-06-15 00:00:00-04:00,81.09170230417108,84.1163662672843,80.92866395631923,83.4617919921875,138808800,0.0,0.0
2020-06-16 00:00:00-04:00,85.52285420682057,85.94626382585014,83.88277221688082,85.67372131347656,165428800,0.0,0.0
2020-06-17 00:00:00-04:00,86.42077226439153,86.48160625971012,85.43282877449953,85.55449676513672,114406400,0.0,0.0
2020-06-18 00:00:00-04:00,85.51066985297757,86.00707717025418,84.9777636357591,85.58853912353516,96820400,0.0,0.0
2020-06-19 00:00:00-04:00,86.29666530516798,86.76386617293707,83.9874020783935,85.09944915771484,264476000,0.0,0.0
2020-06-22 00:00:00-04:00,85.49366152486377,87.469548475875,85.44742709501291,87.32598114013672,135445200,0.0,0.0
2020-06-23 00:00:00-04:00,88.5742789095001,90.61343520003089,88.15330507538052,89.1899185180664,212155600,0.0,0.0
2020-06-24 00:00:00-04:00,88.81762744432615,89.73987283324034,87.24080771386359,87.61554718017578,192623200,0.0,0.0
2020-06-25 00:00:00-04:00,87.77127955859044,88.81762116630449,87.00963685193202,88.7786865234375,137522400,0.0,0.0
2020-06-26 00:00:00-04:00,88.67406487318402,88.89550150488402,85.90246451179942,86.0509033203125,205256800,0.0,0.0
2020-06-29 00:00:00-04:00,85.9584251297807,88.12898509123728,85.47905300682135,88.0340805053711,130646000,0.0,0.0
2020-06-30 00:00:00-04:00,87.62039790653964,89.05608582615886,87.60093429970102,88.7689437866211,140223200,0.0,0.0
2020-07-01 00:00:00-04:00,88.84683832344739,89.39190858215986,88.55240384541347,88.60106658935547,110737200,0.0,0.0
2020-07-02 00:00:00-04:00,89.5111482707722,90.14868739680738,88.48670579938037,88.60106658935547,114041600,0.0,0.0
2020-07-06 00:00:00-04:00,90.03430074503379,91.44078222719904,90.00266588363523,90.97114562988281,118655600,0.0,0.0
2020-07-07 00:00:00-04:00,91.35077040897662,92.13187690472026,90.57696369633243,90.68889617919922,112424400,0.0,0.0
2020-07-08 00:00:00-04:00,91.66952230167387,92.83266788269125,91.58191749535032,92.80103302001953,117092000,0.0,0.0
2020-07-09 00:00:00-04:00,93.69649607659868,93.75003027778281,92.14888313949528,93.2000961303711,125642800,0.0,0.0
2020-07-10 00:00:00-04:00,92.79374622061182,93.42155723802126,92.18054219465331,93.36315155029297,90257200,0.0,0.0
2020-07-13 00:00:00-04:00,94.67228464918172,97.29058186234049,92.71829725665447,92.93243408203125,191649200,0.0,0.0
2020-07-14 00:00:00-04:00,92.31192546978035,94.66255171537146,91.37508797222462,94.47032165527344,170989200,0.0,0.0
2020-07-15 00:00:00-04:00,96.3512818184323,96.60191750082025,93.91792279485117,95.12000274658203,153198000,0.0,0.0
2020-07-16 00:00:00-04:00,93.98849671008664,94.80853755147119,93.34852206859607,93.9495620727539,110577600,0.0,0.0
2020-07-17 00:00:00-04:00,94.4021760380504,94.55790717010848,93.2852575959958,93.759765625,92186800,0.0,0.0
2020-07-20 00:00:00-04:00,93.8473898583791,95.87437528671072,93.50184950233145,95.73567199707031,90318000,0.0,0.0
2020-07-21 00:00:00-04:00,96.52894250206293,96.60437605553066,94.16371667540041,94.41435241699219,103433200,0.0,0.0
2020-07-22 00:00:00-04:00,94.11503193744338,95.36334640624791,94.02743456995962,94.67957305908203,89001600,0.0,0.0
2020-07-23 00:00:00-04:00,94.41193221010931,94.48980151231123,89.55738346847866,90.37012481689453,197004400,0.0,0.0
2020-07-24 00:00:00-04:00,88.5621056532968,90.49175759896814,86.7687137944106,90.1462173461914,185438800,0.0,0.0
2020-07-27 00:00:00-04:00,91.212045787962,92.37519132147816,90.98818087454525,92.28272247314453,121214000,0.0,0.0
2020-07-28 00:00:00-04:00,91.852015075252,92.02965297999799,90.76186742027873,90.76673889160156,103625600,0.0,0.0
2020-07-29 00:00:00-04:00,91.25096993011928,92.6915218428662,91.21447102735182,92.50658416748047,90329200,0.0,0.0
2020-07-30 00:00:00-04:00,91.67682263526055,93.73057872513968,91.26802000602063,93.62594604492188,158130000,0.0,0.0
2020-07-31 00:00:00-04:00,100.14249999513272,103.57840314329499,98.1374062959079,103.42753601074219,374336800,0.0,0.0
2020-08-03 00:00:00-04:00,105.31580157029778,108.66167105374215,105.01650308916155,106.03364562988281,308151200,0.0,0.0
2020-08-04 00:00:00-04:00,106.22345343622803,107.83677214724625,105.49830955349178,106.74176025390625,173071600,0.0,0.0
2020-08-05 00:00:00-04:00,106.46190875588427,107.44985207142959,105.9947004868368,107.12864685058594,121776800,0.0,0.0
2020-08-06 00:00:00-04:00,107.4620123146309,111.36268697898166,106.87070778644717,110.86627960205078,202428800,0.0,0.0
2020-08-07 00:00:00-04:00,110.38605018937842,110.84434776897682,107.54607671169924,108.34565734863281,198045600,0.205,0.0
2020-08-10 00:00:00-04:00,109.79612082851325,110.94186486752692,107.26086549559103,109.92044830322266,212403600,0.0,0.0
2020-08-11 00:00:00-04:00,109.18181072713648,109.68154587218592,106.3905875156011,106.65142822265625,187902400,0.0,0.0
2020-08-12 00:00:00-04:00,107.74598253329141,110.45432345102633,107.55096573953472,110.1959228515625,165598000,0.0,0.0
2020-08-13 00:00:00-04:00,111.58054387716682,113.15289349736156,111.09055440270924,112.14610290527344,210082000,0.0,0.0
2020-08-14 00:00:00-04:00,111.97058828094455,112.13635327859295,110.23003348739779,112.04615783691406,165565200,0.0,0.0
2020-08-17 00:00:00-04:00,113.17238664899372,113.19676560303644,111.12468097941458,111.75361633300781,119561600,0.0,0.0
2020-08-18 00:00:00-04:00,111.50498397074077,113.11145831572809,111.1685737018232,112.68485260009766,105633600,0.0,0.0
2020-08-19 00:00:00-04:00,113.09436360592659,114.24498017028326,112.73114178367754,112.82621002197266,145538000,0.0,0.0
2020-08-20 00:00:00-04:00,112.86767769232154,115.4443778648386,112.85061167913358,115.32980346679688,126907200,0.0,0.0
2020-08-21 00:00:00-04:00,116.29271066660041,121.7581423853081,116.28052490809851,121.27303314208984,338054800,0.0,0.0
2020-08-24 00:00:00-04:00,125.49274910090045,125.57807915731564,120.85128503311087,122.72347259521484,345937600,0.0,0.0
2020-08-25 00:00:00-04:00,121.59238528346616,122.0628686712799,119.98834358364527,121.71670532226562,211495600,0.0,0.0
2020-08-26 00:00:00-04:00,123.03795523691794,123.83022293693548,121.9677808342838,123.3719253540039,163022400,0.0,0.0
2020-08-27 00:00:00-04:00,123.97648471809909,124.3104548230282,120.74890305425278,121.89708709716797,155552400,0.0,0.0
2020-08-28 00:00:00-04:00,122.87463439456488,123.2939271755795,121.4753699990524,121.69964599609375,187630000,0.0,0.0
2020-08-31 00:00:00-04:00,124.4031081470526,127.73794429666664,122.86245023954196,125.82674407958984,225702700,0.0,4.0
2020-09-01 00:00:00-04:00,129.4541217539587,131.44333179825284,127.27965542096419,130.83876037597656,151948100,0.0,0.0
2020-09-02 00:00:00-04:00,134.16380741866254,134.54409526224742,123.8375172300071,128.12794494628906,200119000,0.0,0.0
2020-09-03 00:00:00-04:00,123.74980180662752,125.63173549368389,117.49941444648104,117.86994934082031,257599600,0.0,0.0
2020-09-04 00:00:00-04:00,117.08009977010788,120.61970534748437,108.1286934708545,117.94793701171875,332607200,0.0,0.0
2020-09-08 00:00:00-04:00,111.11250193799896,116.02700063472479,109.87412977263537,110.0106430053711,231366600,0.0,0.0
2020-09-09 00:00:00-04:00,114.34007891543482,116.17326184567966,112.38988145965452,114.3985824584961,176940500,0.0,0.0
2020-09-10 00:00:00-04:00,117.3628949087768,117.49940814881735,109.69861756632326,110.6639633178711,182274400,0.0,0.0
2020-09-11 00:00:00-04:00,111.71705524591432,112.36062394434131,107.26085458483016,109.21105194091797,180860300,0.0,0.0
2020-09-14 00:00:00-04:00,111.8633336140555,113.0432022491566,109.9911457355189,112.48739624023438,140150100,0.0,0.0
2020-09-15 00:00:00-04:00,115.38343686650313,115.87098624147585,110.78096957645455,112.66291046142578,184642000,0.0,0.0
2020-09-16 00:00:00-04:00,112.36061840613317,113.11144107787773,109.25005139587964,109.33780670166016,154679000,0.0,0.0
2020-09-17 00:00:00-04:00,106.98782792048597,109.40606847088276,106.00297617469543,107.5923843383789,178011000,0.0,0.0
2020-09-18 00:00:00-04:00,107.65090688938564,108.11895013810333,103.4482260852904,104.17955017089844,287104900,0.0,0.0
2020-09-21 00:00:00-04:00,101.93682671673261,107.44613627717712,100.53268210169752,107.33887481689453,195713800,0.0,0.0
2020-09-22 00:00:00-04:00,109.87413362126594,110.0496517037046,106.44178910174857,109.02579498291016,183055400,0.0,0.0
2020-09-23 00:00:00-04:00,108.84053574437004,109.31833209532834,104.11130039514165,104.45259094238281,150718700,0.0,0.0
2020-09-24 00:00:00-04:00,102.55112314626282,107.50462606943356,102.38535816136529,105.52517700195312,167743300,0.0,0.0
2020-09-25 00:00:00-04:00,105.72994906280776,109.64009681169752,104.98887199073256,109.48407745361328,149981400,0.0,0.0
2020-09-28 00:00:00-04:00,112.1461089873391,112.44838721832883,109.97163550795793,112.09735107421875,137672400,0.0,0.0
2020-09-29 00:00:00-04:00,111.69756779185069,112.43863750540089,110.74196771781253,111.24901580810547,99382200,0.0,0.0
2020-09-30 00:00:00-04:00,110.95649687203007,114.34009100590049,110.79073185621964,112.92619323730469,142675200,0.0,0.0
2020-10-01 00:00:00-04:00,114.71060728643806,114.78861696573017,112.9456810690759,113.88177490234375,116120400,0.0,0.0
2020-10-02 00:00:00-04:00,110.07889017847046,112.49713819553232,109.4255758436502,110.20565032958984,144712000,0.0,0.0
2020-10-05 00:00:00-04:00,111.07349695083026,113.74526531692963,110.72246082221426,113.5989990234375,106243800,0.0,0.0
2020-10-06 00:00:00-04:00,112.81892262806667,113.22846975785129,109.45483490950848,110.34217834472656,161498200,0.0,0.0
2020-10-07 00:00:00-04:00,111.76581857721544,112.67266068936267,111.2880148454192,112.21436309814453,96849000,0.0,0.0
2020-10-08 00:00:00-04:00,113.35524975931274,113.50151608559474,111.73658197677699,112.10712432861328,83477200,0.0,0.0
2020-10-09 00:00:00-04:00,112.40938507947115,114.0865561551348,112.05834892691767,114.05730438232422,100506900,0.0,0.0
2020-10-12 00:00:00-04:00,117.07036658463008,122.0628754189247,116.30979066521708,121.30229949951172,240226800,0.0,0.0
2020-10-13 00:00:00-04:00,122.15061740846656,122.26763193691325,116.67056718260892,118.08445739746094,262330500,0.0,0.0
2020-10-14 00:00:00-04:00,117.98694718210373,119.96639642799329,116.6413136031742,118.1722183227539,150712000,0.0,0.0
2020-10-15 00:00:00-04:00,115.76372578098064,118.18196653560398,115.20791978630072,117.70417022705078,112559200,0.0,0.0
2020-10-16 00:00:00-04:00,118.25998458807123,118.52326543752153,115.85148929426413,116.05625915527344,115393800,0.0,0.0
2020-10-19 00:00:00-04:00,116.97283808725243,117.42138259241214,112.7799181793268,113.09194946289062,120639300,0.0,0.0
2020-10-20 00:00:00-04:00,113.3064929039652,116.0172741835867,112.75068681039335,114.58387756347656,124423700,0.0,0.0
2020-10-21 00:00:00-04:00,113.76475364535186,115.75395571300935,113.55023075971056,113.95977783203125,89946000,0.0,0.0
2020-10-22 00:00:00-04:00,114.52534835538113,115.10066050216787,111.7365652586778,112.86768341064453,101988000,0.0,0.0
2020-10-23 00:00:00-04:00,113.49173574533604,113.64775510639481,111.4342769177023,112.17535400390625,82572600,0.0,0.0
2020-10-26 00:00:00-04:00,111.17100842634152,113.64776009630111,110.06914209886924,112.18511199951172,111850700,0.0,0.0
2020-10-27 00:00:00-04:00,112.61413501705532,114.35956240046933,111.68779432457966,113.69649505615234,92276800,0.0,0.0
2020-10-28 00:00:00-04:00,112.1851208602056,112.55565572913613,108.33347610413212,108.43098449707031,143937800,0.0,0.0
2020-10-29 00:00:00-04:00,109.57184881965813,114.01829672297495,109.40607637880336,112.4483871459961,146129200,0.0,0.0
2020-10-30 00:00:00-04:00,108.29446818664717,109.20131035012999,105.03764183054732,106.14925384521484,190272600,0.0,0.0
2020-11-02 00:00:00-05:00,106.39303037953306,107.92393519387548,104.64760263945637,106.06149291992188,122866900,0.0,0.0
2020-11-03 00:00:00-05:00,106.92931988488967,108.71374473298427,106.02247785676427,107.68989562988281,107624400,0.0,0.0
2020-11-04 00:00:00-05:00,111.29777308441078,112.71166332605715,109.55234539225575,112.08760070800781,138235500,0.0,0.0
2020-11-05 00:00:00-05:00,115.01289346688455,116.64131401748298,113.95979248109225,116.06600189208984,126387100,0.0,0.0
2020-11-06 00:00:00-05:00,115.57273140177695,116.43229602708031,113.43357855709559,115.93414306640625,114457900,0.205,0.0
2020-11-09 00:00:00-05:00,117.70210831549566,119.15750989185466,113.35543592706722,113.6191635131836,154515300,0.0,0.0
2020-11-10 00:00:00-05:00,112.86705932868448,114.8596862189922,111.4800244999921,113.27730560302734,138023400,0.0,0.0
2020-11-11 00:00:00-05:00,114.46896905922455,116.85230965844065,113.73638330100388,116.71556091308594,112295000,0.0,0.0
2020-11-12 00:00:00-05:00,116.84254616591035,117.7314130027431,115.81692313270185,116.44206237792969,103162300,0.0,0.0
2020-11-13 00:00:00-05:00,116.66672664224632,116.8913821021024,115.13318074907436,116.49090576171875,81581900,0.0,0.0
2020-11-16 00:00:00-05:00,116.15880460888832,118.18074115273141,115.40668645392178,117.50676727294922,91183000,0.0,0.0
2020-11-17 00:00:00-05:00,116.77417031034764,117.86816024947451,116.19786565120255,116.61788177490234,74271000,0.0,0.0
2020-11-18 00:00:00-05:00,115.85599399209619,117.03789809748132,115.26015699113172,115.28945922851562,76322100,0.0,0.0
2020-11-19 00:00:00-05:00,114.85967663013399,116.29554592271136,114.09778862645973,115.88529968261719,74113000,0.0,0.0
2020-11-20 00:00:00-05:00,115.88530450548863,116.0122833606363,114.566651563308,114.61548614501953,73604300,0.0,0.0
2020-11-23 00:00:00-05:00,114.45919488464406,114.88898089812312,111.10883584417593,111.20651245117188,127959300,0.0,0.0
2020-11-24 00:00:00-05:00,111.26513373188881,113.16008391412161,109.97577558304761,112.4958724975586,113874200,0.0,0.0
2020-11-25 00:00:00-05:00,112.86704864167184,114.03918287230827,112.49586708858041,113.33589935302734,76499200,0.0,0.0
2020-11-27 00:00:00-05:00,113.86336408177817,114.76200083857178,113.52149221259015,113.88289642333984,46691300,0.0,0.0
2020-11-30 00:00:00-05:00,114.25406058512762,118.16118410031162,114.09777206744184,116.2857666015625,169410200,0.0,0.0
2020-12-01 00:00:00-05:00,118.20026515774896,120.60314540681418,117.2234842051738,119.87055969238281,127728200,0.0,0.0
2020-12-02 00:00:00-05:00,119.1868283254981,120.50548879201791,118.08306834880034,120.22222137451172,89004200,0.0,0.0
2020-12-03 00:00:00-05:00,120.65200715268998,120.9059723441791,119.37242620138713,120.08547973632812,78967600,0.0,0.0
2020-12-04 00:00:00-05:00,119.75334034037562,120.00730546840785,118.69841514908516,119.41146850585938,78260400,0.0,0.0
2020-12-07 00:00:00-05:00,119.47009601504965,121.67762342572043,119.41149153275923,120.87666320800781,86712000,0.0,0.0
2020-12-08 00:00:00-05:00,121.48226483759503,122.07810188882368,120.23197880317792,121.49202728271484,82225500,0.0,0.0
2020-12-09 00:00:00-05:00,121.6385560125628,123.02558346381261,118.1905197285444,118.95240783691406,115089200,0.0,0.0
2020-12-10 00:00:00-05:00,117.70213119748253,120.99388642913459,117.36025927781515,120.37850952148438,81312200,0.0,0.0
2020-12-11 00:00:00-05:00,119.58729662299177,119.90963613747431,117.75095104891274,119.56776428222656,86939800,0.0,0.0
2020-12-14 00:00:00-05:00,119.75336808574482,120.48595395183084,118.71798244639619,118.95240783691406,79184500,0.0,0.0
2020-12-15 00:00:00-05:00,121.4529531337426,124.93029876658031,121.24783000590143,124.91075897216797,157243700,0.0,0.0
2020-12-16 00:00:00-05:00,124.45168548343347,125.38938700764821,123.62141557358976,124.84239196777344,98208600,0.0,0.0
2020-12-17 00:00:00-05:00,125.90707656477707,126.57129545645023,125.06704423102657,125.71172332763672,94359800,0.0,0.0
2020-12-18 00:00:00-05:00,125.96568498617573,126.10243373072133,123.19162305629168,123.71908569335938,192541500,0.0,0.0
2020-12-21 00:00:00-05:00,122.11715836957907,125.33076878091637,120.58361248475222,125.25262451171875,121251600,0.0,0.0
2020-12-22 00:00:00-05:00,128.5541360749688,131.2891256020313,126.63963893467688,128.81787109375,168904800,0.0,0.0
2020-12-23 00:00:00-05:00,129.09141554280814,129.3551357530846,127.74345262784246,127.91928100585938,88223700,0.0,0.0
2020-12-24 00:00:00-05:00,128.27090571957586,130.36121675094694,128.05601267765476,128.9058074951172,54930100,0.0,0.0
2020-12-28 00:00:00-05:00,130.87891392295424,134.1511218894807,130.41004823158806,133.51622009277344,124486200,0.0,0.0
2020-12-29 00:00:00-05:00,134.84465167348836,135.56746024422537,131.22078675513583,131.7384796142578,121047300,0.0,0.0
2020-12-30 00:00:00-05:00,132.43198683008825,132.83247066876245,130.30259622541593,130.61517333984375,96452100,0.0,0.0
2020-12-31 00:00:00-05:00,130.96684103779242,131.6115202854013,128.66163652881235,129.60911560058594,99116600,0.0,0.0
2021-01-04 00:00:00-05:00,130.419829491317,130.50773622189638,123.81678651830266,126.40525817871094,143301900,0.0,0.0
2021-01-05 00:00:00-05:00,125.8972925672046,128.6811241595061,125.44796678465465,127.96806335449219,97664900,0.0,0.0
2021-01-06 00:00:00-05:00,124.75446642211676,128.0071488340126,123.44557604986173,123.66046905517578,155088000,0.0,0.0
2021-01-07 00:00:00-05:00,125.37960815671642,128.57368615922834,124.89121766294679,127.88016510009766,109578200,0.0,0.0
2021-01-08 00:00:00-05:00,129.3551144383391,129.5504825827211,127.20619899060827,128.98394775390625,105158200,0.0,0.0
2021-01-11 00:00:00-05:00,126.19032952592721,127.14757065492435,125.51634830594666,125.98519897460938,100384500,0.0,0.0
2021-01-12 00:00:00-05:00,125.51636516935064,126.67873700583286,123.91444484041192,125.80940246582031,91951100,0.0,0.0
2021-01-13 00:00:00-05:00,125.77033487541826,128.39787854041427,125.5066146974837,127.85088348388672,88636800,0.0,0.0
2021-01-14 00:00:00-05:00,127.76298601903567,127.95833928131353,125.7703439921052,125.9168701171875,90221800,0.0,0.0
2021-01-15 00:00:00-05:00,125.78985510810772,127.19642212299213,124.05118613262425,124.18793487548828,111598500,0.0,0.0
2021-01-19 00:00:00-05:00,124.81308118444944,125.72149530988855,123.9925886807919,124.86192321777344,90757300,0.0,0.0
2021-01-20 00:00:00-05:00,125.67266873501019,129.41374239946222,125.56522221027927,128.96441650390625,104319500,0.0,0.0
2021-01-21 00:00:00-05:00,130.69330654954064,136.42700650318062,130.48817597250854,133.6920166015625,120150900,0.0,0.0
2021-01-22 00:00:00-05:00,133.11570006235684,136.6028150348242,131.88496149210033,135.84092712402344,114459400,0.0,0.0
2021-01-25 00:00:00-05:00,139.74808861764467,141.72117584234562,133.3696938895246,139.6015625,157611700,0.0,0.0
2021-01-26 00:00:00-05:00,140.2657387257932,140.9494823530756,138.08750665706705,139.83595275878906,98390600,0.0,0.0
2021-01-27 00:00:00-05:00,140.0996903145117,140.94949991131097,137.14982245441175,138.76150512695312,140843800,0.0,0.0
2021-01-28 00:00:00-05:00,136.28049175107478,138.6931420569465,133.52596212723918,133.9069061279297,142621100,0.0,0.0
2021-01-29 00:00:00-05:00,132.67617999744974,133.56505438488097,127.18667492713263,128.8960418701172,177523800,0.0,0.0
2021-02-01 00:00:00-05:00,130.64447709526527,132.23663511827664,127.88994713431293,131.02542114257812,106239800,0.0,0.0
2021-02-02 00:00:00-05:00,132.57847548555233,133.14501023071227,131.4844855801371,131.8556671142578,83305400,0.0,0.0
2021-02-03 00:00:00-05:00,132.60776578490467,132.61754313249799,130.50769287241187,130.8300323486328,89880900,0.0,0.0
2021-02-04 00:00:00-05:00,133.1352936536694,134.20974413679528,131.46499107917862,134.19998168945312,84183100,0.0,0.0
2021-02-05 00:00:00-05:00,134.3613683130723,134.42983740127244,132.9037842725981,133.78419494628906,75693800,0.205,0.0
2021-02-08 00:00:00-05:00,133.070112443767,133.97988427010992,131.98426441496724,133.93096923828125,71297200,0.0,0.0
2021-02-09 00:00:00-05:00,133.64720333611686,134.87979583626688,132.89396894909677,133.05047607421875,76774200,0.0,0.0
2021-02-10 00:00:00-05:00,133.5102943457137,134.0092066849529,131.47555177979126,132.4440155029297,73046600,0.0,0.0
2021-02-11 00:00:00-05:00,132.94290131800943,133.42224462079582,130.85925883741726,132.18966674804688,64280000,0.0,0.0
2021-02-12 00:00:00-05:00,131.42665885595727,132.58097584744993,130.7810163386291,132.42445373535156,60145100,0.0,0.0
2021-02-16 00:00:00-05:00,132.5418109985024,133.05048531230534,129.90054970151292,130.29185485839844,80576300,0.0,0.0
2021-02-17 00:00:00-05:00,128.39407844328628,129.34297301716086,126.65281137358724,127.99299621582031,97918500,0.0,0.0
2021-02-18 00:00:00-05:00,126.38869906477753,127.17129463248507,124.63765472953934,126.88761138916016,96856700,0.0,0.0
2021-02-19 00:00:00-05:00,127.40608766559274,127.86586203753853,125.99741851978176,127.04412841796875,87668800,0.0,0.0
2021-02-22 00:00:00-05:00,125.22456652832139,126.89736442452865,122.86701070079127,123.25830841064453,103916400,0.0,0.0
2021-02-23 00:00:00-05:00,121.06708704880822,123.95289450809882,115.8139311119075,123.12139129638672,158273000,0.0,0.0
2021-02-24 00:00:00-05:00,122.22137703659854,122.82788140267746,119.57034603451814,122.62245178222656,111039900,0.0,0.0
2021-02-25 00:00:00-05:00,121.96706417843099,123.70833162165073,117.91714783242537,118.35735321044922,148199500,0.0,0.0
2021-02-26 00:00:00-05:00,119.92249889039729,122.13332450236139,118.56274519725483,118.62144470214844,164560400,0.0,0.0
2021-03-01 00:00:00-05:00,121.05728331048017,125.14632962305842,120.1181731597989,125.0093765258789,116307900,0.0,0.0
2021-03-02 00:00:00-05:00,125.61588891931011,125.91914114090521,122.28986912474551,122.39747619628906,102260900,0.0,0.0
2021-03-03 00:00:00-05:00,122.09420675176463,122.97462478338886,119.18883097909638,119.40404510498047,112966300,0.0,0.0
2021-03-04 00:00:00-05:00,119.10082032664327,120.91056435843679,116.03892923422256,117.51606750488281,178155000,0.0,0.0
2021-03-05 00:00:00-05:00,118.3475637840084,119.28667396527544,115.01175939727409,118.77798461914062,153766600,0.0,0.0
2021-03-08 00:00:00-05:00,118.29863063273507,118.36710717306019,113.68133401828926,113.82807159423828,154376600,0.0,0.0
2021-03-09 00:00:00-05:00,116.43997360787498,119.40404133459487,116.20519796131644,118.45514678955078,129525800,0.0,0.0
2021-03-10 00:00:00-05:00,119.04210671169741,119.51165804272296,116.85084228896541,117.36931610107422,111943300,0.0,0.0
2021-03-11 00:00:00-05:00,119.87363300227062,120.52905257152383,118.62148592567185,119.3062515258789,103026500,0.0,0.0
2021-03-12 00:00:00-05:00,117.78017258073191,118.5334145770574,116.5671562971472,118.3964614868164,88105100,0.0,0.0
2021-03-15 00:00:00-04:00,118.76819807777808,121.30183771867131,117.79973448364598,121.29205322265625,92403800,0.0,0.0
2021-03-16 00:00:00-04:00,122.96483796118252,124.45176782276737,122.00616637196116,122.8376693725586,115227900,0.0,0.0
2021-03-17 00:00:00-04:00,121.35075339157471,123.12136654730853,119.67795534298575,122.04530334472656,111932600,0.0,0.0
2021-03-18 00:00:00-04:00,120.20620497298519,120.4996801450081,117.7019113683554,117.90734100341797,121229700,0.0,0.0
2021-03-19 00:00:00-04:00,117.29105128250436,118.78775822996795,117.0758371529688,117.37908935546875,185549500,0.0,0.0
2021-03-22 00:00:00-04:00,117.71168731485157,121.17465976163916,117.6432107748042,120.7051010131836,111912300,0.0,0.0
2021-03-23 00:00:00-04:00,120.64642246770546,121.53661758792646,119.4823136932633,119.87361145019531,95467100,0.0,0.0
2021-03-24 00:00:00-04:00,120.14749804522086,120.22575907651984,117.45733666722599,117.47689819335938,88530500,0.0,0.0
2021-03-25 00:00:00-04:00,116.93888575254493,119.0127585740185,116.41063491697949,117.96603393554688,98844700,0.0,0.0
2021-03-26 00:00:00-04:00,117.731260359211,118.83667706674994,116.33237593563868,118.57254791259766,94071200,0.0,0.0
2021-03-29 00:00:00-04:00,119.00298664807106,119.91275082818898,118.10300696502964,118.74864196777344,80819200,0.0,0.0
2021-03-30 00:00:00-04:00,117.49649869548081,117.78018941248851,116.27369774116383,117.29106903076172,85671900,0.0,0.0
2021-03-31 00:00:00-04:00,119.0029908224551,120.83229628055129,118.51387043885552,119.49211120605469,118323800,0.0,0.0
2021-04-01 00:00:00-04:00,120.96925085519509,121.47793274502293,119.82470354215977,120.3236083984375,75089100,0.0,0.0
2021-04-05 00:00:00-04:00,121.17467974982267,123.41485187715786,120.39208419443258,123.16050720214844,88651200,0.0,0.0
2021-04-06 00:00:00-04:00,123.74745108038357,124.3637400471671,122.91594796105788,123.46376037597656,80171300,0.0,0.0
2021-04-07 00:00:00-04:00,123.09201613924569,125.13653540500879,122.41702773888204,125.11697387695312,83466700,0.0,0.0
2021-04-08 00:00:00-04:00,126.14412984874876,127.55279878438414,125.72349353070734,127.52345275878906,88844600,0.0,0.0
2021-04-09 00:00:00-04:00,126.97562090894628,130.14511060136672,126.65279975013205,130.10598754882812,106686700,0.0,0.0
2021-04-12 00:00:00-04:00,129.6364546951069,129.9592758997672,127.78758046970171,128.38430786132812,91420000,0.0,0.0
2021-04-13 00:00:00-04:00,129.5581784481345,131.7298736233455,129.0592662236775,131.50486755371094,91266500,0.0,0.0
2021-04-14 00:00:00-04:00,132.0037882044852,132.06248025187,128.79516024880334,129.1571044921875,87222800,0.0,0.0
2021-04-15 00:00:00-04:00,130.90815261502829,132.06246925552537,130.73206156076947,131.57334899902344,89347100,0.0,0.0
2021-04-16 00:00:00-04:00,131.37770625104787,131.7396504708216,130.37989673029497,131.24075317382812,84922400,0.0,0.0
2021-04-19 00:00:00-04:00,130.60489828233995,132.52225644299975,130.4385991700877,131.9059600830078,94264200,0.0,0.0
2021-04-20 00:00:00-04:00,132.08201997430638,132.58091719329002,128.94186179416667,130.2135772705078,94812300,0.0,0.0
2021-04-21 00:00:00-04:00,129.47994470532655,130.83969873435487,128.44301191111677,130.5951385498047,68847100,0.0,0.0
2021-04-22 00:00:00-04:00,130.1451630922805,131.2310110910551,128.5506405715148,129.06910705566406,84566500,0.0,0.0
2021-04-23 00:00:00-04:00,129.28425964833707,132.1798429808979,129.28425964833707,131.3972625732422,78657500,0.0,0.0
2021-04-26 00:00:00-04:00,131.8961965525728,132.12118773609112,130.65382667295944,131.78858947753906,66905100,0.0,0.0
2021-04-27 00:00:00-04:00,132.07227902798383,132.46358428625007,131.1918683187311,131.4657745361328,66015800,0.0,0.0
2021-04-28 00:00:00-04:00,131.38748176093378,132.08203909742446,130.18425010167056,130.67337036132812,107760100,0.0,0.0
2021-04-29 00:00:00-04:00,133.5004909237802,134.08744123271336,129.56795967816743,130.57554626464844,151101000,0.0,0.0
2021-04-30 00:00:00-04:00,128.91256235309382,130.65382966034915,128.21801979298792,128.5995330810547,109839500,0.0,0.0
2021-05-03 00:00:00-04:00,129.16691594936623,131.1527586179982,128.96149372877142,129.65603637695312,75135100,0.0,0.0
2021-05-04 00:00:00-04:00,128.3353815530832,128.6288567066615,123.94307606167955,125.06805419921875,137564700,0.0,0.0
2021-05-05 00:00:00-04:00,126.38869312319078,127.61149397563412,125.18546126388162,125.31263732910156,84000900,0.0,0.0
2021-05-06 00:00:00-04:00,125.10718773006204,126.92671581394534,124.36372279624072,126.91693878173828,78128300,0.0,0.0
2021-05-07 00:00:00-04:00,128.22019245481835,128.6219409418332,126.87771644504386,127.59305572509766,78973300,0.22,0.0
2021-05-10 00:00:00-04:00,126.80915297265736,126.9365300969227,124.26140115764763,124.30059814453125,88071200,0.0,0.0
2021-05-11 00:00:00-04:00,121.01793322731803,123.73225929039904,120.30260126371391,123.37950134277344,126142800,0.0,0.0
2021-05-12 00:00:00-04:00,120.91994025373684,122.13501696157893,119.79305116069399,120.30259704589844,112172300,0.0,0.0
2021-05-13 00:00:00-04:00,122.07622038504428,123.6146665716941,121.76265197362714,122.45838165283203,105861300,0.0,0.0
2021-05-14 00:00:00-04:00,123.71265487611407,125.31969391364765,123.32069249416574,124.88853454589844,81918000,0.0,0.0
2021-05-17 00:00:00-04:00,124.27121091978704,124.37900077220148,122.65437060963178,123.73226165771484,74244600,0.0,0.0
2021-05-18 00:00:00-04:00,124.01642168198467,124.43777993260704,122.27219693905593,122.34078979492188,63342900,0.0,0.0
2021-05-19 00:00:00-04:00,120.68477166324163,122.40939434000599,120.39079798085203,122.18402099609375,92612000,0.0,0.0
2021-05-20 00:00:00-04:00,122.7131594479721,125.15311390529939,122.58576737350162,124.75135040283203,76857100,0.0,0.0
2021-05-21 00:00:00-04:00,125.25109958373996,125.42748227973826,122.69355422979483,122.90913391113281,79295400,0.0,0.0
2021-05-24 00:00:00-04:00,123.47748054475917,125.36869212394858,123.4088876885631,124.54557037353516,63092900,0.0,0.0
2021-05-25 00:00:00-04:00,125.251117740315,125.74107639005582,123.7812642192773,124.349609375,72009500,0.0,0.0
2021-05-26 00:00:00-04:00,124.40838798944601,124.82974625336892,123.87923988060832,124.30059814453125,56575900,0.0,0.0
2021-05-27 00:00:00-04:00,123.89883613267928,125.07471577819632,122.5661685471944,122.76214599609375,94625600,0.0,0.0
2021-05-28 00:00:00-04:00,123.04631892312548,123.2716997185338,122.04682196885067,122.1056137084961,71311100,0.0,0.0
2021-06-01 00:00:00-04:00,122.56619727029648,122.83076763591811,121.44910910245017,121.78227233886719,67637100,0.0,0.0
2021-06-02 00:00:00-04:00,121.7822624487701,122.72296780445203,121.55688909562903,122.54658508300781,59278900,0.0,0.0
2021-06-03 00:00:00-04:00,122.17421691048338,122.34079850429373,120.65536538181918,121.05712890625,76229200,0.0,0.0
2021-06-04 00:00:00-04:00,121.57648703897455,123.6244868847475,121.36090732088668,123.35990905761719,75169300,0.0,0.0
2021-06-07 00:00:00-04:00,123.63427554059597,123.78126238573478,122.32121000309535,123.36970520019531,71057600,0.0,0.0
2021-06-08 00:00:00-04:00,124.05562434058848,125.8782506142176,123.67346305813653,124.19281005859375,74403800,0.0,0.0
2021-06-09 00:00:00-04:00,124.65336040245155,125.18250849792624,123.97722547889047,124.57496643066406,56877900,0.0,0.0
2021-06-10 00:00:00-04:00,124.4671771062987,125.61366838929395,123.40888838700712,123.57546997070312,71186400,0.0,0.0
2021-06-11 00:00:00-04:00,123.98703068475491,124.87874532211927,123.56567241757213,124.7905502319336,53522400,0.0,0.0
2021-06-14 00:00:00-04:00,125.25109952078272,127.91642723799659,124.51617286716927,127.85763549804688,96906500,0.0,0.0
2021-06-15 00:00:00-04:00,127.32851196033258,127.9752510907451,126.78956268498881,127.03453826904297,62746300,0.0,0.0
2021-06-16 00:00:00-04:00,127.74984328807113,128.25939661171972,125.87824147519329,127.53426361083984,91815000,0.0,0.0
2021-06-17 00:00:00-04:00,127.19128567007046,129.88601623531721,127.04429139524058,129.1412811279297,96721700,0.0,0.0
2021-06-18 00:00:00-04:00,128.0830111104863,128.86692083515925,127.62245592357515,127.8380355834961,108953300,0.0,0.0
2021-06-21 00:00:00-04:00,127.68126305266121,129.74885734783985,126.61317321470958,129.6410675048828,79663300,0.0,0.0
2021-06-22 00:00:00-04:00,129.47449743106563,131.38530395142936,128.9747376819625,131.2873077392578,74783600,0.0,0.0
2021-06-23 00:00:00-04:00,131.0815245269483,131.62047373989773,130.5523689534629,131.01292419433594,60214200,0.0,0.0
2021-06-24 00:00:00-04:00,131.74786688107946,131.9340507183845,130.25841113476253,130.72877502441406,68711000,0.0,0.0
2021-06-25 00:00:00-04:00,130.7777556903275,131.19910646414033,130.1408102817522,130.43478393554688,70783700,0.0,0.0
2021-06-28 00:00:00-04:00,130.72875158549564,132.5317679828533,130.669959847861,132.0712127685547,62111300,0.0,0.0
2021-06-29 00:00:00-04:00,132.09085359319357,133.74689113033088,131.6499004799743,133.59010314941406,64556100,0.0,0.0
2021-06-30 00:00:00-04:00,133.43326643298442,134.64835041310198,133.1392928141683,134.2073974609375,63261400,0.0,0.0
2021-07-01 00:00:00-04:00,133.85466717004775,134.56999169991087,133.0315378313321,134.51119995117188,52485800,0.0,0.0
2021-07-02 00:00:00-04:00,135.12855915556537,137.1863605445848,134.98157975011827,137.1471710205078,78852600,0.0,0.0
2021-07-06 00:00:00-04:00,137.25494935489266,140.2730358750964,137.25494935489266,139.16575622558594,108181800,0.0,0.0
2021-07-07 00:00:00-04:00,140.65517657085456,141.97805072261244,139.79287267133577,141.66448974609375,104911600,0.0,0.0
2021-07-08 00:00:00-04:00,138.73457978552972,141.16473348435932,137.84286503744906,140.36122131347656,105575500,0.0,0.0
2021-07-09 00:00:00-04:00,139.88104882276198,142.72275942044914,139.7830526150671,142.19361877441406,99890800,0.0,0.0
2021-07-12 00:00:00-04:00,143.27151034896303,143.3793001913862,141.10591986105104,141.5958709716797,76299700,0.0,0.0
2021-07-13 00:00:00-04:00,141.13532365605394,144.4963962387887,140.74336872639185,142.7129669189453,100827100,0.0,0.0
2021-07-14 00:00:00-04:00,145.1235194534951,146.56397686036559,144.71194737828577,146.15240478515625,127050800,0.0,0.0
2021-07-15 00:00:00-04:00,146.24063073416198,146.98535113045864,144.1338317300182,145.4958953857422,106820300,0.0,0.0
2021-07-16 00:00:00-04:00,145.47629609045745,146.7501570666892,142.94814646554318,143.44789123535156,93251400,0.0,0.0
2021-07-19 00:00:00-04:00,140.86092711418854,141.17450296373835,138.82272894847327,139.58705139160156,121434600,0.0,0.0
2021-07-20 00:00:00-04:00,140.57678303301844,144.1436266165373,140.08683190917176,143.21270751953125,96350000,0.0,0.0
2021-07-21 00:00:00-04:00,142.60516000969034,143.19310728596565,141.72325404739772,142.47776794433594,74993500,0.0,0.0
2021-07-22 00:00:00-04:00,143.0069537767786,145.22152774257404,142.87956168443856,143.84967041015625,77338200,0.0,0.0
2021-07-23 00:00:00-04:00,144.58458386878672,145.73106773788473,143.96724064999466,145.57427978515625,71447400,0.0,0.0
2021-07-26 00:00:00-04:00,145.2901355674368,146.81878094574583,144.73158401268006,145.99566650390625,72434100,0.0,0.0
2021-07-27 00:00:00-04:00,146.1230436919417,146.2112462731185,142.62479983707357,143.82028198242188,104818600,0.0,0.0
2021-07-28 00:00:00-04:00,141.89964155731053,144.0162339928002,139.67525927689903,142.06622314453125,118931200,0.0,0.0
2021-07-29 00:00:00-04:00,141.7820627469063,143.604681578867,141.6742728984309,142.7129669189453,56699500,0.0,0.0
2021-07-30 00:00:00-04:00,141.4782919442919,143.38909834548167,141.21371414962817,142.9285430908203,70440600,0.0,0.0
2021-08-02 00:00:00-04:00,143.41849700972153,143.99663576121543,142.3308048906137,142.5953826904297,62880000,0.0,0.0
2021-08-03 00:00:00-04:00,142.8795704889318,145.06474871455308,142.2622271752402,144.39842224121094,64786600,0.0,0.0
2021-08-04 00:00:00-04:00,144.3102036940969,144.81974208144462,143.34009511643663,143.9966278076172,56368300,0.0,0.0
2021-08-05 00:00:00-04:00,144.0260371733782,144.86875375710454,143.2323186955207,144.10443115234375,46397700,0.0,0.0
2021-08-06 00:00:00-04:00,143.62357485707724,144.36941102647455,142.9169869178482,143.41748046875,54126800,0.22,0.0
2021-08-09 00:00:00-04:00,143.47635955368153,143.96704478811583,142.8090348226229,143.368408203125,48908700,0.0,0.0
2021-08-10 00:00:00-04:00,143.7118749573733,144.95821948179562,142.59311336897338,142.8875274658203,69023100,0.0,0.0
2021-08-11 00:00:00-04:00,143.32913242690734,143.98664871773903,142.81881568830585,143.14266967773438,48493500,0.0,0.0
2021-08-12 00:00:00-04:00,143.46654431198874,146.27326431640063,143.12305867466128,146.11624145507812,72282600,0.0,0.0
2021-08-13 00:00:00-04:00,146.19475896699817,146.6560042822418,145.5078026382922,146.3223419189453,59375000,0.0,0.0
2021-08-16 00:00:00-04:00,145.77275011469712,148.37339061458732,143.7413212084629,148.3046875,103296000,0.0,0.0
2021-08-17 00:00:00-04:00,147.43126177455844,148.85424577061949,146.3125001875388,147.3920135498047,92229700,0.0,0.0
2021-08-18 00:00:00-04:00,147.00929375834372,147.91215275914686,143.4272826956147,143.6333770751953,86326000,0.0,0.0
2021-08-19 00:00:00-04:00,142.32816925758922,145.2428409806357,141.80804406555308,143.96705627441406,86960300,0.0,0.0
2021-08-20 00:00:00-04:00,144.69327810851246,145.7335285086771,144.04556994347644,145.42930603027344,60549600,0.0,0.0
2021-08-23 00:00:00-04:00,145.54703201865243,147.39201304068925,145.13485827480818,146.92095947265625,60131800,0.0,0.0
2021-08-24 00:00:00-04:00,146.6657799394827,148.0495155771115,146.37136587144144,146.83261108398438,48606400,0.0,0.0
2021-08-25 00:00:00-04:00,147.0190838087262,147.519592250737,145.04653487560168,145.59609985351562,58991300,0.0,0.0
2021-08-26 00:00:00-04:00,145.58633512151286,146.3419797050803,144.76197243335207,144.79141235351562,48597200,0.0,0.0
2021-08-27 00:00:00-04:00,144.73251987566385,145.97886462702738,144.0946350284485,145.8316650390625,55802400,0.0,0.0
2021-08-30 00:00:00-04:00,146.2241547276338,150.63051216360927,145.84142096189126,150.26739501953125,90956700,0.0,0.0
2021-08-31 00:00:00-04:00,149.81598870433032,149.95337994286723,148.47150125451728,149.00144958496094,86453100,0.0,0.0
2021-09-01 00:00:00-04:00,149.9828690186599,152.09280979667415,149.50199203888408,149.6688232421875,80313700,0.0,0.0
2021-09-02 00:00:00-04:00,151.00348512126232,151.83765609727,149.56086918246524,150.78758239746094,71115500,0.0,0.0
2021-09-03 00:00:00-04:00,150.89549719045843,151.749299563858,150.23798086351027,151.42544555664062,57808700,0.0,0.0
2021-09-07 00:00:00-04:00,152.08296162989393,154.33029310259397,151.51376504008468,153.7709197998047,82278300,0.0,0.0
2021-09-08 00:00:00-04:00,154.05552533708556,154.11440516674327,151.11141405800635,152.22036743164062,74420200,0.0,0.0
2021-09-09 00:00:00-04:00,152.59328165383056,153.20172648114232,151.08196292373444,151.19973754882812,57305700,0.0,0.0
2021-09-10 00:00:00-04:00,152.11242604398817,152.58347968661215,145.92978895826295,146.19476318359375,140893200,0.0,0.0
2021-09-13 00:00:00-04:00,147.82379762575624,148.59907349291072,145.97881686280323,146.763916015625,102404300,0.0,0.0
2021-09-14 00:00:00-04:00,147.54906273042073,148.25565069827465,144.17314576723558,145.360595703125,109296300,0.0,0.0
2021-09-15 00:00:00-04:00,145.79240150994914,146.6560123561671,143.64319768326396,146.25364685058594,83281300,0.0,0.0
2021-09-16 00:00:00-04:00,145.67465671034486,146.19478193913181,144.47738336024315,146.01812744140625,68034100,0.0,0.0
2021-09-17 00:00:00-04:00,146.04755063760766,146.04755063760766,143.04454462427765,143.33895874023438,129868800,0.0,0.0
2021-09-20 00:00:00-04:00,141.12107882598275,142.14169754222866,138.63821269534515,140.277099609375,123478900,0.0,0.0
2021-09-21 00:00:00-04:00,141.24865034298253,141.9061817623882,140.1200802460814,140.75796508789062,75834000,0.0,0.0
2021-09-22 00:00:00-04:00,141.75896115358555,143.70207048798758,141.0229333023473,143.1328887939453,76404300,0.0,0.0
2021-09-23 00:00:00-04:00,143.9179652896226,144.33996235458966,142.92678656185444,144.09461975097656,64838200,0.0,0.0
2021-09-24 00:00:00-04:00,142.94640117881744,144.7226790220036,142.8482581592234,144.18292236328125,53477900,0.0,0.0
2021-09-27 00:00:00-04:00,142.75991668628905,143.24079344983423,141.1406619312305,142.66177368164062,74150700,0.0,0.0
2021-09-28 00:00:00-04:00,140.58136011708976,142.0534162439703,139.05042414105873,139.26632690429688,108972300,0.0,0.0
2021-09-29 00:00:00-04:00,139.81583449417113,141.75894358779652,139.3840291456937,140.16912841796875,74602000,0.0,0.0
2021-09-30 00:00:00-04:00,140.9836859376015,141.69027387708846,138.64801941682376,138.86392211914062,89056700,0.0,0.0
2021-10-01 00:00:00-04:00,139.25644963882814,140.25745160999782,136.51843289284824,139.9924774169922,94639600,0.0,0.0
2021-10-04 00:00:00-04:00,139.11906783458025,139.56069651109203,135.69409459126777,136.54788208007812,98322000,0.0,0.0
2021-10-05 00:00:00-04:00,136.89135547952526,139.59012394137855,136.76377254220841,138.48117065429688,80861100,0.0,0.0
2021-10-06 00:00:00-04:00,136.87176301965528,139.50182912135037,135.79224933640586,139.35462951660156,83221100,0.0,0.0
2021-10-07 00:00:00-04:00,140.39483345627966,141.5332266041183,140.06117114642012,140.62054443359375,61732700,0.0,0.0
2021-10-08 00:00:00-04:00,141.3467614453176,141.49396099877396,139.9041459233565,140.23780822753906,58773200,0.0,0.0
2021-10-11 00:00:00-04:00,139.61957218353604,142.1122464318601,139.16813520692153,140.14950561523438,64452200,0.0,0.0
2021-10-12 00:00:00-04:00,140.56170741611578,140.5813390210631,138.41250339746108,138.87374877929688,73035900,0.0,0.0
2021-10-13 00:00:00-04:00,138.60878144560903,138.76578935248517,136.6067771440449,138.28492736816406,78762700,0.0,0.0
2021-10-14 00:00:00-04:00,139.4625622924774,141.1995922695785,138.8737340029269,141.08181762695312,69907100,0.0,0.0
2021-10-15 00:00:00-04:00,141.09161936901995,142.2005576815035,140.83645349440351,142.1416778564453,67940300,0.0,0.0
2021-10-18 00:00:00-04:00,140.77758515544568,144.1044303133813,140.4929943196034,143.81983947753906,85589200,0.0,0.0
2021-10-19 00:00:00-04:00,144.2712493533105,146.39101289718135,143.81982737932438,145.9886474609375,76378900,0.0,0.0
2021-10-20 00:00:00-04:00,145.92975937341998,146.96020117455672,145.36056280732043,146.4793243408203,58418800,0.0,0.0
2021-10-21 00:00:00-04:00,146.03775024713434,146.85228960669923,145.1152595272771,146.6952667236328,61421000,0.0,0.0
2021-10-22 00:00:00-04:00,146.9013226931811,147.3821845567822,145.8708808826435,145.91995239257812,58883400,0.0,0.0
2021-10-25 00:00:00-04:00,145.91014361287867,146.5872915835432,144.86989338673706,145.8708953857422,50720600,0.0,0.0
2021-10-26 00:00:00-04:00,146.54804683877686,148.02991078440542,146.23400111612685,146.53823852539062,60893400,0.0,0.0
2021-10-27 00:00:00-04:00,146.57744344951314,146.9405456063458,145.72365622689802,146.0769500732422,56094900,0.0,0.0
2021-10-28 00:00:00-04:00,147.0289379884622,150.316520234439,146.93079494698944,149.7277069091797,100077900,0.0,0.0
2021-10-29 00:00:00-04:00,144.47737010607145,147.14669913605402,143.6824623755483,147.00930786132812,124953200,0.0,0.0
2021-11-01 00:00:00-04:00,146.21442222208498,146.91118701542294,145.04658872320596,146.1849822998047,74588300,0.0,0.0
2021-11-02 00:00:00-04:00,145.89050976722584,148.74630088273378,145.88068648070822,147.2251739501953,69122000,0.0,0.0
2021-11-03 00:00:00-04:00,147.5883026678542,149.13886978936398,147.02892929321277,148.66781616210938,54511500,0.0,0.0
2021-11-04 00:00:00-04:00,148.7561193854356,149.59027519786,147.83362886091194,148.14767456054688,60394600,0.0,0.0
2021-11-05 00:00:00-04:00,149.2779313873801,149.58259788595123,147.47940028676322,148.6784210205078,65463900,0.22,0.0
2021-11-08 00:00:00-05:00,148.80613336618327,148.96338536873958,147.57763021441775,147.85281372070312,55020900,0.0,0.0
2021-11-09 00:00:00-05:00,147.61693578465963,148.82577868756664,147.47934403145373,148.21644592285156,56787900,0.0,0.0
2021-11-10 00:00:00-05:00,147.44005113894966,147.54816002545584,145.3073712836708,145.37615966796875,65187100,0.0,0.0
2021-11-11 00:00:00-05:00,146.39827730607036,146.86018071692627,145.14027622083057,145.32701110839844,41000000,0.0,0.0
2021-11-12 00:00:00-05:00,145.8774137755265,147.81353650941713,144.94375410603553,147.4105987548828,63804000,0.0,0.0
2021-11-15 00:00:00-05:00,147.78402707270035,149.26806864568343,146.86019019858912,147.42039489746094,59222800,0.0,0.0
2021-11-16 00:00:00-05:00,147.36144499767522,148.88479224149762,146.77175735607312,148.40321350097656,59256200,0.0,0.0
2021-11-17 00:00:00-05:00,148.40320352046666,152.33441420975052,148.39338089243975,150.8503875732422,88807000,0.0,0.0
2021-11-18 00:00:00-05:00,151.06658220398245,155.9412743134846,150.4179289405513,155.155029296875,137827700,0.0,0.0
2021-11-19 00:00:00-05:00,154.9388192362829,158.25087409630834,153.8380851561955,157.78895568847656,117305600,0.0,0.0
2021-11-22 00:00:00-05:00,158.89953867509402,162.85040986078795,158.23124001490817,158.2509002685547,117467900,0.0,0.0
2021-11-23 00:00:00-05:00,158.34916461294523,159.01747824025801,156.32459347097884,158.63418579101562,96041900,0.0,0.0
2021-11-24 00:00:00-05:00,157.9855374355737,159.35163261820963,156.89462581516804,159.1550750732422,69463600,0.0,0.0
2021-11-26 00:00:00-05:00,156.82584169085234,157.69069791152225,153.67103827148128,154.11329650878906,76959800,0.0,0.0
2021-11-29 00:00:00-05:00,156.62928057297538,158.41798890304915,156.0592531379974,157.4843292236328,88748200,0.0,0.0
2021-11-30 00:00:00-05:00,157.23862543740984,162.6735237240053,157.16982204311796,162.45730590820312,174048100,0.0,0.0
2021-12-01 00:00:00-05:00,164.59975720567897,167.37126743212877,161.70049285277028,161.93637084960938,152052500,0.0,0.0
2021-12-02 00:00:00-05:00,156.0101124031017,161.3762069674829,155.08627542774454,160.9437713623047,136739200,0.0,0.0
2021-12-03 00:00:00-05:00,161.19931100266786,162.1231479856483,156.97325618498053,159.05679321289062,118023100,0.0,0.0
2021-12-06 00:00:00-05:00,161.46465859062198,164.99293189077792,161.4548359617341,162.47695922851562,107497000,0.0,0.0
2021-12-07 00:00:00-05:00,166.17226851871695,168.62927506471814,165.44498918240458,168.23614501953125,120405400,0.0,0.0
2021-12-08 00:00:00-05:00,169.16982694435688,172.93396293794615,167.76441134011625,172.069091796875,116998900,0.0,0.0
2021-12-09 00:00:00-05:00,171.9020008134574,173.71035393992497,170.9290208721844,171.55801391601562,108923700,0.0,0.0
2021-12-10 00:00:00-05:00,172.19686362537885,176.54084965789616,171.68580203438307,176.3639373779297,115402700,0.0,0.0
2021-12-13 00:00:00-05:00,178.00522669948663,178.99786706027314,172.51136300579722,172.71775817871094,153237000,0.0,0.0
2021-12-14 00:00:00-05:00,172.23617743924208,174.68336162152622,169.24846375567876,171.33200073242188,139380400,0.0,0.0
2021-12-15 00:00:00-05:00,172.0986064231299,176.41311030368223,169.34675546368476,176.216552734375,131063300,0.0,0.0
2021-12-16 00:00:00-05:00,176.19685561719783,178.02486912244925,167.81355032065514,169.29757690429688,150185800,0.0,0.0
2021-12-17 00:00:00-05:00,167.0076709220657,170.48680119696434,166.77180785012712,168.19686889648438,195432700,0.0,0.0
2021-12-20 00:00:00-05:00,165.38601329267868,167.6464621757935,164.58012299307805,166.8307342529297,107499100,0.0,0.0
2021-12-21 00:00:00-05:00,168.60964463381248,170.22144061319776,166.21160342137523,170.0150604248047,91185900,0.0,0.0
2021-12-22 00:00:00-05:00,170.06415307573488,172.83566356965642,169.18945937305884,172.61944580078125,92135300,0.0,0.0
2021-12-23 00:00:00-05:00,172.82586089930805,173.80866359990947,172.25583353339374,173.2484588623047,68356600,0.0,0.0
2021-12-27 00:00:00-05:00,174.04450453910178,177.31723891588942,174.0248592849785,177.22879028320312,74919600,0.0,0.0
2021-12-28 00:00:00-05:00,177.0617441326432,178.21162153170226,175.45977087759823,176.20669555664062,79144300,0.0,0.0
2021-12-29 00:00:00-05:00,176.2460228777558,177.52366948045372,175.076485179818,176.295166015625,62348900,0.0,0.0
2021-12-30 00:00:00-05:00,176.3835852641225,177.46467413151436,175.0273128661905,175.1354217529297,59773000,0.0,0.0
2021-12-31 00:00:00-05:00,175.02732773011687,176.1477221985718,174.21159969660636,174.5162811279297,64062300,0.0,0.0
2022-01-03 00:00:00-05:00,174.77179035001552,179.7349465415521,174.65385883537695,178.87989807128906,104487900,0.0,0.0
2022-01-04 00:00:00-05:00,179.48923847391032,179.7939048717263,176.0395918494563,176.609619140625,99310400,0.0,0.0
2022-01-05 00:00:00-05:00,176.52121279952414,177.07157997213048,171.63668164807183,171.911865234375,94537600,0.0,0.0
2022-01-06 00:00:00-05:00,169.73004270966848,172.28533602057317,168.68827412789958,169.04208374023438,96904000,0.0,0.0
2022-01-07 00:00:00-05:00,169.91674077523325,171.14524402422893,168.08872734087262,169.20912170410156,86709100,0.0,0.0
2022-01-10 00:00:00-05:00,166.17228843262194,169.53347199078678,165.27793434356843,169.2288055419922,106765600,0.0,0.0
2022-01-11 00:00:00-05:00,169.35656184948618,172.1673630652104,167.88235785704865,172.069091796875,76138300,0.0,0.0
2022-01-12 00:00:00-05:00,173.09120251884048,174.13297095610363,171.8135710369917,172.5113525390625,74805200,0.0,0.0
2022-01-13 00:00:00-05:00,172.7570637657418,173.5826144650006,168.835675449693,169.2288055419922,84505800,0.0,0.0
2022-01-14 00:00:00-05:00,168.39338399296278,170.79142459551545,168.14768335739595,170.09364318847656,80440800,0.0,0.0
2022-01-18 00:00:00-05:00,168.56051308110673,169.5727988269632,166.49663607341066,166.8799285888672,90956700,0.0,0.0
2022-01-19 00:00:00-05:00,167.07644696659617,168.13787560571404,163.08627069140266,163.37127685546875,94815000,0.0,0.0
2022-01-20 00:00:00-05:00,164.10838623013277,166.76195044943782,161.3565357449214,161.6808624267578,91420500,0.0,0.0
2022-01-21 00:00:00-05:00,161.59243259966877,163.4695895238368,159.50889548799853,159.61700439453125,122848900,0.0,0.0
2022-01-24 00:00:00-05:00,157.26811587232896,159.50890516515202,152.03959752482095,158.84059143066406,162294600,0.0,0.0
2022-01-25 00:00:00-05:00,156.24595097657829,159.960943553215,154.31966630533267,157.03219604492188,115798400,0.0,0.0
2022-01-26 00:00:00-05:00,160.6882161425736,161.56290980795944,155.10590488401596,156.94374084472656,108275300,0.0,0.0
2022-01-27 00:00:00-05:00,159.65627489219415,161.02236986801861,155.55798996472078,156.48182678222656,121954600,0.0,0.0
2022-01-28 00:00:00-05:00,162.8602584781643,167.4204628672782,160.0002987329338,167.4008026123047,179935700,0.0,0.0
2022-01-31 00:00:00-05:00,167.23370276509192,171.9904639988434,166.59487204384064,171.7742462158203,115541600,0.0,0.0
2022-02-01 00:00:00-05:00,171.01749012376968,171.83321815334287,169.3467285555597,171.607177734375,86213900,0.0,0.0
2022-02-02 00:00:00-05:00,171.7447582622127,172.8553300243515,170.34918033798783,172.81600952148438,84914300,0.0,0.0
2022-02-03 00:00:00-05:00,171.47938931840278,173.20913145041823,169.15997463841794,169.9265594482422,89418100,0.0,0.0
2022-02-04 00:00:00-05:00,168.94254971739127,171.32397595384197,167.958494749283,169.6412353515625,82465400,0.22,0.0
2022-02-07 00:00:00-05:00,170.1036989608729,171.17631499855844,168.22415084791191,168.92283630371094,77251200,0.0,0.0
2022-02-08 00:00:00-05:00,168.99170657969145,172.55399474420673,168.69648717156835,172.0422821044922,74829200,0.0,0.0
2022-02-09 00:00:00-05:00,173.24283360976247,173.8332574227617,172.1111616910851,173.4691619873047,71285000,0.0,0.0
2022-02-10 00:00:00-05:00,171.36331383328056,172.68194375053233,168.8146153330359,169.37551879882812,90865900,0.0,0.0
2022-02-11 00:00:00-05:00,169.58219989720624,170.32024114696839,165.36059553989367,165.95103454589844,98670700,0.0,0.0
2022-02-14 00:00:00-05:00,164.70127745101004,166.87604556697002,163.90419531846183,166.1872100830078,86185500,0.0,0.0
2022-02-15 00:00:00-05:00,168.24384864689935,170.19227292675632,167.5353279968633,170.03482055664062,62527400,0.0,0.0
2022-02-16 00:00:00-05:00,169.1098249151892,170.57605697053586,167.33852325607717,169.7986602783203,61177400,0.0,0.0
2022-02-17 00:00:00-05:00,168.30292228706756,169.16889547575568,165.7837439368702,166.1872100830078,69589300,0.0,0.0
2022-02-18 00:00:00-05:00,167.1122232569253,167.82072902550368,163.5400988885513,164.6324005126953,82772700,0.0,0.0
2022-02-22 00:00:00-05:00,162.3493548856938,164.03209518170536,159.5644780309518,161.69989013671875,91162800,0.0,0.0
2022-02-23 00:00:00-05:00,162.90043598288878,163.50071005203375,157.20276491304196,157.51766967773438,90009200,0.0,0.0
2022-02-24 00:00:00-05:00,150.14708038143124,160.25332719300383,149.57632680623354,160.14508056640625,141147500,0.0,0.0
2022-02-25 00:00:00-05:00,161.22754578023935,162.48713480856267,158.30490162446958,162.22145080566406,91974200,0.0,0.0
2022-02-28 00:00:00-05:00,160.45998619224247,162.78235630766343,159.84002681342048,162.4871368408203,95056600,0.0,0.0
2022-03-01 00:00:00-05:00,162.07381467213503,163.9435277104657,159.38734940316522,160.5977325439453,83474400,0.0,0.0
2022-03-02 00:00:00-05:00,161.76882274389888,164.69146769070178,160.35178094963206,163.9042205810547,79724800,0.0,0.0
2022-03-03 00:00:00-05:00,165.7836946470823,166.2166811126935,162.91025675723336,163.57940673828125,76678400,0.0,0.0
2022-03-04 00:00:00-05:00,161.86718160657645,162.9102773059474,159.51529120397137,160.56822204589844,83737200,0.0,0.0
2022-03-07 00:00:00-05:00,160.75520922600182,162.3887439653584,156.50408484630077,156.75994873046875,96418800,0.0,0.0
2022-03-08 00:00:00-05:00,156.28759642734667,160.28285666328267,153.3157466151268,154.92959594726562,131148300,0.0,0.0
2022-03-09 00:00:00-05:00,158.905153435018,160.80438687004462,156.86816795403388,160.35171508789062,91454900,0.0,0.0
2022-03-10 00:00:00-05:00,157.64559087729302,157.83256370946663,153.49287802702014,155.9923858642578,105342000,0.0,0.0
2022-03-11 00:00:00-05:00,156.39582947431037,156.74025467661986,152.03647371376925,152.26280212402344,96970100,0.0,0.0
2022-03-14 00:00:00-04:00,149.035105347276,151.66253001815127,147.70664029732,148.2183380126953,108732100,0.0,0.0
2022-03-15 00:00:00-04:00,148.4938731423045,153.08942257610076,147.98217542358523,152.6170654296875,92964300,0.0,0.0
2022-03-16 00:00:00-04:00,154.54582575293017,157.44878471807237,151.99712715402308,157.04531860351562,102300200,0.0,0.0
2022-03-17 00:00:00-04:00,156.08092377543556,158.43281401642653,155.11655432923627,158.05886840820312,75615400,0.0,0.0
2022-03-18 00:00:00-04:00,157.95062419024276,161.85732279036876,157.212583119924,161.36529541015625,123511700,0.0,0.0
2022-03-21 00:00:00-04:00,160.90280343219604,163.69753062342352,160.410776006235,162.7429962158203,95811400,0.0,0.0
2022-03-22 00:00:00-04:00,162.87090921607214,166.71856719819857,162.28048532842047,166.12814331054688,81532000,0.0,0.0
2022-03-23 00:00:00-04:00,165.31138391398235,169.88723307812018,164.9767938445975,167.49598693847656,98062700,0.0,0.0
2022-03-24 00:00:00-04:00,168.33244889860822,171.36334015450248,167.49601114298855,171.29446411132812,90131400,0.0,0.0
2022-03-25 00:00:00-04:00,171.10744910627062,172.4851197852727,169.99546240540764,171.93405151367188,80546200,0.0,0.0
2022-03-28 00:00:00-04:00,169.42473266654576,172.92796575635768,169.25744513309817,172.800048828125,90371900,0.0,0.0
2022-03-29 00:00:00-04:00,173.87266694795463,176.1556665638957,173.52824171831267,176.10647583007812,100589400,0.0,0.0
2022-03-30 00:00:00-04:00,175.7030016679424,176.74609743731983,173.88249413539714,174.93544006347656,92633200,0.0,0.0
2022-03-31 00:00:00-04:00,175.0042983977884,175.19127120838715,171.6191475535364,171.8258056640625,103049300,0.0,0.0
2022-04-01 00:00:00-04:00,171.25505972274473,172.09151232886626,169.1983887454629,171.5305938720703,78751300,0.0,0.0
2022-04-04 00:00:00-04:00,171.78643960271984,175.64393230157518,171.6585076842211,175.5947265625,76468400,0.0,0.0
2022-04-05 00:00:00-04:00,174.66972709725982,175.4569739407951,171.638836509714,172.2686309814453,73401800,0.0,0.0
2022-04-06 00:00:00-04:00,169.6116814961237,170.86143526379934,167.41724355380708,169.0901336669922,89058800,0.0,0.0
2022-04-07 00:00:00-04:00,168.43081790840108,170.5957353976524,167.14170856316215,169.3951873779297,77594700,0.0,0.0
2022-04-08 00:00:00-04:00,169.04095440141643,169.04095440141643,166.50209088425444,167.37789916992188,76575500,0.0,0.0
2022-04-11 00:00:00-04:00,166.0198795202021,166.33476922464124,162.8610572412183,163.10707092285156,72246700,0.0,0.0
2022-04-12 00:00:00-04:00,165.34090892509556,167.1614014854587,163.98290835466773,164.9866485595703,79265200,0.0,0.0
2022-04-13 00:00:00-04:00,164.72093797881234,168.3127321148904,164.11082878699807,167.6829376220703,70618900,0.0,0.0
2022-04-14 00:00:00-04:00,167.8994330781819,168.5390777375964,162.4084052337266,162.6544189453125,75329400,0.0,0.0
2022-04-18 00:00:00-04:00,161.30627040967605,163.9435452353402,160.9618602189061,162.4379425048828,69023900,0.0,0.0
2022-04-19 00:00:00-04:00,162.38874866299832,165.14410546856962,161.2964470906838,164.7307891845703,67723800,0.0,0.0
2022-04-20 00:00:00-04:00,166.06909457220715,166.18719136722032,163.45152002793873,164.56349182128906,67929800,0.0,0.0
2022-04-21 00:00:00-04:00,166.21672062047585,168.79493971335873,163.26455585195845,163.76641845703125,87227800,0.0,0.0
2022-04-22 00:00:00-04:00,163.8057851903542,165.1932911869879,158.92486628163977,159.21023559570312,84882400,0.0,0.0
2022-04-25 00:00:00-04:00,158.55089100434944,160.56820617483112,155.93331687209525,160.2828369140625,96046400,0.0,0.0
2022-04-26 00:00:00-04:00,159.66290065876512,159.7514619922399,154.22107849702726,154.2998046875,95623200,0.0,0.0
2022-04-27 00:00:00-04:00,153.42402167042658,157.24214493496905,152.90247371141064,154.07350158691406,88063200,0.0,0.0
2022-04-28 00:00:00-04:00,156.7107608125128,161.89673493510335,156.39585600093417,161.03076171875,130216800,0.0,0.0
2022-04-29 00:00:00-04:00,159.25943807460507,163.54991794930683,154.7426297819827,155.13624572753906,131747600,0.0,0.0
2022-05-02 00:00:00-04:00,154.21123096519486,155.70698341755673,150.8260801242461,155.44129943847656,123055300,0.0,0.0
2022-05-03 00:00:00-04:00,155.6282627909498,158.14745572719883,153.8274556953841,156.9370574951172,88966500,0.0,0.0
2022-05-04 00:00:00-04:00,157.12401860863298,163.82542898874118,156.7205525613251,163.37277221679688,108256500,0.0,0.0
2022-05-05 00:00:00-04:00,161.23737293708814,161.46370131983915,152.479276862281,154.270263671875,130525300,0.0,0.0
2022-05-06 00:00:00-04:00,153.7479219194113,157.12819632922913,151.94445426643958,154.99951171875,116124600,0.23,0.0
2022-05-09 00:00:00-04:00,152.68359108165603,153.57055058807703,149.293481863643,149.85520935058594,131577900,0.0,0.0
2022-05-10 00:00:00-04:00,153.26506437118704,154.46737635991622,150.71260627459526,152.2696990966797,115366700,0.0,0.0
2022-05-11 00:00:00-04:00,151.2743754728662,153.1960990593114,143.69587178095387,144.37586975097656,142689800,0.0,0.0
2022-05-12 00:00:00-04:00,140.6999427258126,144.08020299470905,136.78750364436277,140.49298095703125,182602000,0.0,0.0
2022-05-13 00:00:00-04:00,142.49353909158592,145.95265608735048,141.03500230205145,144.9770050048828,113990900,0.0,0.0
2022-05-16 00:00:00-04:00,143.43962842487466,145.38106598701418,142.08948225415682,143.4297637939453,86643800,0.0,0.0
2022-05-17 00:00:00-04:00,146.7016310302499,147.5984402531948,144.5532317399834,147.0761260986328,78336300,0.0,0.0
2022-05-18 00:00:00-04:00,144.72079733304852,145.22339732349553,137.8715547980024,138.77822875976562,109742900,0.0,0.0
2022-05-19 00:00:00-04:00,137.85182041341724,139.6060101724561,134.61937984366847,135.35850524902344,136095600,0.0,0.0
2022-05-20 00:00:00-04:00,137.073251872964,138.65990817455904,130.68721326570923,135.59500122070312,137426100,0.0,0.0
2022-05-23 00:00:00-04:00,135.792118107207,141.18280747509044,135.6541486277064,141.0349884033203,117726300,0.0,0.0
2022-05-24 00:00:00-04:00,138.76833186496543,139.9115161270146,135.33879411636306,138.32485961914062,104132700,0.0,0.0
2022-05-25 00:00:00-04:00,136.42285136269513,139.73413423560646,136.33415991086508,138.48255920410156,92482700,0.0,0.0
2022-05-26 00:00:00-04:00,135.3979334424933,142.2471599393567,135.1515582804655,141.69528198242188,90601500,0.0,0.0
2022-05-27 00:00:00-04:00,143.28194375102797,147.50973506608682,143.15382385017716,147.47032165527344,90978500,0.0,0.0
2022-05-31 00:00:00-04:00,146.9085912630533,148.47553371046925,144.71091395436392,146.68191528320312,103718400,0.0,0.0
2022-06-01 00:00:00-04:00,147.72653558588104,149.53986813880326,145.53872302627965,146.55380249023438,74286600,0.0,0.0
2022-06-02 00:00:00-04:00,145.68655087325112,149.07667523553576,144.73061411862278,149.01754760742188,72348100,0.0,0.0
2022-06-03 00:00:00-04:00,144.770044944171,145.82453789756687,142.3654358987846,143.2720947265625,88570300,0.0,0.0
2022-06-06 00:00:00-04:00,144.89816741340283,146.4158469197131,142.79904610031343,144.0210723876953,71598400,0.0,0.0
2022-06-07 00:00:00-04:00,142.25701922442352,146.83959105092737,142.0106440716535,146.55380249023438,67808200,0.0,0.0
2022-06-08 00:00:00-04:00,146.42571823999276,147.69700772120802,145.32196209893456,145.81471252441406,53950200,0.0,0.0
2022-06-09 00:00:00-04:00,144.9474644884546,145.80484540213257,140.4634326856499,140.57183837890625,69473000,0.0,0.0
2022-06-10 00:00:00-04:00,138.2460293933542,138.71906549283727,135.07271611079338,135.14170837402344,91437900,0.0,0.0
2022-06-13 00:00:00-04:00,130.94345514835987,133.23967326736573,129.5341965596281,129.9678192138672,122207100,0.0,0.0
2022-06-14 00:00:00-04:00,131.1997285355144,131.9487037426672,129.5736431654767,130.8350830078125,84784300,0.0,0.0
2022-06-15 00:00:00-04:00,132.34286902822936,135.3486488673454,130.24376297463832,133.46633911132812,91533000,0.0,0.0
2022-06-16 00:00:00-04:00,130.16492507881696,130.47042786825955,127.16899474112004,128.17420959472656,108123900,0.0,0.0
2022-06-17 00:00:00-04:00,128.18407944512376,131.15043105016284,127.92783964673345,129.6524658203125,134520300,0.0,0.0
2022-06-21 00:00:00-04:00,131.48548988632155,135.07271151353063,131.3869488476208,133.89996337890625,81000500,0.0,0.0
2022-06-22 00:00:00-04:00,132.83560404391164,135.7625416936952,131.96837384076605,133.3874969482422,73409200,0.0,0.0
2022-06-23 00:00:00-04:00,134.8361944256016,136.58051959738074,133.6634463480769,136.26516723632812,72433800,0.0,0.0
2022-06-24 00:00:00-04:00,137.87151232385762,139.85237792973814,137.7434074858847,139.6060028076172,89116800,0.0,0.0
2022-06-27 00:00:00-04:00,140.6309166991209,141.40947050604774,138.92600506455636,139.6060028076172,70207900,0.0,0.0
2022-06-28 00:00:00-04:00,140.06925213873063,141.34054172323172,135.3289950665041,135.44725036621094,67083400,0.0,0.0
2022-06-29 00:00:00-04:00,135.46691746181185,138.6303659287056,134.6883635761582,137.21124267578125,66242400,0.0,0.0
2022-06-30 00:00:00-04:00,135.2599851206719,136.36374120727302,131.8304465390549,134.7376708984375,98964500,0.0,0.0
2022-07-01 00:00:00-04:00,134.06750724522163,137.02400931509246,133.69302720857007,136.9156036376953,71051600,0.0,0.0
2022-07-05 00:00:00-04:00,135.77243576693132,139.5567548491927,134.94460374967946,139.50747680664062,73353800,0.0,0.0
2022-07-06 00:00:00-04:00,139.30050454673838,142.03033016068872,139.03441519576913,140.8477325439453,74064300,0.0,0.0
2022-07-07 00:00:00-04:00,141.21238269809453,144.42512446788226,141.20253310502923,144.22802734375,66253700,0.0,0.0
2022-07-08 00:00:00-04:00,143.15379978350074,145.41060438999426,142.89757506242208,144.90798950195312,64547800,0.0,0.0
2022-07-11 00:00:00-04:00,143.55788906254995,144.51382597051048,141.69529329047643,142.7694854736328,63141600,0.0,0.0
2022-07-12 00:00:00-04:00,143.6465763614465,146.29757564571045,142.946879286725,143.74513244628906,77588800,0.0,0.0
2022-07-13 00:00:00-04:00,140.91675656689353,144.3265807145126,140.0593606954875,143.38050842285156,71185600,0.0,0.0
2022-07-14 00:00:00-04:00,141.9909289473083,146.79031208077845,141.17296164080028,146.31727600097656,78140700,0.0,0.0
2022-07-15 00:00:00-04:00,147.60827013580402,148.67261252680902,146.05117747327142,147.99261474609375,76259900,0.0,0.0
2022-07-18 00:00:00-04:00,148.5543928665957,149.37236031781808,144.57296129769512,144.93760681152344,81420900,0.0,0.0
2022-07-19 00:00:00-04:00,145.77526390456921,149.0372688640094,144.77991359630315,148.81060791015625,82982400,0.0,0.0
2022-07-20 00:00:00-04:00,148.9288549414216,151.49116267268522,148.18972944635095,150.82101440429688,64823400,0.0,0.0
2022-07-21 00:00:00-04:00,152.25986777550145,153.31436080918664,149.73698823001865,153.09754943847656,65086600,0.0,0.0
2022-07-22 00:00:00-04:00,153.13695840464973,154.01405345612082,151.1856711624816,151.85580444335938,66675400,0.0,0.0
2022-07-25 00:00:00-04:00,151.77694330248553,152.79200772624299,150.07203146028309,150.73231506347656,53623900,0.0,0.0
2022-07-26 00:00:00-04:00,150.05232023117222,150.87028755705626,148.61349773507445,149.4019012451172,55138700,0.0,0.0
2022-07-27 00:00:00-04:00,150.36768298523742,155.04881082380393,149.9537745387539,154.51663208007812,78620700,0.0,0.0
2022-07-28 00:00:00-04:00,154.70389699283152,155.3543310693815,152.17116799178928,155.06854248046875,81378700,0.0,0.0
2022-07-29 00:00:00-04:00,158.90214195015406,161.257488076031,157.1873652790473,160.15371704101562,101786900,0.0,0.0
2022-08-01 00:00:00-04:00,158.6754929629622,161.21808706491137,158.55723766812045,159.16824340820312,67829400,0.0,0.0
2022-08-02 00:00:00-04:00,157.77866315380257,160.05516729364513,157.31547663627524,157.68995666503906,59907000,0.0,0.0
2022-08-03 00:00:00-04:00,158.50793002421338,164.17455908657996,158.41923856963987,163.7212371826172,82507500,0.0,0.0
2022-08-04 00:00:00-04:00,163.60296566260632,164.76586430720064,162.04587275334626,163.40586853027344,55474100,0.0,0.0
2022-08-05 00:00:00-04:00,161.06696358309944,163.67229823207953,160.85971438057993,163.17886352539062,56697000,0.23,0.0
2022-08-08 00:00:00-04:00,164.18547392802034,165.60656841764427,162.04396891961866,162.70516967773438,60276900,0.0,0.0
2022-08-09 00:00:00-04:00,161.8663704234178,163.64273887329983,161.10647654738344,162.75454711914062,63135500,0.0,0.0
2022-08-10 00:00:00-04:00,165.47827786948693,167.11648492615134,164.70852083002953,167.01780700683594,70170500,0.0,0.0
2022-08-11 00:00:00-04:00,167.8270416248752,168.74483818248612,165.9816002931334,166.2776641845703,57149200,0.0,0.0
2022-08-12 00:00:00-04:00,167.59020942251294,169.9093440404782,167.1757109224635,169.84027099609375,68039400,0.0,0.0
2022-08-15 00:00:00-04:00,169.2678538821815,171.11329495244684,169.10008788110582,170.91592407226562,54091700,0.0,0.0
2022-08-16 00:00:00-04:00,170.5113239880509,171.42912052331732,169.40603488259293,170.75804138183594,56377100,0.0,0.0
2022-08-17 00:00:00-04:00,170.50146052110878,173.83706944158646,170.3040896179902,172.25808715820312,79542000,0.0,0.0
2022-08-18 00:00:00-04:00,171.46858522763415,172.60347919281742,170.84685258911696,171.8633270263672,62290100,0.0,0.0
2022-08-19 00:00:00-04:00,170.758051022337,171.4587350859564,169.06063405258988,169.26788330078125,70346300,0.0,0.0
2022-08-22 00:00:00-04:00,167.46192522339211,167.62969126880697,164.94540442529535,165.36976623535156,69026800,0.0,0.0
2022-08-23 00:00:00-04:00,164.88615528818852,166.49475736672866,164.4617935794401,165.0341796875,54147100,0.0,0.0
2022-08-24 00:00:00-04:00,165.12302704926418,165.90264739975865,164.06706935977206,165.33026123046875,53841500,0.0,0.0
2022-08-25 00:00:00-04:00,166.56383740879377,167.9059805666135,166.13949074062336,167.79742431640625,51218200,0.0,0.0
2022-08-26 00:00:00-04:00,168.33034343433388,168.80403659370677,161.41237837214825,161.47158813476562,78961000,0.0,0.0
2022-08-29 00:00:00-04:00,159.0340260013609,160.76104775775735,157.72150271792214,159.26101684570312,73314000,0.0,0.0
2022-08-30 00:00:00-04:00,160.00116164152158,160.4255083111715,155.64906340226676,156.8234405517578,77906200,0.0,0.0
2022-08-31 00:00:00-04:00,158.20506309707196,158.47152210531658,155.07668827346,155.1556396484375,87991100,0.0,0.0
2022-09-01 00:00:00-04:00,154.5832350896264,156.33986156326952,152.6391010050158,155.8859100341797,74229900,0.0,0.0
2022-09-02 00:00:00-04:00,157.6524290472663,158.25442014549628,152.93519325134068,153.76416015625,76957800,0.0,0.0
2022-09-06 00:00:00-04:00,154.41545987678768,155.02731410056845,151.6719640845397,152.5009307861328,73714800,0.0,0.0
2022-09-07 00:00:00-04:00,152.78715495485997,154.61285463504657,151.59303614241935,153.9121856689453,87449600,0.0,0.0
2022-09-08 00:00:00-04:00,152.60949878868428,154.3069155323693,150.6752279441013,152.43186950683594,84923800,0.0,0.0
2022-09-09 00:00:00-04:00,153.4286340066607,155.74778383324283,152.71808661547112,155.30368041992188,68028800,0.0,0.0
2022-09-12 00:00:00-04:00,157.49449766359504,162.10317635640433,157.2083121383532,161.28407287597656,104956000,0.0,0.0
2022-09-13 00:00:00-04:00,157.80046608261773,158.4320621166019,151.35620785732317,151.82003784179688,122656600,0.0,0.0
2022-09-14 00:00:00-04:00,152.75754500619573,155.037226524522,151.5930460586156,153.27072143554688,87965400,0.0,0.0
2022-09-15 00:00:00-04:00,152.61938532747467,153.2016498653033,149.39233241450626,150.36932373046875,90481100,0.0,0.0
2022-09-16 00:00:00-04:00,149.22455028716234,149.36271142090462,146.4218293394224,148.7212371826172,162278800,0.0,0.0
2022-09-19 00:00:00-04:00,147.34951500970212,152.53058102303027,147.14228080189363,152.45162963867188,81474200,0.0,0.0
2022-09-20 00:00:00-04:00,151.38577010052077,156.00432703299086,151.06997970170357,154.83981323242188,107689800,0.0,0.0
2022-09-21 00:00:00-04:00,155.27406232514645,156.6556888275703,151.5831795854477,151.70159912109375,101696800,0.0,0.0
2022-09-22 00:00:00-04:00,150.37920812092767,152.44176215818038,148.9285084725313,150.73448181152344,86652500,0.0,0.0
2022-09-23 00:00:00-04:00,149.20480341314504,149.4811256708757,146.60933178685332,148.45477294921875,96029900,0.0,0.0
2022-09-26 00:00:00-04:00,147.69491830315658,151.7509532458143,147.67517669341092,148.79034423828125,93339400,0.0,0.0
2022-09-27 00:00:00-04:00,150.7344617346572,152.68845924345578,147.98108723466274,149.76731872558594,84442700,0.0,0.0
2022-09-28 00:00:00-04:00,145.7014181025515,148.6620267188795,142.93818038229188,147.87252807617188,146691400,0.0,0.0
2022-09-29 00:00:00-04:00,144.18163918720862,144.7934934551737,138.83279327495222,140.60916137695312,128138200,0.0,0.0
2022-09-30 00:00:00-04:00,139.42490495984325,141.2210144615274,136.18797459444687,136.38534545898438,124925300,0.0,0.0
2022-10-03 00:00:00-04:00,136.39525702678367,141.1914439900878,135.88208060719077,140.57957458496094,114311700,0.0,0.0
2022-10-04 00:00:00-04:00,143.12568302717952,144.30006014683647,142.36578929238382,144.181640625,87830100,0.0,0.0
2022-10-05 00:00:00-04:00,142.17829892107557,145.44483462169993,141.13220458118386,144.47769165039062,79471000,0.0,0.0
2022-10-06 00:00:00-04:00,143.895462065149,145.60274235287363,143.31321258240413,143.52044677734375,68402200,0.0,0.0
2022-10-07 00:00:00-04:00,140.6684077127789,141.2210674225479,137.6189837955429,138.25057983398438,85925600,0.0,0.0
2022-10-10 00:00:00-04:00,138.57623291015625,140.0269324842531,136.75053311295184,138.57623291015625,74899000,0.0,0.0
2022-10-11 00:00:00-04:00,138.06302363574838,139.49399631870364,136.40509026460117,137.1551055908203,77033700,0.0,0.0
2022-10-12 00:00:00-04:00,137.30316442493086,138.51700974724292,136.3458997629281,136.52352905273438,70433700,0.0,0.0
2022-10-13 00:00:00-04:00,133.21754549496526,141.70461583345536,132.60567604457702,141.1125030517578,113224000,0.0,0.0
2022-10-14 00:00:00-04:00,142.41514824444727,142.62239748423457,136.37551116721934,136.56301879882812,88598000,0.0,0.0
2022-10-17 00:00:00-04:00,139.21769847828358,141.02365655306738,138.4281998048671,140.54010009765625,85250900,0.0,0.0
2022-10-18 00:00:00-04:00,143.57966155321216,144.77376532008952,138.76373315265158,141.8625030517578,99136600,0.0,0.0
2022-10-19 00:00:00-04:00,139.82953393185838,143.04672289831205,139.64202632814627,141.97103881835938,61758300,0.0,0.0
2022-10-20 00:00:00-04:00,141.14209572929755,143.97440668910568,140.77694373414428,141.50723266601562,64522000,0.0,0.0
2022-10-21 00:00:00-04:00,140.99403842665825,145.90865930136042,140.77692593540152,145.33627319335938,86548600,0.0,0.0
2022-10-24 00:00:00-04:00,145.25732078304517,148.25739736853123,144.08294369562876,147.48764038085938,75981900,0.0,0.0
2022-10-25 00:00:00-04:00,148.1192649256449,150.48776116501867,147.39885428402872,150.3397216796875,74732300,0.0,0.0
2022-10-26 00:00:00-04:00,148.9778530921607,149.9943276549768,146.09618038338365,147.3889923095703,88194300,0.0,0.0
2022-10-27 00:00:00-04:00,146.12577976482095,147.09290769599798,142.2375113745511,142.89871215820312,109180200,0.0,0.0
2022-10-28 00:00:00-04:00,146.2540925974477,155.43198419999183,145.87909233562314,153.69509887695312,164762400,0.0,0.0
2022-10-31 00:00:00-04:00,151.1489697996957,152.21479090339474,149.92524592690708,151.32659912109375,97943200,0.0,0.0
2022-11-01 00:00:00-04:00,153.04374586124993,153.4088828100258,147.17187450407766,148.67190551757812,80379300,0.0,0.0
2022-11-02 00:00:00-04:00,146.9942290649959,150.17195049314788,143.09609701993313,143.12570190429688,93604600,0.0,0.0
2022-11-03 00:00:00-04:00,140.1946956802254,140.92498461939732,136.92815965034873,137.05645751953125,97918500,0.0,0.0
2022-11-04 00:00:00-04:00,140.456901891493,141.03023754059535,132.83552430474884,136.78955078125,140814800,0.23,0.0
2022-11-07 00:00:00-05:00,135.5341241648205,137.55067074863877,134.1106724193432,137.3233184814453,83374600,0.0,0.0
2022-11-08 00:00:00-05:00,138.79622744381308,139.80449340378325,135.90978972981833,137.8966827392578,89908500,0.0,0.0
2022-11-09 00:00:00-05:00,136.90816917152026,136.95759752003397,133.0431046023265,133.31988525390625,74917800,0.0,0.0
2022-11-10 00:00:00-05:00,139.61672312071,145.1820068359375,137.89671564606175,145.1820068359375,118854000,0.0,0.0
2022-11-11 00:00:00-05:00,144.14406562748653,148.28589635779667,142.71071873245964,147.97946166992188,93979700,0.0,0.0
2022-11-14 00:00:00-05:00,147.25783186642536,148.5527731206919,145.73552323030617,146.5757598876953,73374100,0.0,0.0
2022-11-15 00:00:00-05:00,150.47048891741846,151.82473825025608,146.85255082741247,148.31553649902344,89868300,0.0,0.0
2022-11-16 00:00:00-05:00,147.41599873753398,148.14748399123684,145.5971350727314,147.07989501953125,64218300,0.0,0.0
2022-11-17 00:00:00-05:00,144.74701489370946,149.7389762643868,144.47023425105218,148.9877166748047,80389400,0.0,0.0
2022-11-18 00:00:00-05:00,150.5594437144723,150.94496070019653,148.246341800127,149.55116271972656,74829600,0.0,0.0
2022-11-21 00:00:00-05:00,148.43418230260116,148.64176028052393,146.02222333634097,146.3088836669922,58724100,0.0,0.0
2022-11-22 00:00:00-05:00,146.42749193221246,148.6911654782662,145.24127190945183,148.45391845703125,51804100,0.0,0.0
2022-11-23 00:00:00-05:00,147.73231865639212,150.08496935516192,147.62358231947215,149.33370971679688,58301400,0.0,0.0
2022-11-25 00:00:00-05:00,146.6054437081691,147.1688998342538,145.42911818185223,146.40774536132812,35195900,0.0,0.0
2022-11-28 00:00:00-05:00,143.47186332830165,144.95462339373816,141.73209694821898,142.56243896484375,69246000,0.0,0.0
2022-11-29 00:00:00-05:00,142.63160575157164,143.14563338917574,138.7369025521412,139.54747009277344,83763800,0.0,0.0
2022-11-30 00:00:00-05:00,139.7748396315525,147.01071582680532,138.9346179969114,146.32864379882812,111380900,0.0,0.0
2022-12-01 00:00:00-05:00,146.5065813559001,147.41600568948158,144.92496463802757,146.6054229736328,71250400,0.0,0.0
2022-12-02 00:00:00-05:00,144.28243209151336,146.29897894842466,143.9759823709456,146.1111602783203,65447400,0.0,0.0
2022-12-05 00:00:00-05:00,146.07164500360574,149.18543519719876,144.0946315261712,144.9447479248047,68826400,0.0,0.0
2022-12-06 00:00:00-05:00,145.3796777864446,145.60703008872727,140.28885957535718,141.26748657226562,64727200,0.0,0.0
2022-12-07 00:00:00-05:00,140.55576270463825,141.72219330934035,138.39093073198447,139.32012939453125,69721100,0.0,0.0
2022-12-08 00:00:00-05:00,140.72382246539036,141.87049392300491,139.47830938217072,141.01048278808594,62128300,0.0,0.0
2022-12-09 00:00:00-05:00,140.7040317435328,143.89691905591846,139.28057976630063,140.52610778808594,76097000,0.0,0.0
2022-12-12 00:00:00-05:00,141.0598951045821,142.83921008074833,139.4387448115005,142.82933044433594,70462700,0.0,0.0
2022-12-13 00:00:00-05:00,147.78174582279246,148.24634516014598,142.58220621584587,143.79806518554688,93886200,0.0,0.0
2022-12-14 00:00:00-05:00,143.67942923603562,144.97437036858227,139.53758448888027,141.56402587890625,82291200,0.0,0.0
2022-12-15 00:00:00-05:00,139.48816842184618,140.17024039649047,134.46655303010576,134.93115234375,98931900,0.0,0.0
2022-12-16 00:00:00-05:00,135.11898755239025,136.06794556798988,132.1930009902241,132.9640350341797,160156900,0.0,0.0
2022-12-19 00:00:00-05:00,133.55714671976315,133.64610870665976,129.81071279854106,130.8486328125,79592600,0.0,0.0
2022-12-20 00:00:00-05:00,129.87990467683858,131.71852788327385,128.3971445130494,130.77944946289062,77432800,0.0,0.0
2022-12-21 00:00:00-05:00,131.45162141055363,135.23760401600552,131.2242690848365,133.8932342529297,85928000,0.0,0.0
2022-12-22 00:00:00-05:00,132.80586453500828,133.0134424692819,128.802409885042,130.71022033691406,77852100,0.0,0.0
2022-12-23 00:00:00-05:00,129.41528379353238,130.89804371107982,128.14999653723166,130.344482421875,63814900,0.0,0.0
2022-12-27 00:00:00-05:00,129.8699816785815,129.8996356652832,127.2405509126804,128.53549194335938,69007800,0.0,0.0
2022-12-28 00:00:00-05:00,128.17966147970347,129.52403118980348,124.4233405593597,124.59138488769531,85438400,0.0,0.0
2022-12-29 00:00:00-05:00,126.51894753125764,128.9803266572618,126.26194126578521,128.12033081054688,75703700,0.0,0.0
2022-12-30 00:00:00-05:00,126.93414153068441,128.45643512279935,125.9654017030859,128.43666076660156,77034200,0.0,0.0
2023-01-03 00:00:00-05:00,128.7826411649236,129.39551044224086,122.74286511723291,123.63252258300781,112117500,0.0,0.0
2023-01-04 00:00:00-05:00,125.43162222007305,127.18128340928531,123.64242739714908,124.90771484375,89113600,0.0,0.0
2023-01-05 00:00:00-05:00,125.66884126386319,126.30148488412831,123.32608545003059,123.58309173583984,80962700,0.0,0.0
2023-01-06 00:00:00-05:00,124.5617315121944,128.79253144434853,123.45460129199294,128.13023376464844,87754700,0.0,0.0
2023-01-09 00:00:00-05:00,128.97047367930062,131.87668586554148,128.3971379685157,128.65414428710938,70790800,0.0,0.0
2023-01-10 00:00:00-05:00,128.7628938707127,129.75140069783342,126.64748986401109,129.2274932861328,63896200,0.0,0.0
2023-01-11 00:00:00-05:00,129.74147432770857,131.9754935222946,128.96056085226581,131.9557342529297,69458900,0.0,0.0
2023-01-12 00:00:00-05:00,132.34127780837738,132.71690008626126,129.92931912019301,131.87667846679688,71379600,0.0,0.0
2023-01-13 00:00:00-05:00,130.51253218381837,133.36931580754018,130.14678954891528,133.21115112304688,57809700,0.0,0.0
2023-01-17 00:00:00-05:00,133.28033589487055,135.7120534872366,132.58838434758803,134.37757873535156,63646600,0.0,0.0
2023-01-18 00:00:00-05:00,135.24748690824802,137.01690717262807,133.47805156045354,133.65599060058594,69672800,0.0,0.0
2023-01-19 00:00:00-05:00,132.53897616267878,134.68403382720132,132.23254150823482,133.71530151367188,58280400,0.0,0.0
2023-01-20 00:00:00-05:00,133.72521682789434,136.43373125714686,132.67740189117748,136.2854461669922,80223600,0.0,0.0
2023-01-23 00:00:00-05:00,136.5325490508029,141.67279627654958,136.3150763566329,139.48818969726562,81760300,0.0,0.0
2023-01-24 00:00:00-05:00,138.69737484670043,141.514625019409,138.6874952095744,140.89186096191406,66435100,0.0,0.0
2023-01-25 00:00:00-05:00,139.27068541615571,140.7929788466698,137.21459000886787,140.2295379638672,65799300,0.0,0.0
2023-01-26 00:00:00-05:00,141.52449124388164,142.59208020551668,140.26908361074402,142.305419921875,54105100,0.0,0.0
2023-01-27 00:00:00-05:00,141.51459443182878,145.5378080511819,141.43551210166743,144.25274658203125,70555800,0.0,0.0
2023-01-30 00:00:00-05:00,143.29392490593287,143.87714018615392,141.208175354279,141.3564453125,64015300,0.0,0.0
2023-01-31 00:00:00-05:00,141.05988522159177,142.68103540109175,140.64471427014323,142.63160705566406,65874500,0.0,0.0
2023-02-01 00:00:00-05:00,142.31530314667881,144.92496009089808,139.69576656602072,143.75851440429688,77663600,0.0,0.0
2023-02-02 00:00:00-05:00,147.18864741549214,149.44244157391893,146.46704171932092,149.0865936279297,118339000,0.0,0.0
2023-02-03 00:00:00-05:00,146.32863460622823,155.571177590554,146.13093629775682,152.72427368164062,154357300,0.0,0.0
2023-02-06 00:00:00-05:00,150.81647157748358,151.3403789118004,149.04703617157855,149.98611450195312,69858300,0.0,0.0
2023-02-07 00:00:00-05:00,148.90863720361276,153.44587898676582,148.90863720361276,152.87254333496094,83322600,0.0,0.0
2023-02-08 00:00:00-05:00,152.11141469080906,152.80336635897712,149.43255491704016,150.17393493652344,64120100,0.0,0.0
2023-02-09 00:00:00-05:00,152.0125441621068,152.55622581029445,148.69116137357645,149.135986328125,56007100,0.0,0.0
2023-02-10 00:00:00-05:00,147.9678065326758,149.82902644753565,147.73019724066455,149.5023193359375,57450700,0.23,0.0
2023-02-13 00:00:00-05:00,149.44290943263957,152.71985991539307,149.41321016170093,152.31396484375,62199000,0.0,0.0
2023-02-14 00:00:00-05:00,150.60120648274088,152.2347417014366,149.35379194828116,151.67042541503906,61707600,0.0,0.0
2023-02-15 00:00:00-05:00,151.58135329250317,153.94749097395436,151.35365383790918,153.77919006347656,65573800,0.0,0.0
2023-02-16 00:00:00-05:00,151.97733873436857,154.76919088525318,151.8189476677602,152.17535400390625,68167900,0.0,0.0
2023-02-17 00:00:00-05:00,150.8289163610091,151.4724206020355,149.3438926296166,151.02691650390625,59144100,0.0,0.0
2023-02-21 00:00:00-05:00,148.70038717333577,149.7894107206676,146.92826533516197,146.99755859375,58867200,0.0,0.0
2023-02-22 00:00:00-05:00,147.3836697109664,148.4528887502369,145.69075089528818,147.42327880859375,51011300,0.0,0.0
2023-02-23 00:00:00-05:00,148.591484366889,148.83898834448985,145.7699480861059,147.9083709716797,48394200,0.0,0.0
2023-02-24 00:00:00-05:00,145.64123957502227,145.720442659753,144.26511807901926,145.2452392578125,55469600,0.0,0.0
2023-02-27 00:00:00-05:00,146.23525087875586,147.68066559008122,145.97783708430148,146.44314575195312,44998500,0.0,0.0
2023-02-28 00:00:00-05:00,145.58185657335414,147.59158785522064,145.36405184371336,145.93826293945312,50547000,0.0,0.0
2023-03-01 00:00:00-05:00,145.36402012374026,145.7600203967964,143.5621841365181,143.85919189453125,55479000,0.0,0.0
2023-03-02 00:00:00-05:00,142.9385237056633,145.24526294031543,142.4633051197938,144.4532470703125,52238100,0.0,0.0
2023-03-03 00:00:00-05:00,146.56195681168307,149.6013130753249,145.85905393614254,149.52210998535156,70732300,0.0,0.0
2023-03-06 00:00:00-05:00,152.25454983701871,154.73949959731118,151.92785785960842,152.29415893554688,87558000,0.0,0.0
2023-03-07 00:00:00-05:00,152.16546570634722,152.49217281957698,149.62113228238874,150.08644104003906,56182000,0.0,0.0
2023-03-08 00:00:00-05:00,151.28433620073233,151.93775035888638,150.31412479121082,151.34373474121094,47204800,0.0,0.0
2023-03-09 00:00:00-05:00,152.02685072996366,152.99706215582498,148.73009571987657,149.0865020751953,53833600,0.0,0.0
2023-03-10 00:00:00-05:00,148.7103138108838,149.43302127956616,146.1362661024609,147.0173797607422,68572400,0.0,0.0
2023-03-13 00:00:00-04:00,146.33423617376167,151.61102231566625,146.2253338291279,148.96768188476562,84457100,0.0,0.0
2023-03-14 00:00:00-04:00,149.76962498664284,151.86845415267095,148.60141331315802,151.06654357910156,73695900,0.0,0.0
2023-03-15 00:00:00-04:00,149.68052309089944,151.71995365613,148.42319852737018,151.46255493164062,77167900,0.0,0.0
2023-03-16 00:00:00-04:00,150.64082983435895,154.89790141964556,150.1260173130943,154.2939910888672,76161100,0.0,0.0
2023-03-17 00:00:00-04:00,154.52168788730708,155.17510202547024,152.7396561952458,153.4524688720703,98944600,0.0,0.0
2023-03-20 00:00:00-04:00,153.5217825705538,156.24432646768744,152.6109545912959,155.82850646972656,73641400,0.0,0.0
2023-03-21 00:00:00-04:00,155.7493352646716,157.80855539502778,154.97710883273007,157.68975830078125,73938300,0.0,0.0
2023-03-22 00:00:00-04:00,157.70953600837723,160.52117754091816,156.2344068779623,156.25421142578125,75701800,0.0,0.0
2023-03-23 00:00:00-04:00,157.24423866782476,159.9370833205621,156.10571123599644,157.34323120117188,67622100,0.0,0.0
2023-03-24 00:00:00-04:00,157.27393337455686,158.73915274100096,156.27402271003157,158.65005493164062,59196500,0.0,0.0
2023-03-27 00:00:00-04:00,158.34316780021032,159.1648829259014,156.2938273470206,156.69973754882812,52390300,0.0,0.0
2023-03-28 00:00:00-04:00,156.39280108462546,156.90761354343223,154.4226641545453,156.07598876953125,45992200,0.0,0.0
2023-03-29 00:00:00-04:00,157.77883979840226,159.44207447801494,157.75905035570605,159.1648712158203,51305700,0.0,0.0
2023-03-30 00:00:00-04:00,159.9172681392784,160.8478855082498,159.65986944195512,160.73898315429688,49501700,0.0,0.0
2023-03-31 00:00:00-04:00,160.8181856716707,163.35262396586768,160.29347845168977,163.2536163330078,68749800,0.0,0.0
2023-04-03 00:00:00-04:00,162.62994654998397,164.62976816550022,162.5804427244333,164.51097106933594,56976200,0.0,0.0
2023-04-04 00:00:00-04:00,164.93665022196166,165.1742443629799,163.461521135219,163.97633361816406,46278300,0.0,0.0
2023-04-05 00:00:00-04:00,163.09524181864398,163.40214436262949,160.18459235196994,162.12501525878906,51511700,0.0,0.0
2023-04-06 00:00:00-04:00,160.80829044689202,163.3130448064106,160.38259082111486,163.0160369873047,45390100,0.0,0.0
2023-04-10 00:00:00-04:00,159.80838211165943,160.41229248046875,158.48176428720794,160.41229248046875,47716900,0.0,0.0
2023-04-11 00:00:00-04:00,160.72909253457362,160.7389872555695,158.90745173956898,159.19456481933594,47644200,0.0,0.0
2023-04-12 00:00:00-04:00,159.61038476928212,160.44199460478865,158.18475927615913,158.50157165527344,50133100,0.0,0.0
2023-04-13 00:00:00-04:00,160.01627300479524,164.1446374499689,159.8083630212289,163.9070281982422,68445600,0.0,0.0
2023-04-14 00:00:00-04:00,162.9467114928456,164.6594498569072,162.18441013519882,163.56053161621094,49386500,0.0,0.0
2023-04-17 00:00:00-04:00,163.4417358903036,163.73874370809605,162.39232135968928,163.58033752441406,41516200,0.0,0.0
2023-04-18 00:00:00-04:00,164.4416518212544,165.73857027099072,163.99613256812546,164.80795288085938,49923000,0.0,0.0
2023-04-19 00:00:00-04:00,164.14462906581878,166.48106704923867,163.88721527965205,165.95635986328125,47720200,0.0,0.0
2023-04-20 00:00:00-04:00,164.43173852810273,166.19396563576217,163.90703130539762,164.98614501953125,52456400,0.0,0.0
2023-04-21 00:00:00-04:00,163.40213579346278,164.78815208279067,162.8477292777316,163.3724365234375,58337300,0.0,0.0
2023-04-24 00:00:00-04:00,163.35265993279046,163.9466756478522,162.25374143443926,163.6793670654297,41949600,0.0,0.0
2023-04-25 00:00:00-04:00,163.54075445626503,164.64956760321772,162.09532436989073,162.1349334716797,48714100,0.0,0.0
2023-04-26 00:00:00-04:00,161.43200707778223,163.62984381357916,161.1746083552498,162.12501525878906,45498800,0.0,0.0
2023-04-27 00:00:00-04:00,163.54073931024718,166.87708827078586,163.54073931024718,166.7285919189453,64902300,0.0,0.0
2023-04-28 00:00:00-04:00,166.80779457565893,168.15421688581486,166.2038842356674,167.98590087890625,55209200,0.0,0.0
2023-05-01 00:00:00-04:00,167.5899022757501,168.74821914844807,166.95629265889536,167.8968048095703,52472900,0.0,0.0
2023-05-02 00:00:00-04:00,168.39179691797213,168.64921071415353,165.8672534099648,166.85726928710938,48425700,0.0,0.0
2023-05-03 00:00:00-04:00,167.8077034423993,169.21352427793394,165.4910697460863,165.77816772460938,65136000,0.0,0.0
2023-05-04 00:00:00-04:00,163.243711633137,165.37223965151196,162.6695006318279,164.1347198486328,81235400,0.0,0.0
2023-05-05 00:00:00-04:00,169.2728989628231,172.55975870309268,169.05509427610923,171.83705139160156,113316400,0.0,0.0
2023-05-08 00:00:00-04:00,170.75794076749395,172.1142728432519,170.39163971305302,171.76776123046875,55962800,0.0,0.0
2023-05-09 00:00:00-04:00,171.3222729910744,171.80737116626167,169.88675280256177,170.0550537109375,45326900,0.0,0.0
2023-05-10 00:00:00-04:00,171.29256173687202,172.29247239543182,170.18373361448457,171.82716369628906,53724500,0.0,0.0
2023-05-11 00:00:00-04:00,172.11431222214705,172.84691449864468,170.45107724926964,172.0153045654297,49514700,0.0,0.0
2023-05-12 00:00:00-04:00,172.1243165202818,172.5605284867848,169.52689179090092,171.0833740234375,45497800,0.24,0.0
2023-05-15 00:00:00-04:00,171.66828335580215,171.71785564660993,169.9928397669383,170.58767700195312,37266700,0.0,0.0
2023-05-16 00:00:00-04:00,170.50836436212853,171.64845141401116,170.3199987334625,170.58767700195312,42110300,0.0,0.0
2023-05-17 00:00:00-04:00,170.23080851956607,171.4402848957753,168.95191277084518,171.20236206054688,57951600,0.0,0.0
2023-05-18 00:00:00-04:00,171.50966446616422,173.73037308197308,171.0932844370763,173.54200744628906,65496700,0.0,0.0
2023-05-19 00:00:00-04:00,174.8704617599002,174.8704617599002,173.43295602393476,173.65106201171875,55772400,0.0,0.0
2023-05-22 00:00:00-04:00,172.48120433403864,173.20492646986477,171.95577135327312,172.69931030273438,43570900,0.0,0.0
2023-05-23 00:00:00-04:00,171.63852857067366,171.88637487652753,169.80445985641978,170.08204650878906,50747300,0.0,0.0
2023-05-24 00:00:00-04:00,169.61612586083143,170.9346702690374,169.05104404436648,170.3596649169922,45143500,0.0,0.0
2023-05-25 00:00:00-04:00,170.92475054539574,172.4019050243478,170.21095188854838,171.499755859375,56058300,0.0,0.0
2023-05-26 00:00:00-04:00,171.82690796374212,174.2557989304357,171.61871039409903,173.91871643066406,54835000,0.0,0.0
2023-05-30 00:00:00-04:00,175.4355461600694,177.44805707235744,175.04890650518007,175.77261352539062,55964400,0.0,0.0
2023-05-31 00:00:00-04:00,175.80235035598085,177.80495282122013,175.2372534954211,175.72303771972656,99625300,0.0,0.0
2023-06-01 00:00:00-04:00,176.1691790241155,178.5683298287558,175.405808045758,178.53858947753906,68901800,0.0,0.0
2023-06-02 00:00:00-04:00,179.4704869589175,180.21402596420296,177.71573067078862,179.39117431640625,61945900,0.0,0.0
2023-06-05 00:00:00-04:00,181.05670243794387,183.35670847100744,176.50623240767692,178.03297424316406,121946500,0.0,0.0
2023-06-06 00:00:00-04:00,178.41960027979346,178.56830201271356,175.90147333520082,177.66615295410156,64848400,0.0,0.0
2023-06-07 00:00:00-04:00,176.90280103766142,179.64894264257165,175.79245430672572,176.28814697265625,61944600,0.0,0.0
2023-06-08 00:00:00-04:00,176.3674229889806,179.28209792974448,175.93122620309688,179.01443481445312,50214900,0.0,0.0
2023-06-09 00:00:00-04:00,179.93641863686977,180.66012561666918,179.07391833043295,179.4010772705078,48870700,0.0,0.0
2023-06-12 00:00:00-04:00,179.7084305703386,182.30585540353945,179.41101193334958,182.2067108154297,54274900,0.0,0.0
2023-06-13 00:00:00-04:00,181.2252339092373,182.5635949733869,180.86833459999627,181.7308349609375,54929100,0.0,0.0
2023-06-14 00:00:00-04:00,181.79033583961464,182.8015531826157,180.45197462688512,182.36534118652344,57462900,0.0,0.0
2023-06-15 00:00:00-04:00,182.37524971506843,184.91319370821412,182.19679249165128,184.40757751464844,65433200,0.0,0.0
2023-06-16 00:00:00-04:00,185.12138568804832,185.37915556544473,182.68258615200966,183.3269805908203,101235600,0.0,0.0
2023-06-20 00:00:00-04:00,182.82136138571053,184.49680491343358,182.82136138571053,183.4161834716797,49799100,0.0,0.0
2023-06-21 00:00:00-04:00,183.3071642774052,183.8127805401231,181.0170663004923,182.37527465820312,49515700,0.0,0.0
2023-06-22 00:00:00-04:00,182.15715766621673,185.43864089866383,182.08775342754114,185.38906860351562,51245300,0.0,0.0
2023-06-23 00:00:00-04:00,183.95153754819322,185.94421646985703,183.41618103785228,185.07179260253906,53079300,0.0,0.0
2023-06-26 00:00:00-04:00,185.2205087707664,186.42999999051133,183.63428631385352,183.6739501953125,48088700,0.0,0.0
2023-06-27 00:00:00-04:00,184.28862175731683,186.767085127622,184.07051577054278,186.43992614746094,50730800,0.0,0.0
2023-06-28 00:00:00-04:00,186.31103877905792,188.26406909954764,185.9838949305078,187.6196746826172,51216800,0.0,0.0
2023-06-29 00:00:00-04:00,187.45115547762376,188.43263248114428,187.312362125066,187.95675659179688,46347300,0.0,0.0
2023-06-30 00:00:00-04:00,189.9791732182635,192.8046122965116,189.61235036422667,192.29901123046875,85069600,0.0,0.0
2023-07-03 00:00:00-04:00,192.11066863921243,192.20981323378058,190.10806582219766,190.8020477294922,31458200,0.0,0.0
2023-07-05 00:00:00-04:00,189.91968534956396,191.3175270975779,188.97785723169864,189.68174743652344,46920300,0.0,0.0
2023-07-06 00:00:00-04:00,188.20457782150964,190.36580559694158,187.57009184775086,190.15760803222656,45094300,0.0,0.0
2023-07-07 00:00:00-04:00,189.76106040417397,191.01020041329645,188.60114143984475,189.03733825683594,46778000,0.0,0.0
2023-07-10 00:00:00-04:00,187.62959342704087,188.35331565327752,185.42871665150543,186.98519897460938,59922200,0.0,0.0
2023-07-11 00:00:00-04:00,187.53046059023825,187.66925393721883,184.99251645839882,186.4597625732422,46638100,0.0,0.0
2023-07-12 00:00:00-04:00,188.04598720029833,190.04859006950562,186.84641926240297,188.13522338867188,60750200,0.0,0.0
2023-07-13 00:00:00-04:00,188.85892606758472,189.54298444064506,188.14512734155142,188.89857482910156,41342300,0.0,0.0
2023-07-14 00:00:00-04:00,188.59122781892412,189.53304086059518,187.99640569502964,189.04727172851562,41573900,0.0,0.0
2023-07-17 00:00:00-04:00,190.24684079775338,192.64600663390738,190.15761974766676,192.31884765625,50520200,0.0,0.0
2023-07-18 00:00:00-04:00,191.6843647836334,192.65591819761897,190.76236853561463,192.0610809326172,48353800,0.0,0.0
2023-07-19 00:00:00-04:00,191.4365103758755,196.52230675519328,190.99037488225764,193.41928100585938,80507300,0.0,0.0
2023-07-20 00:00:00-04:00,193.40936968617578,194.77748634801802,190.84168518874347,191.4662628173828,59581200,0.0,0.0
2023-07-21 00:00:00-04:00,192.42789492586837,193.29039530573385,189.58260879656223,190.2864990234375,71917800,0.0,0.0
2023-07-24 00:00:00-04:00,191.7438412670713,193.230919269526,190.5938306479448,191.0895233154297,45377800,0.0,0.0
2023-07-25 00:00:00-04:00,191.66453127210508,192.7649696142135,191.25805964859208,191.9520263671875,37283200,0.0,0.0
2023-07-26 00:00:00-04:00,192.0015807949404,193.95461096026835,191.65460503159764,192.82443237304688,47471900,0.0,0.0
2023-07-27 00:00:00-04:00,194.33134751765755,195.50117489112708,190.89123937354253,191.5554656982422,47460200,0.0,0.0
2023-07-28 00:00:00-04:00,192.99297950413737,194.9361013981904,192.46754649179775,194.1429901123047,48291400,0.0,0.0
2023-07-31 00:00:00-04:00,194.37100498050742,194.7973085377491,193.57789369266726,194.7576446533203,38824100,0.0,0.0
2023-08-01 00:00:00-04:00,194.54945856713078,195.0352276872512,193.59772201405482,193.9248809814453,35175100,0.0,0.0
2023-08-02 00:00:00-04:00,193.35977399392826,193.49856732490423,190.19726772902345,190.9209747314453,50389300,0.0,0.0
2023-08-03 00:00:00-04:00,189.9196649524512,190.71276098939782,189.0472411590052,189.52310180664062,61235200,0.0,0.0
2023-08-04 00:00:00-04:00,183.92181504025928,185.76579240309633,180.35282171627148,180.42222595214844,115799700,0.0,0.0
2023-08-07 00:00:00-04:00,180.5610076771683,181.55239296699656,175.8221872019764,177.30926513671875,97576100,0.0,0.0
2023-08-08 00:00:00-04:00,178.14203038384454,178.71703568412062,176.05020675575068,178.25108337402344,67823000,0.0,0.0
2023-08-09 00:00:00-04:00,179.31184291731705,179.37132361114365,175.48509529864398,176.65493774414062,60378500,0.0,0.0
2023-08-10 00:00:00-04:00,177.93384562444598,179.1929093058464,176.07005137717866,176.43685913085938,54686900,0.0,0.0
2023-08-11 00:00:00-04:00,176.02983256684112,177.32036168980022,175.26543082107975,176.49639892578125,51988100,0.24,0.0
2023-08-14 00:00:00-04:00,176.6751020557822,178.38258864969947,176.01990054114177,178.15426635742188,43675600,0.0,0.0
2023-08-15 00:00:00-04:00,177.5784931204611,178.17411849604412,175.7618061867858,176.1588897705078,43622600,0.0,0.0
2023-08-16 00:00:00-04:00,175.84123193317788,177.24096145960885,175.2158108770956,175.28530883789062,46964900,0.0,0.0
2023-08-17 00:00:00-04:00,175.8511621348624,176.2184652373002,172.21778796969687,172.7340087890625,66062900,0.0,0.0
2023-08-18 00:00:00-04:00,171.04634526208298,173.8259754434126,170.7088227434025,173.2204132080078,61114200,0.0,0.0
2023-08-21 00:00:00-04:00,173.79620604217206,174.84849110751958,172.47588124297116,174.5605926513672,46311900,0.0,0.0
2023-08-22 00:00:00-04:00,175.77172944077836,176.38721354501158,174.96762533098521,175.94049072265625,42084200,0.0,0.0
2023-08-23 00:00:00-04:00,177.2211114741355,180.2290643006026,177.032491470534,179.80218505859375,52722800,0.0,0.0
2023-08-24 00:00:00-04:00,179.35544373491686,179.78232293288016,174.72934624726201,175.09666442871094,54945800,0.0,0.0
2023-08-25 00:00:00-04:00,176.08939374478845,177.84650437604776,174.54074667761984,177.31044006347656,51449600,0.0,0.0
2023-08-28 00:00:00-04:00,178.77967356057698,179.27603559399373,177.25088516267095,178.8789520263672,43820700,0.0,0.0
2023-08-29 00:00:00-04:00,178.39251118833664,183.55467328918405,178.19396940518234,182.7803497314453,53003900,0.0,0.0
2023-08-30 00:00:00-04:00,183.59439418869403,186.48322490340712,183.39585240180426,186.28466796875,60813900,0.0,0.0
2023-08-31 00:00:00-04:00,186.4733017625425,187.74398746995786,186.11592046059639,186.50308227539062,60794500,0.0,0.0
2023-09-01 00:00:00-04:00,188.11127770079705,188.538141753245,186.91007498628073,188.0814971923828,45732600,0.0,0.0
2023-09-05 00:00:00-04:00,186.91008160149724,188.5977094450193,186.24495831042893,188.3197479248047,45280000,0.0,0.0
2023-09-06 00:00:00-04:00,187.02919231015284,187.4759302206488,180.1496223799182,181.5791473388672,81755800,0.0,0.0
2023-09-07 00:00:00-04:00,173.90540860928058,176.9133767073295,172.27734161590178,176.26809692382812,112488800,0.0,0.0
2023-09-08 00:00:00-04:00,177.05235186894313,178.9285998393183,176.4964136407334,176.88357543945312,65551300,0.0,0.0
2023-09-11 00:00:00-04:00,178.75983344187836,178.98815574028976,176.04968578063105,178.05499267578125,58953100,0.0,0.0
2023-09-12 00:00:00-04:00,178.18404991763566,178.81939272059032,173.5480302988034,175.0172576904297,90370200,0.0,0.0
2023-09-13 00:00:00-04:00,175.22571224634177,176.00997270905043,172.71412167424248,172.9424591064453,84267900,0.0,0.0
2023-09-14 00:00:00-04:00,172.73398888645488,174.81871550108795,172.3170465930817,174.46133422851562,60895800,0.0,0.0
2023-09-15 00:00:00-04:00,175.1959388893145,175.2157976120051,172.55530438661506,173.73663330078125,109205100,0.0,0.0
2023-09-18 00:00:00-04:00,175.1959303652364,178.0748391046168,174.88818834345716,176.6750946044922,67257600,0.0,0.0
2023-09-19 00:00:00-04:00,176.22837977645918,178.32302815377042,175.84121799808253,177.76710510253906,51826900,0.0,0.0
2023-09-20 00:00:00-04:00,177.95569322220518,178.39249419218916,174.1237780961169,174.213134765625,58436200,0.0,0.0
2023-09-21 00:00:00-04:00,173.28000428145347,175.01727155266988,172.59502219087378,172.6645050048828,63047900,0.0,0.0
2023-09-22 00:00:00-04:00,173.39911221131908,175.79158086544706,172.7836281326413,173.5182342529297,56725400,0.0,0.0
2023-09-25 00:00:00-04:00,172.93251742028295,175.6823671360894,172.88287819083024,174.79884338378906,46172700,0.0,0.0
2023-09-26 00:00:00-04:00,173.54802313417602,173.92524796713502,170.41101154694528,170.70883178710938,64588900,0.0,0.0
2023-09-27 00:00:00-04:00,171.36402481079512,171.78096710415326,167.8200077433672,169.18995666503906,66921800,0.0,0.0
2023-09-28 00:00:00-04:00,168.10787564587397,170.77830558378838,166.4003891832915,169.44805908203125,56294400,0.0,0.0
2023-09-29 00:00:00-04:00,170.76839850543928,171.81076180692196,169.10061419351356,169.96429443359375,51814200,0.0,0.0
2023-10-02 00:00:00-04:00,169.97423364599135,173.03182590816493,169.68633515386165,172.48582458496094,52164500,0.0,0.0
2023-10-03 00:00:00-04:00,171.0066491138284,172.366691440067,169.57713912474932,171.1456298828125,49594600,0.0,0.0
2023-10-04 00:00:00-04:00,169.84517596678774,172.94248570241592,169.726053912722,172.396484375,53020300,0.0,0.0
2023-10-05 00:00:00-04:00,172.5254984313363,174.17342391765436,171.42357417816774,173.63735961914062,48527900,0.0,0.0
2023-10-06 00:00:00-04:00,172.53545399514545,176.69497045530053,171.91995474415313,176.1986083984375,57224100,0.0,0.0
2023-10-09 00:00:00-04:00,175.52353680032698,177.74724412480685,174.52089096334598,177.68768310546875,42390800,0.0,0.0
2023-10-10 00:00:00-04:00,176.80415770883764,178.41236580749592,176.6552400140717,177.092041015625,43698000,0.0,0.0
2023-10-11 00:00:00-04:00,176.90342620076967,178.54143000452555,176.30780084757703,178.49179077148438,47551100,0.0,0.0
2023-10-12 00:00:00-04:00,178.759844529376,181.01331743803624,177.73732472140046,179.3951873779297,56743100,0.0,0.0
2023-10-13 00:00:00-04:00,180.09999903884182,180.60628286156256,176.84386529966793,177.5487060546875,51427100,0.0,0.0
2023-10-16 00:00:00-04:00,175.46397958471027,177.7770284883398,175.22572035442593,177.41964721679688,52517000,0.0,0.0
2023-10-17 00:00:00-04:00,175.36470667426025,177.12183257732815,173.5281761730158,175.86106872558594,57549400,0.0,0.0
2023-10-18 00:00:00-04:00,174.30248985254676,176.28793794498117,173.83590833900334,174.5605926513672,54764400,0.0,0.0
2023-10-19 00:00:00-04:00,174.75916209365136,176.54606868924478,173.91535560946087,174.1833953857422,59302900,0.0,0.0
2023-10-20 00:00:00-04:00,174.03445888939677,174.14365914589465,171.38388737014972,171.6221466064453,64189300,0.0,0.0
2023-10-23 00:00:00-04:00,169.66645205793418,172.7438871803198,168.69357169127747,171.74124145507812,55980100,0.0,0.0
2023-10-24 00:00:00-04:00,171.7909082758531,172.4063923696406,170.20254365913797,172.17807006835938,43816600,0.0,0.0
2023-10-25 00:00:00-04:00,170.62942613878033,171.80083332633419,169.4083645680371,169.8551025390625,57157000,0.0,0.0
2023-10-26 00:00:00-04:00,169.1303957533013,170.13305676328346,164.4645956319317,165.67572021484375,70625300,0.0,0.0
2023-10-27 00:00:00-04:00,165.69558183671225,167.73066925493364,165.6161620916175,166.9960479736328,58499100,0.0,0.0
2023-10-30 00:00:00-04:00,167.79021577395145,169.92456632823416,167.6412980843576,169.05096435546875,51131000,0.0,0.0
2023-10-31 00:00:00-04:00,168.11782995408234,169.6565401685357,166.67836791176023,169.52749633789062,44846000,0.0,0.0
2023-11-01 00:00:00-04:00,169.75581666227828,172.9623111800798,168.88221462983017,172.70420837402344,56934900,0.0,0.0
2023-11-02 00:00:00-04:00,174.2429429068373,176.4864939793014,174.18338188289627,176.2780303955078,77334800,0.0,0.0
2023-11-03 00:00:00-04:00,172.97224682902157,175.53347673875106,172.08872301559984,175.3647003173828,79763700,0.0,0.0
2023-11-06 00:00:00-05:00,175.09669429529205,178.12449090151532,174.92793300379333,177.9259490966797,63841300,0.0,0.0
2023-11-07 00:00:00-05:00,177.87627966042598,181.11256960611928,177.66781610245852,180.49708557128906,70530000,0.0,0.0
2023-11-08 00:00:00-05:00,181.023246561535,182.11523398810698,180.26876654734838,181.55931091308594,49340300,0.0,0.0
2023-11-09 00:00:00-05:00,181.62879543623518,182.78034380026955,180.48715371155149,181.08279418945312,53763500,0.0,0.0
2023-11-10 00:00:00-05:00,182.87206148972973,185.4565506612299,182.43468499907056,185.2875518798828,66133400,0.24,0.0
2023-11-13 00:00:00-05:00,184.71101456121173,184.9197527658604,183.1106225987718,183.6970977783203,43627500,0.0,0.0
2023-11-14 00:00:00-05:00,186.579792942837,186.987349680322,185.18815428767326,186.32135009765625,60108400,0.0,0.0
2023-11-15 00:00:00-05:00,186.72890587030213,188.36905250310778,186.65931635404164,186.887939453125,53790500,0.0,0.0
2023-11-16 00:00:00-05:00,188.43864070160558,189.82034448090351,187.52411797622008,188.5778045654297,54412900,0.0,0.0
2023-11-17 00:00:00-05:00,189.11457782649978,189.24380683321974,187.44461143684416,188.55792236328125,50922700,0.0,0.0
2023-11-20 00:00:00-05:00,188.75673136709773,190.7646802061248,188.74679650771577,190.3074188232422,46505100,0.0,0.0
2023-11-21 00:00:00-05:00,190.2676365405526,190.37698064874536,188.60760520178732,189.50222778320312,38134500,0.0,0.0
2023-11-22 00:00:00-05:00,190.3471617671388,191.77855487032625,189.69109711501824,190.16822814941406,39617700,0.0,0.0
2023-11-24 00:00:00-05:00,189.7308806564948,189.76070040271065,188.12055368994098,188.8362579345703,24048300,0.0,0.0
2023-11-27 00:00:00-05:00,188.78653185384877,189.53205575999598,187.77261509452617,188.6573028564453,40552600,0.0,0.0
2023-11-28 00:00:00-05:00,188.64737693705334,189.9396214691522,188.26963995303524,189.263671875,38415400,0.0,0.0
2023-11-29 00:00:00-05:00,189.76069003248776,190.9435904601538,187.84221568139642,188.2398223876953,43014200,0.0,0.0
2023-11-30 00:00:00-05:00,188.70701635554832,189.1841625986753,187.06686975200412,188.8163604736328,48794400,0.0,0.0
2023-12-01 00:00:00-05:00,189.19409067360718,190.41674564636727,188.10064953196948,190.09866333007812,45679300,0.0,0.0
2023-12-04 00:00:00-05:00,188.84617430866663,188.91576382150808,186.33127483914026,188.29945373535156,43389500,0.0,0.0
2023-12-05 00:00:00-05:00,189.0748364979079,193.23981790539722,189.04500158311146,192.2656707763672,66628400,0.0,0.0
2023-12-06 00:00:00-05:00,193.28950362567244,193.5976510937421,190.9634725753497,191.17222595214844,41089700,0.0,0.0
2023-12-07 00:00:00-05:00,192.4744006383907,193.8362194805571,192.43463086867496,193.11058044433594,47477700,0.0,0.0
2023-12-08 00:00:00-05:00,193.0409791518531,194.82030462884575,192.5141434931892,194.54197692871094,53377300,0.0,0.0
2023-12-11 00:00:00-05:00,191.95752525473316,192.33526227849603,190.2776087030193,192.027099609375,60943700,0.0,0.0
2023-12-12 00:00:00-05:00,191.92768151957463,193.5578932326663,190.57579752571402,193.54795837402344,52696900,0.0,0.0
2023-12-13 00:00:00-05:00,193.925682544677,196.8183190559037,193.68712459255818,196.778564453125,70404200,0.0,0.0
2023-12-14 00:00:00-05:00,196.83821410318075,198.4286561477334,194.9893140401918,196.92767333984375,66831600,0.0,0.0
2023-12-15 00:00:00-05:00,196.3511298862745,197.2159328291742,195.82429416614897,196.39089965820312,128256700,0.0,0.0
2023-12-18 00:00:00-05:00,194.91972010314345,195.45650584640038,193.22986883323685,194.72091674804688,55751900,0.0,0.0
2023-12-19 00:00:00-05:00,194.98930475456203,195.77458329630363,194.72091188963017,195.7646484375,40714100,0.0,0.0
2023-12-20 00:00:00-05:00,195.72487446786357,196.50021813416774,193.667236328125,193.667236328125,52242800,0.0,0.0
2023-12-21 00:00:00-05:00,194.92966611931476,195.90381315665195,192.34517705306277,193.51812744140625,46482500,0.0,0.0
2023-12-22 00:00:00-05:00,194.01515250091973,194.24379077463595,191.8183503425399,192.44459533691406,37122800,0.0,0.0
2023-12-26 00:00:00-05:00,192.45452839560733,192.73285613100865,191.67918468017166,191.8978729248047,28919300,0.0,0.0
2023-12-27 00:00:00-05:00,191.34120389827206,192.3451706464339,189.94955015213438,191.99725341796875,48087700,0.0,0.0
2023-12-28 00:00:00-05:00,192.98135331561093,193.49825415286705,192.01714115491455,192.42469787597656,34049900,0.0,0.0
2023-12-29 00:00:00-05:00,192.7427850763616,193.23980104114617,190.58573760932344,191.38096618652344,42628800,0.0,0.0
2024-01-02 00:00:00-05:00,186.03307200647276,187.31538170646215,182.79253333369908,184.53208923339844,82488700,0.0,0.0
2024-01-03 00:00:00-05:00,183.1205708792931,184.77066759112085,182.3352771284137,183.150390625,58414500,0.0,0.0
2024-01-04 00:00:00-05:00,181.06292931922462,181.99732186004985,179.80051955406512,180.82437133789062,71983600,0.0,0.0
2024-01-05 00:00:00-05:00,180.90387243418792,181.6692660827433,179.09472708075188,180.09869384765625,62303300,0.0,0.0
2024-01-08 00:00:00-05:00,181.0032684531674,184.49233019548157,180.41679326133186,184.4525604248047,59144500,0.0,0.0
2024-01-09 00:00:00-05:00,182.82234457021028,184.04499955584959,181.63944418662982,184.03506469726562,42841800,0.0,0.0
2024-01-10 00:00:00-05:00,183.24979649333252,185.2875498615879,182.82235486658107,185.0788116455078,46792900,0.0,0.0
2024-01-11 00:00:00-05:00,185.42670336710847,185.93366934185158,182.524132048394,184.4823760986328,49128400,0.0,0.0
2024-01-12 00:00:00-05:00,184.9495734055796,185.6255229866903,184.08477050382692,184.81040954589844,40444700,0.0,0.0
2024-01-16 00:00:00-05:00,181.07287512108522,183.16033324766676,179.8502048243823,182.5341033935547,65603000,0.0,0.0
2024-01-17 00:00:00-05:00,180.18816351220838,181.83824490899738,179.22395137316974,181.58973693847656,47317400,0.0,0.0
2024-01-18 00:00:00-05:00,184.979392426226,188.01119275141858,184.72094959289208,187.50424194335938,78005800,0.0,0.0
2024-01-19 00:00:00-05:00,188.20007624137466,190.8044351704297,187.693125392904,190.41676330566406,68741000,0.0,0.0
2024-01-22 00:00:00-05:00,191.15234200232317,194.16425751836653,191.11257223144145,192.73284912109375,60133900,0.0,0.0
2024-01-23 00:00:00-05:00,193.8561183903394,194.58175747905844,192.67321792314553,194.01515197753906,42355600,0.0,0.0
2024-01-24 00:00:00-05:00,194.25372573180164,195.20800309667513,193.1801693842155,193.33921813964844,53631300,0.0,0.0
2024-01-25 00:00:00-05:00,194.0549059471631,195.0986424607324,191.95749806154728,193.01116943359375,54822100,0.0,0.0
2024-01-26 00:00:00-05:00,193.11057143190595,193.5976373302703,190.79447540505197,191.2716064453125,44594000,0.0,0.0
2024-01-29 00:00:00-05:00,190.8640668648328,191.05293535979936,188.44857653714126,190.5857391357422,47145600,0.0,0.0
2024-01-30 00:00:00-05:00,189.80047228297695,190.6553404086777,186.35118003362723,186.9177703857422,55859400,0.0,0.0
2024-01-31 00:00:00-05:00,185.92374345342654,185.98339811587047,183.24981004460298,183.29949951171875,55467800,0.0,0.0
2024-02-01 00:00:00-05:00,182.891930125601,185.8342559814184,182.72294652699253,185.7447967529297,64885400,0.0,0.0
2024-02-02 00:00:00-05:00,178.78658786144558,186.21200777158808,178.18022776276848,184.7408447265625,102518000,0.0,0.0
2024-02-05 00:00:00-05:00,187.02710222804,188.120543422021,184.73089088840356,186.55990600585938,69668800,0.0,0.0
2024-02-06 00:00:00-05:00,185.74483216314175,188.18020768741135,185.6553729175986,188.17027282714844,43490800,0.0,0.0
2024-02-07 00:00:00-05:00,189.5022571462235,189.9098139006124,187.48437342868021,188.27960205078125,53439000,0.0,0.0
2024-02-08 00:00:00-05:00,188.2596969213544,188.40879563608698,186.23187856237746,187.1960906982422,40962000,0.0,0.0
2024-02-09 00:00:00-05:00,187.76340641648085,189.0971204380579,187.11646725876852,187.9624786376953,45155200,0.24,0.0
2024-02-12 00:00:00-05:00,187.53448242231033,187.78330749959082,185.91213805857674,186.27044677734375,41781900,0.0,0.0
2024-02-13 00:00:00-05:00,184.89694454758455,185.33487911795885,182.64755610649428,184.1703643798828,56529500,0.0,0.0
2024-02-14 00:00:00-05:00,184.44907598078342,184.65808055839094,181.5826059912504,183.28456115722656,54630500,0.0,0.0
2024-02-15 00:00:00-05:00,182.68738521978767,183.62296999377594,180.4977274519665,182.9959259033203,65434500,0.0,0.0
2024-02-16 00:00:00-05:00,182.55800062284032,183.98128811611298,180.81622489348007,181.45321655273438,49701400,0.0,0.0
2024-02-20 00:00:00-05:00,180.93564089848354,181.5726325042779,179.15405998428736,180.70672607421875,53665600,0.0,0.0
2024-02-21 00:00:00-05:00,181.08494629412857,182.03047857973698,179.8109630738625,181.46316528320312,41529700,0.0,0.0
2024-02-22 00:00:00-05:00,182.6177080564135,184.09076354210745,181.60251261136847,183.50352478027344,52292200,0.0,0.0
2024-02-23 00:00:00-05:00,184.14051969682032,184.1703774935557,181.37358582743232,181.6622314453125,45119700,0.0,0.0
2024-02-26 00:00:00-05:00,181.38355052297356,181.90109579673225,179.80101134340092,180.30862426757812,40867400,0.0,0.0
2024-02-27 00:00:00-05:00,180.24888975946536,183.05562869813585,178.71611879819,181.77169799804688,54318900,0.0,0.0
2024-02-28 00:00:00-05:00,181.6522565198894,182.25939032452453,179.28345207788615,180.5673828125,48953900,0.0,0.0
2024-02-29 00:00:00-05:00,180.41810366151438,181.71199718953457,178.6862755375109,179.90054321289062,136682600,0.0,0.0
2024-03-01 00:00:00-05:00,178.70617492699984,179.68156498512658,176.54637506189474,178.81565856933594,73488000,0.0,0.0
2024-03-04 00:00:00-05:00,175.3221528407019,176.0686281128373,172.9732433768994,174.277099609375,81510100,0.0,0.0
2024-03-05 00:00:00-05:00,169.9574719243141,171.23145507958293,168.82283020205665,169.3204803466797,95132400,0.0,0.0
2024-03-06 00:00:00-05:00,170.25608047856306,170.43524244414468,167.88726071561,168.3251953125,68587700,0.0,0.0
2024-03-07 00:00:00-05:00,168.35503848083317,169.92761476617306,167.6981518296525,168.20574951171875,71765100,0.0,0.0
2024-03-08 00:00:00-05:00,168.20574707517525,172.88365534695112,168.1460314883945,169.9276123046875,76114600,0.0,0.0
2024-03-11 00:00:00-04:00,172.12723509594798,173.56046994775534,171.24141844268888,171.93812561035156,60139500,0.0,0.0
2024-03-12 00:00:00-04:00,172.33625244410158,173.21212162678884,170.20631026653984,172.41587829589844,59825400,0.0,0.0
2024-03-13 00:00:00-04:00,171.9580519129805,172.37607625258147,169.95748841772314,170.3257598876953,52488700,0.0,0.0
2024-03-14 00:00:00-04:00,172.0973773021251,173.49079163745046,171.24141844268888,172.18695068359375,72913500,0.0,0.0
2024-03-15 00:00:00-04:00,170.36554869703198,171.80873107910156,169.4896795825833,171.80873107910156,121664700,0.0,0.0
2024-03-18 00:00:00-04:00,174.7448914522954,176.87483361469177,172.70452267737835,172.90357971191406,75604200,0.0,0.0
2024-03-19 00:00:00-04:00,173.52065910891577,175.77999515234478,172.2168180823409,175.2524871826172,55215200,0.0,0.0
2024-03-20 00:00:00-04:00,174.89418909629194,177.830322265625,174.26714497871419,177.830322265625,53423100,0.0,0.0
2024-03-21 00:00:00-04:00,176.2179350177799,176.65586961417029,170.03711298613993,170.5646209716797,106181300,0.0,0.0
2024-03-22 00:00:00-04:00,170.95279171103329,172.23673773536032,169.26078406375387,171.47035217285156,71106600,0.0,0.0
2024-03-25 00:00:00-04:00,169.76840571092222,171.1319624728949,168.65365887534398,170.04708862304688,54288300,0.0,0.0
2024-03-26 00:00:00-04:00,169.20104494513856,170.61436949811346,168.78302065654685,168.91241455078125,57388400,0.0,0.0
2024-03-27 00:00:00-04:00,169.60914876354798,172.78415954350993,169.31055559917013,172.49551391601562,60273300,0.0,0.0
2024-03-28 00:00:00-04:00,170.94282285202152,171.42056273337485,169.70864503919194,170.67408752441406,65672700,0.0,0.0
2024-04-01 00:00:00-04:00,170.38546326457012,170.4451788535061,168.68349304450714,169.2309112548828,46240500,0.0,0.0
2024-04-02 00:00:00-04:00,168.28537106183597,168.54414366405445,167.43935975957754,168.04649353027344,49329500,0.0,0.0
2024-04-03 00:00:00-04:00,167.9967479570679,169.87786510696628,167.78774337767854,168.8527069091797,47691700,0.0,0.0
2024-04-04 00:00:00-04:00,169.48968886138192,171.11203328162168,168.026611328125,168.026611328125,53704400,0.0,0.0
2024-04-05 00:00:00-04:00,168.79298281447828,169.5892261323792,168.15599119757314,168.7830352783203,42055200,0.0,0.0
2024-04-08 00:00:00-04:00,168.23563178927415,168.40483104125352,167.4493511257135,167.65835571289062,37425500,0.0,0.0
2024-04-09 00:00:00-04:00,167.90716183961618,169.2806811483862,167.55881583801002,168.8726043701172,42451200,0.0,0.0
2024-04-10 00:00:00-04:00,168.0066961691415,168.29532657810816,166.3246362072623,166.99148559570312,49709300,0.0,0.0
2024-04-11 00:00:00-04:00,167.54885233902874,174.63540094951088,167.36970557110288,174.2173614501953,91070300,0.0,0.0
2024-04-12 00:00:00-04:00,173.44104468475973,177.52178245719062,173.39129181372058,175.7202911376953,101593300,0.0,0.0
2024-04-15 00:00:00-04:00,174.53586805138283,175.7999037342719,171.68930847441092,171.87841796875,73531800,0.0,0.0
2024-04-16 00:00:00-04:00,170.94284143183614,172.94338974194338,167.47920033817573,168.583984375,73711200,0.0,0.0
2024-04-17 00:00:00-04:00,168.81289870293196,169.84800441976404,167.21046447753906,167.21046447753906,50901200,0.0,0.0
2024-04-18 00:00:00-04:00,167.24031189258443,167.8474456964944,165.7672716683895,166.2549591064453,43122900,0.0,0.0
2024-04-19 00:00:00-04:00,165.42888374733738,165.6179780634261,163.3088890664717,164.2245635986328,67772100,0.0,0.0
2024-04-22 00:00:00-04:00,164.74211969252124,166.47393259764522,163.9956444231876,165.06060791015625,48116400,0.0,0.0
2024-04-23 00:00:00-04:00,164.57291251221173,166.26492000363532,164.14492548116624,166.11561584472656,49537800,0.0,0.0
2024-04-24 00:00:00-04:00,165.75730653407012,168.50434510258808,165.42887079721268,168.2256622314453,48251800,0.0,0.0
2024-04-25 00:00:00-04:00,168.73327450279362,169.80820075027214,167.3597550998357,169.09158325195312,50558300,0.0,0.0
2024-04-26 00:00:00-04:00,169.081624768213,170.53475474394267,168.38490238817732,168.5043487548828,44838400,0.0,0.0
2024-04-29 00:00:00-04:00,172.55520693212748,175.20270935632288,172.28648678772151,172.68460083007812,68169400,0.0,0.0
2024-04-30 00:00:00-04:00,172.51541154910535,174.1676137755898,169.20105955998108,169.52951049804688,65934800,0.0,0.0
2024-05-01 00:00:00-04:00,168.78303163206596,171.89832652202932,168.31523926242042,168.5043487548828,50383100,0.0,0.0
2024-05-02 00:00:00-04:00,171.69926693100732,172.6049939419865,170.08688513916925,172.21682739257812,94214900,0.0,0.0
2024-05-03 00:00:00-04:00,185.77280978325868,186.12117099096088,181.80157098826203,182.5181884765625,163224100,0.0,0.0
2024-05-06 00:00:00-04:00,181.4930249418685,183.3343214775735,179.5720873686165,180.8560333251953,78569700,0.0,0.0
2024-05-07 00:00:00-04:00,182.58785409480518,184.0310366275269,180.46787458450643,181.54278564453125,77305800,0.0,0.0
2024-05-08 00:00:00-04:00,181.9906787165348,182.20964601288568,180.59724908638574,181.88119506835938,45057100,0.0,0.0
2024-05-09 00:00:00-04:00,181.70204263297254,183.792179594264,181.2541604804327,183.70260620117188,48983000,0.0,0.0
2024-05-10 00:00:00-04:00,184.280653249985,184.47001925959685,181.51994258592455,182.43685913085938,50759500,0.25,0.0
2024-05-13 00:00:00-04:00,184.81883849593646,186.47328168344126,184.00157793065927,185.65602111816406,72044800,0.0,0.0
2024-05-14 00:00:00-04:00,186.88188838827716,187.66925062518712,185.66597383097238,186.80215454101562,52393600,0.0,0.0
2024-05-15 00:00:00-04:00,187.28058361009533,190.01139602124525,186.7423838683229,189.0845184326172,70400000,0.0,0.0
2024-05-16 00:00:00-04:00,189.83199615864385,190.45989075478766,189.02471179656044,189.2041015625,52845200,0.0,0.0
2024-05-17 00:00:00-04:00,188.87519880271202,190.17084727488813,188.54630236847427,189.23399353027344,41282900,0.0,0.0
2024-05-20 00:00:00-04:00,188.69582178398366,191.27714266640717,188.37688635675946,190.40008544921875,44361300,0.0,0.0
2024-05-21 00:00:00-04:00,190.44991454290118,192.08442053272114,190.28048580582154,191.70570373535156,42309400,0.0,0.0
2024-05-22 00:00:00-04:00,191.625965130265,192.17412585880137,189.63266445026173,190.2605438232422,34648500,0.0,0.0
2024-05-23 00:00:00-04:00,190.34028576334703,190.3602230291439,186.00486572472462,186.2540283203125,51005900,0.0,0.0
2024-05-24 00:00:00-04:00,188.1875250894915,189.94162421863646,187.41012383078694,189.3436279296875,36294600,0.0,0.0
2024-05-28 00:00:00-04:00,190.86848939299406,192.35350378297326,188.46657377923762,189.3535919189453,52280100,0.0,0.0
2024-05-29 00:00:00-04:00,188.97488815842905,191.60604467860838,188.87521703261189,189.65260314941406,53068000,0.0,0.0
2024-05-30 00:00:00-04:00,190.12102272627732,191.53626445370173,189.99146851693155,190.6492462158203,49947900,0.0,0.0
2024-05-31 00:00:00-04:00,190.79874896001851,191.92496874276912,189.27387511297837,191.6060333251953,75158300,0.0,0.0
2024-06-03 00:00:00-04:00,192.25384615761888,194.33685694398167,191.8751293663799,193.38006591796875,50080500,0.0,0.0
2024-06-04 00:00:00-04:00,193.98801176077237,194.66574186569684,192.38340418619828,193.69898986816406,47471400,0.0,0.0
2024-06-05 00:00:00-04:00,194.74547082752238,196.24044634116564,194.2172473626493,195.21389770507812,54156800,0.0,0.0
2024-06-06 00:00:00-04:00,195.03450583879902,195.84179017422778,193.5195930765027,193.82855224609375,41181800,0.0,0.0
2024-06-07 00:00:00-04:00,193.99798178181695,196.28031956711487,193.48969558531903,196.23048400878906,53103900,0.0,0.0
2024-06-10 00:00:00-04:00,196.2404356269631,196.63910486677477,191.50634675889475,192.4730987548828,97262100,0.0,0.0
2024-06-11 00:00:00-04:00,193.00133588013964,206.46609195915696,192.9814138224934,206.45611572265625,172373300,0.0,0.0
2024-06-12 00:00:00-04:00,206.67538853844061,219.46241499269527,206.20696163392407,212.35630798339844,198134300,0.0,0.0
2024-06-13 00:00:00-04:00,214.02069454325613,216.02395620562416,210.89121315624297,213.52236938476562,97862700,0.0,0.0
2024-06-14 00:00:00-04:00,213.13367378271622,214.44924427717243,210.59221246372425,211.77822875976562,70122700,0.0,0.0
2024-06-17 00:00:00-04:00,212.65527993528355,218.21659070332575,212.0074632920053,215.94422912597656,93728300,0.0,0.0
2024-06-18 00:00:00-04:00,216.86113841241473,217.89766325641614,212.28651711595563,213.5721893310547,79943300,0.0,0.0
2024-06-20 00:00:00-04:00,213.21339445126264,213.5223688231627,208.1504242370716,208.97763061523438,86172500,0.0,0.0
2024-06-21 00:00:00-04:00,209.68527826262047,211.18025387128242,206.4162661482939,206.7949981689453,246421400,0.0,0.0
2024-06-24 00:00:00-04:00,207.02421872275744,211.9875333707341,205.89799892378585,207.44281005859375,80727000,0.0,0.0
2024-06-25 00:00:00-04:00,208.44940858434205,210.67194975002218,207.91122410230182,208.36968994140625,56713900,0.0,0.0
2024-06-26 00:00:00-04:00,210.79155216910215,214.1402980033581,209.9344322470105,212.5356903076172,66213200,0.0,0.0
2024-06-27 00:00:00-04:00,213.97087836680484,215.01736433595826,211.63872006367095,213.3828582763672,49772700,0.0,0.0
2024-06-28 00:00:00-04:00,215.04724812174294,215.34624626528088,209.5955695452833,209.91448974609375,82542700,0.0,0.0
2024-07-01 00:00:00-04:00,211.37956216985054,216.78140506529675,211.2101334408119,216.02395629882812,60402900,0.0,0.0
2024-07-02 00:00:00-04:00,215.42597092933886,219.64181293490427,214.3795002092306,219.5321807861328,58046200,0.0,0.0
2024-07-03 00:00:00-04:00,219.26308073535034,220.80789184570312,218.29632866276663,220.80789184570312,37369800,0.0,0.0
2024-07-05 00:00:00-04:00,220.90754038733803,225.69146503075916,220.90754038733803,225.5818328857422,60412400,0.0,0.0
2024-07-08 00:00:00-04:00,226.32931907748747,227.08678305881674,222.50218547217585,227.056884765625,59085900,0.0,0.0
2024-07-09 00:00:00-04:00,227.1664984715379,228.631575647805,225.6117264169712,227.9139862060547,48076100,0.0,0.0
2024-07-10 00:00:00-04:00,228.5319341376685,232.29927134034506,228.48209857735924,232.19960021972656,62627700,0.0,0.0
2024-07-11 00:00:00-04:00,230.61492037011672,231.61157070495582,225.01375035477759,226.80772399902344,64710600,0.0,0.0
2024-07-12 00:00:00-04:00,228.1531925563972,231.86073301422448,227.91399100155513,229.76776123046875,53046500,0.0,0.0
2024-07-15 00:00:00-04:00,235.68787221439834,236.43535998230433,232.3092281117703,233.61483764648438,62631300,0.0,0.0
2024-07-16 00:00:00-04:00,234.2128217621178,235.47857190808813,231.55176727169922,234.03343200683594,43234300,0.0,0.0
2024-07-17 00:00:00-04:00,228.68140979310064,230.68468664215072,225.88082486496336,228.1133270263672,57345900,0.0,0.0
2024-07-18 00:00:00-04:00,229.50863493701104,229.66810263837593,221.52547133243425,223.42906188964844,66034600,0.0,0.0
2024-07-19 00:00:00-04:00,224.06694094221692,226.04030439428965,222.53209087352224,223.5586395263672,49151500,0.0,0.0
2024-07-22 00:00:00-04:00,226.24957960487185,227.01700459563804,222.34271224556252,223.20980834960938,48201800,0.0,0.0
2024-07-23 00:00:00-04:00,223.61844622977043,226.17984506717187,221.9341046141529,224.2563018798828,39960300,0.0,0.0
2024-07-24 00:00:00-04:00,223.24967028544495,224.04699357799979,216.40268749627205,217.80795288085938,61777600,0.0,0.0
2024-07-25 00:00:00-04:00,218.19665359620475,220.11023564894725,213.9010930254534,216.76148986816406,51391200,0.0,0.0
2024-07-26 00:00:00-04:00,217.96741565742542,218.75477790382115,215.2864239407029,217.2299041748047,41601300,0.0,0.0
2024-07-29 00:00:00-04:00,216.23326096996,218.5654190781,215.0273073866339,217.50897216796875,36311800,0.0,0.0
2024-07-30 00:00:00-04:00,218.45580119769897,219.5919820328496,215.39607720378967,218.06710815429688,41643800,0.0,0.0
2024-07-31 00:00:00-04:00,220.6982497488722,223.07028238181744,219.89096542123676,221.3361053466797,50036300,0.0,0.0
2024-08-01 00:00:00-04:00,223.618417993468,223.72805013234773,216.29304757526307,217.62855529785156,62501000,0.0,0.0
2024-08-02 00:00:00-04:00,218.41592196270943,224.84432899946665,216.98075820790513,219.12355041503906,105568600,0.0,0.0
2024-08-05 00:00:00-04:00,198.42310739676375,212.7848420736874,195.34346157584417,208.5690155029297,119548600,0.0,0.0
2024-08-06 00:00:00-04:00,204.61231506511243,209.28660752946874,200.39648844230862,206.5358428955078,69660500,0.0,0.0
2024-08-07 00:00:00-04:00,206.20693999643444,212.92436846093156,205.69865382063958,209.11717224121094,63516400,0.0,0.0
2024-08-08 00:00:00-04:00,212.39614722358988,213.4824924067945,208.13048513245963,212.59547424316406,47161100,0.0,0.0
2024-08-09 00:00:00-04:00,211.38955402452135,216.05387055494424,211.259984607228,215.51568603515625,42201600,0.0,0.0
2024-08-12 00:00:00-04:00,215.59550663031672,219.02793942662467,215.12653755613,217.0522918701172,38028100,0.25,0.0
2024-08-13 00:00:00-04:00,218.52904142421028,221.4027217224782,218.52904142421028,220.78408813476562,44155300,0.0,0.0
2024-08-14 00:00:00-04:00,220.08562480803565,222.54021400164925,219.21752501736546,221.23309326171875,41960600,0.0,0.0
2024-08-15 00:00:00-04:00,224.10676986474735,224.8551228159093,222.27079905335071,224.22650146484375,46414000,0.0,0.0
2024-08-16 00:00:00-04:00,223.42826155403992,226.33187474025672,223.15885022096822,225.5535888671875,44340200,0.0,0.0
2024-08-19 00:00:00-04:00,225.22429606357244,225.49370737790127,222.55017371179113,225.3939208984375,40687800,0.0,0.0
2024-08-20 00:00:00-04:00,225.27420804373648,226.6711275207631,224.95490346311303,226.0125732421875,30299000,0.0,0.0
2024-08-21 00:00:00-04:00,226.0225636042008,227.47934890039068,224.55579052395228,225.90281677246094,34765500,0.0,0.0
2024-08-22 00:00:00-04:00,227.28974628083643,227.8385414771675,223.4082896744648,224.0369110107422,43695300,0.0,0.0
2024-08-23 00:00:00-04:00,225.16444130741013,227.7188169640382,223.83736023691762,226.3418426513672,38677300,0.0,0.0
2024-08-26 00:00:00-04:00,226.2620154817008,226.7808777924977,223.39832305195915,226.68109130859375,30602200,0.0,0.0
2024-08-27 00:00:00-04:00,225.50369501854036,228.34744239539063,224.39613201364162,227.52923583984375,35934600,0.0,0.0
2024-08-28 00:00:00-04:00,227.4194670399241,229.35520907583674,225.18438078371824,225.99261474609375,38052200,0.0,0.0
2024-08-29 00:00:00-04:00,229.59470189609323,232.4085012026452,228.37737982242845,229.28536987304688,51906300,0.0,0.0
2024-08-30 00:00:00-04:00,229.6844899472923,229.89402024722435,226.98043458769098,228.49710083007812,52990800,0.0,0.0
2024-09-03 00:00:00-04:00,228.04809790202157,228.4971066385697,220.68429981162342,222.28079223632812,50190600,0.0,0.0
2024-09-04 00:00:00-04:00,221.17322424578342,221.29295584608857,217.0023958735564,220.36500549316406,43840200,0.0,0.0
2024-09-05 00:00:00-04:00,221.14329437614535,224.98483044961614,221.03353533260162,221.8916473388672,36615400,0.0,0.0
2024-09-06 00:00:00-04:00,223.45818364879955,224.74535922490057,219.2873705935476,220.33506774902344,48423000,0.0,0.0
2024-09-09 00:00:00-04:00,220.3350822772696,220.7840910234286,216.23410730849415,220.4248809814453,67180000,0.0,0.0
2024-09-10 00:00:00-04:00,218.43922835246784,220.9936039050013,216.25403537150672,219.62661743164062,51591000,0.0,0.0
2024-09-11 00:00:00-04:00,220.97367404683663,222.6000841658612,217.41150656335964,222.17103576660156,44587100,0.0,0.0
2024-09-12 00:00:00-04:00,222.01138090428717,223.0590781064196,219.33727360197898,222.28079223632812,37498200,0.0,0.0
2024-09-13 00:00:00-04:00,223.08899783711732,223.54797910505988,221.42266715079168,222.01136779785156,36766600,0.0,0.0
2024-09-16 00:00:00-04:00,216.0644583037111,216.74297289953918,213.4502168549942,215.84495544433594,59357400,0.0,0.0
2024-09-17 00:00:00-04:00,215.27619443719672,216.42366284814068,214.02893954474482,216.31390380859375,45519300,0.0,0.0
2024-09-18 00:00:00-04:00,217.07224903728172,222.22092099435915,217.06226125375574,220.20535278320312,59894900,0.0,0.0
2024-09-19 00:00:00-04:00,224.49591687958383,229.31531179988679,224.1367068474718,228.3673858642578,66781300,0.0,0.0
2024-09-20 00:00:00-04:00,229.46496974860833,232.57811312113958,227.12012443578536,227.6988525390625,318679900,0.0,0.0
2024-09-23 00:00:00-04:00,226.8407407931877,228.94610768522742,225.31410200503296,225.97265625,54146000,0.0,0.0
2024-09-24 00:00:00-04:00,228.14786961487798,228.8463445678705,225.2342838755063,226.8706817626953,43556100,0.0,0.0
2024-09-25 00:00:00-04:00,224.43603888049125,226.79085685048213,223.52804884217394,225.8728790283203,42308700,0.0,0.0
2024-09-26 00:00:00-04:00,226.80083714120576,227.99819881641105,224.9149883158055,227.02035522460938,36636700,0.0,0.0
2024-09-27 00:00:00-04:00,227.9582911728241,229.01596089620384,226.80083496693393,227.2897491455078,34026000,0.0,0.0
2024-09-30 00:00:00-04:00,229.5348054854851,232.48831176757812,229.1456625683617,232.48831176757812,54541900,0.0,0.0
2024-10-01 00:00:00-04:00,229.0159547825387,229.14565893600417,223.24864947388588,225.71322631835938,63285000,0.0,0.0
2024-10-02 00:00:00-04:00,225.3939223013361,226.8706678098605,222.53022998119604,226.28196716308594,32880600,0.0,0.0
2024-10-03 00:00:00-04:00,224.64557310138042,226.3119038145279,222.82957789090332,225.17440795898438,34044200,0.0,0.0
2024-10-04 00:00:00-04:00,227.39951613756347,227.49930262356304,223.63780617480538,226.30194091796875,37245100,0.0,0.0
2024-10-07 00:00:00-04:00,224.0069975750027,225.19438676879486,220.84396072803747,221.2031707763672,39505400,0.0,0.0
2024-10-08 00:00:00-04:00,223.80742742544692,225.4837307412941,222.75973024040246,225.27420043945312,31855700,0.0,0.0
2024-10-09 00:00:00-04:00,224.73538646570117,229.24546472466872,224.33627096325682,229.03591918945312,33591100,0.0,0.0
2024-10-10 00:00:00-04:00,227.279775108536,228.99599906464633,226.67111410985407,228.53700256347656,28183500,0.0,0.0
2024-10-11 00:00:00-04:00,228.79644988971887,228.9062089337624,226.84074743911052,227.05029296875,31759200,0.0,0.0
2024-10-14 00:00:00-04:00,228.19775690140833,231.22110160659443,228.09798564307096,230.79205322265625,39882100,0.0,0.0
2024-10-15 00:00:00-04:00,233.0969778733182,236.9684620133565,231.85969551276995,233.33645629882812,64751400,0.0,0.0
2024-10-16 00:00:00-04:00,231.09139869260778,231.61024577942743,229.33525401328018,231.27099609375,34082200,0.0,0.0
2024-10-17 00:00:00-04:00,232.9173703418766,233.3364614020046,230.0137723986246,231.6401824951172,32993800,0.0,0.0
2024-10-18 00:00:00-04:00,235.66133386929857,235.66133386929857,233.4961010856326,234.4839324951172,46431500,0.0,0.0
2024-10-21 00:00:00-04:00,233.9351372634737,236.32987592195377,233.9351372634737,235.96067810058594,36254500,0.0,0.0
2024-10-22 00:00:00-04:00,233.376366009758,235.70125104779564,232.08920560922664,235.342041015625,38846600,0.0,0.0
2024-10-23 00:00:00-04:00,233.56595129753524,234.62362105235994,227.25982300232985,230.25323486328125,52287000,0.0,0.0
2024-10-24 00:00:00-04:00,229.4749437774939,230.31311065070702,227.90839952304313,230.06365966796875,31109500,0.0,0.0
2024-10-25 00:00:00-04:00,229.23547896644118,232.7078323586645,229.0658541264054,230.9018096923828,38802300,0.0,0.0
2024-10-28 00:00:00-04:00,232.80762499530724,234.21451699403664,232.03931169048735,232.88743591308594,36087100,0.0,0.0
2024-10-29 00:00:00-04:00,232.58810476348472,233.815399347975,231.8098189074392,233.15684509277344,35417200,0.0,0.0
2024-10-30 00:00:00-04:00,232.09917848988178,232.95729049985403,229.04590082483264,229.59469604492188,47070900,0.0,0.0
2024-10-31 00:00:00-04:00,228.83635490362704,229.325284321648,224.8750719925984,225.4138946533203,64370100,0.0,0.0
2024-11-01 00:00:00-04:00,220.48474431371312,224.8551305713263,219.78628458026085,222.4204864501953,65276700,0.0,0.0
2024-11-04 00:00:00-05:00,220.5046966292777,222.3007315284092,219.2275088130919,221.52244567871094,44944500,0.0,0.0
2024-11-05 00:00:00-05:00,221.31291912362707,223.45819152571042,220.65436486265338,222.95928955078125,28111300,0.0,0.0
2024-11-06 00:00:00-05:00,222.12113695305962,225.5735453041769,220.7042571772517,222.23089599609375,54561100,0.0,0.0
2024-11-07 00:00:00-05:00,224.13670611072257,227.37956894750107,224.0768403097807,226.98043823242188,42137700,0.0,0.0
2024-11-08 00:00:00-05:00,226.92049995960826,228.4088689967903,226.16134014604208,226.7107391357422,38328800,0.25,0.0
2024-11-11 00:00:00-05:00,224.7528927426808,225.45212091614073,221.25673663335022,223.98373413085938,42005600,0.0,0.0
2024-11-12 00:00:00-05:00,224.30339000560164,225.34224111445195,223.11469448970428,223.98373413085938,40398300,0.0,0.0
2024-11-13 00:00:00-05:00,223.76397540644066,226.4010754152989,222.5153482196322,224.8727569580078,48566200,0.0,0.0
2024-11-14 00:00:00-05:00,224.77287777547028,228.61864039722624,224.7528954725484,227.9693603515625,44923900,0.0,0.0
2024-11-15 00:00:00-05:00,226.15134020310103,226.67077335813082,224.023689933323,224.7528839111328,47923700,0.0,0.0
2024-11-18 00:00:00-05:00,225.00261496304853,229.4876892234719,224.92270099550518,227.7695770263672,44686000,0.0,0.0
2024-11-19 00:00:00-05:00,226.73070634208972,229.90722171238716,226.41106572007726,228.02928161621094,36211800,0.0,0.0
2024-11-20 00:00:00-05:00,227.80951934283004,229.67746064503265,225.64190448211673,228.7484893798828,35169600,0.0,0.0
2024-11-21 00:00:00-05:00,228.6286329426038,229.90722593821596,225.46211628612434,228.26902770996094,42108300,0.0,0.0
2024-11-22 00:00:00-05:00,227.80952873867182,230.46661102927646,227.80952873867182,229.61753845214844,38168300,0.0,0.0
2024-11-25 00:00:00-05:00,231.2058026888721,232.99383009111634,229.48769048234254,232.61424255371094,90152800,0.0,0.0
2024-11-26 00:00:00-05:00,233.07373841155265,235.31128373473052,233.07373841155265,234.8018341064453,45986200,0.0,0.0
2024-11-27 00:00:00-05:00,234.21249554010248,235.43115689965902,233.55321672420507,234.67198181152344,33498400,0.0,0.0
2024-11-29 00:00:00-05:00,234.55211454995276,237.5488197625333,233.71304074851764,237.06935119628906,28481400,0.0,0.0
2024-12-02 00:00:00-05:00,237.00941446483552,240.52553753151284,236.89953466637493,239.3268585205078,48137100,0.0,0.0
2024-12-03 00:00:00-05:00,239.54662188503684,242.49337894569658,238.6376176509325,242.3834991455078,38861000,0.0,0.0
2024-12-04 00:00:00-05:00,242.60325739533934,243.84190102311462,240.9850414761411,242.74310302734375,44383900,0.0,0.0
2024-12-05 00:00:00-05:00,243.72204013219255,244.2714238935446,241.86408229295347,242.7730712890625,40033900,0.0,0.0
2024-12-06 00:00:00-05:00,242.6432183998472,244.3613305629988,241.8141281502541,242.5732879638672,36870600,0.0,0.0
2024-12-09 00:00:00-05:00,241.56440918324205,246.96847124510987,241.48449521514058,246.47900390625,44649200,0.0,0.0
2024-12-10 00:00:00-05:00,246.61884065291167,247.93739821602466,245.0705399660552,247.4978790283203,36914800,0.0,0.0
2024-12-11 00:00:00-05:00,247.68767076725757,250.52454792031958,245.98952569372008,246.2192840576172,45205800,0.0,0.0
2024-12-12 00:00:00-05:00,246.61885092340057,248.46682524629017,245.41017310687806,247.68768310546875,32777500,0.0,0.0
2024-12-13 00:00:00-05:00,247.54782582286595,249.01619729452798,245.96955931284188,247.85748291015625,33155300,0.0,0.0
2024-12-16 00:00:00-05:00,247.71764416028498,251.10392039685559,247.3780059899919,250.7642822265625,51694800,0.0,0.0
2024-12-17 00:00:00-05:00,249.80533943156328,253.5512208135588,249.50566587259755,253.20159912109375,51356400,0.0,0.0
2024-12-18 00:00:00-05:00,251.88305927654196,254.0007260278641,247.46791553993853,247.77757263183594,56774100,0.0,0.0
2024-12-19 00:00:00-05:00,247.22817727073837,251.72323503929724,246.81862390484895,249.51565551757812,60882300,0.0,0.0
2024-12-20 00:00:00-05:00,247.76758181309805,254.71994465608725,245.42017186050566,254.21051025390625,147495300,0.0,0.0
2024-12-23 00:00:00-05:00,254.49020366493687,255.36922684225433,253.17164603591402,254.98965454101562,40858800,0.0,0.0
2024-12-24 00:00:00-05:00,255.2094124344067,257.92641115938613,255.0096198916901,257.91644287109375,23234700,0.0,0.0
2024-12-26 00:00:00-05:00,257.90642916266114,259.81433504408284,257.34704665632455,258.7355041503906,27237100,0.0,0.0
2024-12-27 00:00:00-05:00,257.54682582842287,258.41589596104086,252.78207543596488,255.30929565429688,42355300,0.0,0.0
2024-12-30 00:00:00-05:00,251.95298524244893,253.22159473829512,250.47461491371794,251.9230194091797,35557500,0.0,0.0
2024-12-31 00:00:00-05:00,252.16275955239965,253.00183336212825,249.15605553782555,250.1449737548828,39480700,0.0,0.0
2025-01-02 00:00:00-05:00,248.65660659999048,248.826433311358,241.55442975303322,243.5821990966797,55740700,0.0,0.0
2025-01-03 00:00:00-05:00,243.0927276611328,243.91181916074598,241.624340886356,243.0927276611328,40244100,0.0,0.0
2025-01-06 00:00:00-05:00,244.04168187374515,247.05836939894766,242.93290033169586,244.73092651367188,45045600,0.0,0.0
2025-01-07 00:00:00-05:00,242.71314361950866,245.28032844029428,241.08494412707995,241.94400024414062,40856000,0.0,0.0
2025-01-08 00:00:00-05:00,241.65429905026372,243.44234164075266,239.78635773622742,242.43344116210938,37628900,0.0,0.0
2025-01-10 00:00:00-05:00,239.7463920626497,239.8962364632009,232.74409661721964,236.58987426757812,61710900,0.0,0.0
2025-01-13 00:00:00-05:00,233.27352322575203,234.41227060505477,229.46771001708314,234.14256286621094,49630700,0.0,0.0
2025-01-14 00:00:00-05:00,234.49217517741417,235.8606656353981,232.21468051006943,233.02378845214844,39435300,0.0,0.0
2025-01-15 00:00:00-05:00,234.38230107288462,238.6975638581554,234.17252500331003,237.60874938964844,39832000,0.0,0.0
2025-01-16 00:00:00-05:00,237.089336348529,237.74859991927732,227.7795647267042,228.00930786132812,71759100,0.0,0.0
2025-01-17 00:00:00-05:00,231.86506609768284,232.03487756376998,228.22906438809179,229.7274169921875,68488300,0.0,0.0
2025-01-21 00:00:00-05:00,223.75398423747347,224.17352112887505,219.13906319002535,222.39547729492188,98070400,0.0,0.0
2025-01-22 00:00:00-05:00,219.54859611049605,223.87384226456615,219.54859611049605,223.58416748046875,64126500,0.0,0.0
2025-01-23 00:00:00-05:00,224.493183388126,226.78066167492807,222.05586069453574,223.41436767578125,60234800,0.0,0.0
2025-01-24 00:00:00-05:00,224.53312753788666,225.38220009721186,221.16683361690275,222.5353240966797,54697900,0.0,0.0
2025-01-27 00:00:00-05:00,223.77396171163917,231.89502211760887,223.73399710835045,229.6075439453125,94863400,0.0,0.0
2025-01-28 00:00:00-05:00,230.59647127201654,239.9262098046868,230.55650666713984,237.99832153320312,75707600,0.0,0.0
2025-01-29 00:00:00-05:00,233.86287156365174,239.5965730646729,233.75299176206667,239.0971221923828,45486100,0.0,0.0
2025-01-30 00:00:00-05:00,238.40787147181928,240.52553823889048,236.94948349745044,237.3290557861328,55658300,0.0,0.0
2025-01-31 00:00:00-05:00,246.91852728753366,246.91852728753366,233.18362815459494,235.74081420898438,101075100,0.0,0.0
2025-02-03 00:00:00-05:00,229.73741895869952,231.5753945205246,225.45212191586603,227.75958251953125,73063300,0.0,0.0
2025-02-04 00:00:00-05:00,227.00041910872287,232.87396618357337,226.40107197135944,232.54432678222656,45067300,0.0,0.0
2025-02-05 00:00:00-05:00,228.27901582634638,232.4144684638066,228.0193068583431,232.21469116210938,39620300,0.0,0.0
2025-02-06 00:00:00-05:00,231.0359788855247,233.54323203112875,230.17692277145878,232.9638671875,29925300,0.0,0.0
2025-02-07 00:00:00-05:00,232.3445476829273,233.74300400322835,227.0104008794231,227.3800048828125,39707200,0.0,0.0
2025-02-10 00:00:00-05:00,229.57000732421875,230.58999633789062,227.1999969482422,227.64999389648438,33115600,0.25,0.0
2025-02-11 00:00:00-05:00,228.1999969482422,235.22999572753906,228.1300048828125,232.6199951171875,53718400,0.0,0.0
2025-02-12 00:00:00-05:00,231.1999969482422,236.9600067138672,230.67999267578125,236.8699951171875,45243300,0.0,0.0
2025-02-13 00:00:00-05:00,236.91000366210938,242.33999633789062,235.57000732421875,241.52999877929688,53614100,0.0,0.0
2025-02-14 00:00:00-05:00,241.25,245.5500030517578,240.99000549316406,244.60000610351562,40896200,0.0,0.0
2025-02-18 00:00:00-05:00,244.14999389648438,245.17999267578125,241.83999633789062,244.47000122070312,48822500,0.0,0.0
2025-02-19 00:00:00-05:00,244.66000366210938,246.00999450683594,243.16000366210938,244.8699951171875,32204200,0.0,0.0
2025-02-20 00:00:00-05:00,244.94000244140625,246.77999877929688,244.2899932861328,245.8300018310547,32316900,0.0,0.0
2025-02-21 00:00:00-05:00,245.9499969482422,248.69000244140625,245.22000122070312,245.5500030517578,53197400,0.0,0.0
2025-02-24 00:00:00-05:00,244.92999267578125,248.86000061035156,244.4199981689453,247.10000610351562,51326400,0.0,0.0
2025-02-25 00:00:00-05:00,248.0,250.0,244.91000366210938,247.0399932861328,48013300,0.0,0.0
2025-02-26 00:00:00-05:00,244.3300018310547,244.97999572753906,239.1300048828125,240.36000061035156,44433600,0.0,0.0
2025-02-27 00:00:00-05:00,239.41000366210938,242.4600067138672,237.05999755859375,237.3000030517578,41153600,0.0,0.0
2025-02-28 00:00:00-05:00,236.9499969482422,242.08999633789062,230.1999969482422,241.83999633789062,56833400,0.0,0.0
2025-03-03 00:00:00-05:00,241.7899932861328,244.02999877929688,236.11000061035156,238.02999877929688,47184000,0.0,0.0
2025-03-04 00:00:00-05:00,237.7100067138672,240.07000732421875,234.67999267578125,235.92999267578125,53798100,0.0,0.0
2025-03-05 00:00:00-05:00,235.4199981689453,236.5500030517578,229.22999572753906,235.74000549316406,47227600,0.0,0.0
2025-03-06 00:00:00-05:00,234.44000244140625,237.86000061035156,233.16000366210938,235.3300018310547,45170400,0.0,0.0
2025-03-07 00:00:00-05:00,235.11000061035156,241.3699951171875,234.75999450683594,239.07000732421875,46273600,0.0,0.0
2025-03-10 00:00:00-04:00,235.5399932861328,236.16000366210938,224.22000122070312,227.47999572753906,72071200,0.0,0.0
2025-03-11 00:00:00-04:00,223.80999755859375,225.83999633789062,217.4499969482422,220.83999633789062,76137400,0.0,0.0
2025-03-12 00:00:00-04:00,220.13999938964844,221.75,214.91000366210938,216.97999572753906,62547500,0.0,0.0
2025-03-13 00:00:00-04:00,215.9499969482422,216.83999633789062,208.4199981689453,209.67999267578125,61368300,0.0,0.0
2025-03-14 00:00:00-04:00,211.25,213.9499969482422,209.5800018310547,213.49000549316406,60107600,0.0,0.0
2025-03-17 00:00:00-04:00,213.30999755859375,215.22000122070312,209.97000122070312,214.0,48073400,0.0,0.0
2025-03-18 00:00:00-04:00,214.16000366210938,215.14999389648438,211.49000549316406,212.69000244140625,42432400,0.0,0.0
2025-03-19 00:00:00-04:00,214.22000122070312,218.75999450683594,213.75,215.24000549316406,54385400,0.0,0.0
2025-03-20 00:00:00-04:00,213.99000549316406,217.49000549316406,212.22000122070312,214.10000610351562,48862900,0.0,0.0
2025-03-21 00:00:00-04:00,211.55999755859375,218.83999633789062,211.27999877929688,218.27000427246094,94127800,0.0,0.0
2025-03-24 00:00:00-04:00,221.0,221.47999572753906,218.5800018310547,220.72999572753906,44299500,0.0,0.0
2025-03-25 00:00:00-04:00,220.77000427246094,224.10000610351562,220.0800018310547,223.75,34493600,0.0,0.0
2025-03-26 00:00:00-04:00,223.50999450683594,225.02000427246094,220.47000122070312,221.52999877929688,34466100,0.0,0.0
2025-03-27 00:00:00-04:00,221.38999938964844,224.99000549316406,220.55999755859375,223.85000610351562,37094800,0.0,0.0
2025-03-28 00:00:00-04:00,221.6699981689453,223.80999755859375,217.67999267578125,217.89999389648438,39818600,0.0,0.0
2025-03-31 00:00:00-04:00,217.00999450683594,225.6199951171875,216.22999572753906,222.1300048828125,65299300,0.0,0.0
2025-04-01 00:00:00-04:00,219.80999755859375,223.67999267578125,218.89999389648438,223.19000244140625,36412700,0.0,0.0
2025-04-02 00:00:00-04:00,221.32000732421875,225.19000244140625,221.02000427246094,223.88999938964844,35905900,0.0,0.0
2025-04-03 00:00:00-04:00,205.5399932861328,207.49000549316406,201.25,203.19000244140625,103419000,0.0,0.0
2025-04-04 00:00:00-04:00,193.88999938964844,199.8800048828125,187.33999633789062,188.3800048828125,125910900,0.0,0.0
2025-04-07 00:00:00-04:00,177.1999969482422,194.14999389648438,174.6199951171875,181.4600067138672,160466300,0.0,0.0
2025-04-08 00:00:00-04:00,186.6999969482422,190.33999633789062,169.2100067138672,172.4199981689453,120859500,0.0,0.0
2025-04-09 00:00:00-04:00,171.9499969482422,200.61000061035156,171.88999938964844,198.85000610351562,184395900,0.0,0.0
2025-04-10 00:00:00-04:00,189.07000732421875,194.77999877929688,183.0,190.4199981689453,121880000,0.0,0.0
2025-04-11 00:00:00-04:00,186.10000610351562,199.5399932861328,186.05999755859375,198.14999389648438,87300000,0.0,0.0
2025-04-14 00:00:00-04:00,211.44000244140625,212.94000244140625,201.16209411621094,205.72999572753906,78727103,0.0,0.0
