Date,Open,High,Low,Close,Volume,Dividends,Stock Splits
2020-04-14 00:00:00-04:00,61.703500286214066,63.48398554877324,61.13471691802692,62.96049118041992,63358000,0.0,0.0
2020-04-15 00:00:00-04:00,62.028938101687494,63.45213406032759,61.40641468122745,62.56587219238281,42236000,0.0,0.0
2020-04-16 00:00:00-04:00,63.05552829485858,63.365049290764205,61.61541491881244,62.57233810424805,57896000,0.0,0.0
2020-04-17 00:00:00-04:00,63.7800697785387,64.19309603629993,62.99880511817582,63.645713806152344,51050000,0.0,0.0
2020-04-20 00:00:00-04:00,63.192382507258586,63.53723420122594,62.52308175937078,62.75746154785156,35292000,0.0,0.0
2020-04-21 00:00:00-04:00,61.839850264512044,62.20261405697776,59.96331995092656,60.319618225097656,49648000,0.0,0.0
2020-04-22 00:00:00-04:00,61.760230765880394,63.68950654892741,61.56566156092497,62.621116638183594,46296000,0.0,0.0
2020-04-23 00:00:00-04:00,62.9858614211265,64.10103222735762,62.72660289717478,63.25606918334961,34202000,0.0,0.0
2020-04-24 00:00:00-04:00,62.45142034269284,63.581519212126466,61.904038134854936,63.526283264160156,37402000,0.0,0.0
2020-04-27 00:00:00-04:00,64.29261999002367,64.39712372198137,62.95202913831528,63.24065017700195,44186000,0.0,0.0
2020-04-28 00:00:00-04:00,63.85471970338385,63.93234388907775,61.22628337783574,61.33625793457031,80700000,0.0,0.0
2020-04-29 00:00:00-04:00,66.93000841508254,67.6839037451793,66.02085713189535,66.78968048095703,108358000,0.0,0.0
2020-04-30 00:00:00-04:00,66.2512539359075,67.17881846187733,65.76059592377868,67.01460266113281,55842000,0.0,0.0
2020-05-01 00:00:00-04:00,65.88948738417584,67.24998736729863,65.17142379081537,65.55259704589844,48872000,0.0,0.0
2020-05-04 00:00:00-04:00,65.09528785583291,65.90840178406958,64.49216850017636,65.83026885986328,30806000,0.0,0.0
2020-05-05 00:00:00-04:00,66.55679496980919,68.2243215628969,66.43388558474965,67.13005065917969,39666000,0.0,0.0
2020-05-06 00:00:00-04:00,67.57691974063604,68.1088766042414,66.93648036667742,66.95140838623047,31732000,0.0,0.0
2020-05-07 00:00:00-04:00,67.74162698307182,68.47263673969645,67.30521401409817,68.13822937011719,30652000,0.0,0.0
2020-05-08 00:00:00-04:00,68.76224962511807,69.49972107273517,68.2740821604466,68.88764953613281,33326000,0.0,0.0
2020-05-11 00:00:00-04:00,68.51194548372064,70.43972524742269,68.44775348367992,69.84556579589844,32718000,0.0,0.0
2020-05-12 00:00:00-04:00,70.07597118487982,70.38001377865767,68.39849009246208,68.43183135986328,33918000,0.0,0.0
2020-05-13 00:00:00-04:00,68.48059199835623,68.93691403950152,66.08454630529928,67.09571075439453,40368000,0.0,0.0
2020-05-14 00:00:00-04:00,66.358740454696,67.54556349090912,65.85017034843136,67.52018737792969,36660000,0.0,0.0
2020-05-15 00:00:00-04:00,67.09223444201076,68.40196688173432,66.63143246758034,68.32633209228516,41544000,0.0,0.0
2020-05-18 00:00:00-04:00,67.75506542085085,69.30664542495049,67.38781793513687,68.92945098876953,47094000,0.0,0.0
2020-05-19 00:00:00-04:00,68.9443854610412,69.29321213831301,68.36117519922374,68.39302062988281,31586000,0.0,0.0
2020-05-20 00:00:00-04:00,69.12749997341068,70.26556016251162,69.04091594784161,70.12274169921875,38262000,0.0,0.0
2020-05-21 00:00:00-04:00,70.21380448437766,70.4860016339979,69.38775204331579,70.00281524658203,30894000,0.0,0.0
2020-05-22 00:00:00-04:00,69.86100197282914,70.51288417543044,69.46539424513811,70.3257827758789,28544000,0.0,0.0
2020-05-26 00:00:00-04:00,71.75494334516371,71.9116951445939,70.63231222745613,70.73033905029297,44590000,0.0,0.0
2020-05-27 00:00:00-04:00,70.66216836000463,70.92839736595668,69.39821460494831,70.67610168457031,31684000,0.0,0.0
2020-05-28 00:00:00-04:00,69.66692194094234,71.87934390822512,69.6211431898544,70.5745849609375,35170000,0.0,0.0
2020-05-29 00:00:00-04:00,70.68357225874094,71.49469683728731,70.4621348843293,71.3349609375,37044000,0.0,0.0
2020-06-01 00:00:00-04:00,70.94580806681581,71.73602869916792,70.77561651245831,71.4021224975586,25162000,0.0,0.0
2020-06-02 00:00:00-04:00,71.40859947866784,71.8066977191186,70.74228284294568,71.7723617553711,23442000,0.0,0.0
2020-06-03 00:00:00-04:00,71.79176648096278,72.10576361612307,71.24040169551722,71.62008666992188,27732000,0.0,0.0
2020-06-04 00:00:00-04:00,71.497177182306,71.72310206654205,69.96599963959787,70.37852478027344,26982000,0.0,0.0
2020-06-05 00:00:00-04:00,70.44520752119047,71.97091804138051,70.04611456061043,71.65840911865234,42642000,0.0,0.0
2020-06-08 00:00:00-04:00,70.9746746217983,72.10526325973755,70.88509891401527,72.0574951171875,33878000,0.0,0.0
2020-06-09 00:00:00-04:00,71.918169309766,73.04080050318835,71.7748496811189,72.25853729248047,33624000,0.0,0.0
2020-06-10 00:00:00-04:00,72.72779445199085,73.28811152943916,72.37199732197752,72.88653564453125,31762000,0.0,0.0
2020-06-11 00:00:00-04:00,71.70867022307195,72.2346589692547,69.5878130130695,69.76148223876953,47144000,0.0,0.0
2020-06-12 00:00:00-04:00,70.95376958003494,71.38421437179544,68.96030198853704,70.30985260009766,36676000,0.0,0.0
2020-06-15 00:00:00-04:00,69.14393211467979,70.91098145927349,69.0299749795907,70.6989974975586,30468000,0.0,0.0
2020-06-16 00:00:00-04:00,72.10527122790478,72.51182820441042,71.10953579604588,71.97937774658203,30648000,0.0,0.0
2020-06-17 00:00:00-04:00,72.30132693280937,72.76212128859353,71.4150612832835,72.28141784667969,30610000,0.0,0.0
2020-06-18 00:00:00-04:00,72.14756380354159,72.30281975696262,70.97267707547431,71.36480712890625,34862000,0.0,0.0
2020-06-19 00:00:00-04:00,71.65740986390969,71.88133775111594,70.61240293282405,70.89306640625,52784000,0.0,0.0
2020-06-22 00:00:00-04:00,70.91147505867174,72.20230067860511,70.62185934811,72.1878662109375,29442000,0.0,0.0
2020-06-23 00:00:00-04:00,72.25455152562985,73.40903563217812,71.90621842213413,72.85070037841797,37752000,0.0,0.0
2020-06-24 00:00:00-04:00,72.81587541071586,73.43839511149096,71.15979153173976,71.29415130615234,31592000,0.0,0.0
2020-06-25 00:00:00-04:00,71.22049025097112,71.77284971319233,70.63926944685834,71.71214294433594,23958000,0.0,0.0
2020-06-26 00:00:00-04:00,71.29066762558381,71.5091209058233,67.42763609824557,67.80284118652344,97640000,0.0,0.0
2020-06-29 00:00:00-04:00,67.69336296671155,69.56740658298106,67.2609287443365,69.5261001586914,45074000,0.0,0.0
2020-06-30 00:00:00-04:00,69.51167404146442,70.86121720110151,69.0165360541645,70.56513214111328,40286000,0.0,0.0
2020-07-01 00:00:00-04:00,70.62087178372437,72.07939857823143,70.37255487483583,71.7569351196289,42182000,0.0,0.0
2020-07-02 00:00:00-04:00,72.24659805024832,74.07187120886894,72.20827571187772,73.14678955078125,57218000,0.0,0.0
2020-07-06 00:00:00-04:00,74.05345615982517,75.14075662187608,73.49761142237459,74.62571716308594,44712000,0.0,0.0
2020-07-07 00:00:00-04:00,74.45055656016098,75.70406216918913,74.13058365914364,74.14153289794922,42364000,0.0,0.0
2020-07-08 00:00:00-04:00,74.68294002022051,75.19897413072191,74.25995924949038,74.82227325439453,31766000,0.0,0.0
2020-07-09 00:00:00-04:00,75.13727741838821,76.0932098651604,74.42369372179377,75.57170104980469,41836000,0.0,0.0
2020-07-10 00:00:00-04:00,75.30247721043091,76.70029709996115,74.67896287214894,76.5843505859375,35918000,0.0,0.0
2020-07-13 00:00:00-04:00,77.12825841563946,78.44297203416643,74.96958014308842,75.2517318725586,42954000,0.0,0.0
2020-07-14 00:00:00-04:00,74.28434999897787,75.77770617369718,73.94297977071558,75.68116760253906,38108000,0.0,0.0
2020-07-15 00:00:00-04:00,75.79911032958475,76.45099251906724,74.53515653534063,75.48312377929688,31026000,0.0,0.0
2020-07-16 00:00:00-04:00,74.71778467158745,75.43486121845835,74.05943310844663,75.3855972290039,26484000,0.0,0.0
2020-07-17 00:00:00-04:00,75.48460487369971,75.80905769154303,74.5485816531521,75.48162078857422,34264000,0.0,0.0
2020-07-20 00:00:00-04:00,75.38956453557115,78.07721543774436,74.77749296936797,77.8199462890625,30166000,0.0,0.0
2020-07-21 00:00:00-04:00,78.87440678042151,78.97492413472274,77.26161122175375,77.42582702636719,27486000,0.0,0.0
2020-07-22 00:00:00-04:00,77.41536732793473,77.97618543932268,76.79433600457118,77.87019348144531,24482000,0.0,0.0
2020-07-23 00:00:00-04:00,77.92395335639043,78.14390246974544,75.0705906466516,75.47665405273438,33910000,0.0,0.0
2020-07-24 00:00:00-04:00,74.6028386333552,75.41097153590187,74.02559650691151,75.05168914794922,29902000,0.0,0.0
2020-07-27 00:00:00-04:00,75.30298784991724,76.51220308106483,75.25670794866738,76.10763549804688,27124000,0.0,0.0
2020-07-28 00:00:00-04:00,75.88718593599701,75.93744461336621,74.6690109658058,74.82476806640625,30910000,0.0,0.0
2020-07-29 00:00:00-04:00,74.89193888511915,76.30169506581362,74.79290978342082,75.81303405761719,22676000,0.0,0.0
2020-07-30 00:00:00-04:00,74.5421203310874,76.67791304910183,74.40278707937269,76.5525131225586,36042000,0.0,0.0
2020-07-31 00:00:00-04:00,74.49633966059952,74.89294207022046,72.35407768262465,74.04350280761719,91468000,0.0,0.0
2020-08-03 00:00:00-04:00,74.1952823635518,74.53017571563687,73.23586473268551,73.78524017333984,45482000,0.0,0.0
2020-08-04 00:00:00-04:00,73.98181032735997,74.30028744652176,72.85320328724046,73.31449890136719,37212000,0.0,0.0
2020-08-05 00:00:00-04:00,73.4896528857235,74.14551382781045,73.21097880454894,73.60260772705078,29134000,0.0,0.0
2020-08-06 00:00:00-04:00,73.45630713721422,74.9551379108816,73.24481674977106,74.88945007324219,33306000,0.0,0.0
2020-08-07 00:00:00-04:00,75.09299683965341,75.64286587460231,73.9599099041371,74.5620346069336,27718000,0.0,0.0
2020-08-10 00:00:00-04:00,74.18531593243594,74.99892327445139,73.5229781582979,74.4848861694336,20546000,0.0,0.0
2020-08-11 00:00:00-04:00,74.34455312332905,75.1626480095728,73.55781770581788,73.67475891113281,31098000,0.0,0.0
2020-08-12 00:00:00-04:00,74.00220039154834,75.22386058442733,73.8967019688904,75.00341033935547,22512000,0.0,0.0
2020-08-13 00:00:00-04:00,75.05169051228404,76.48285191890565,75.05169051228404,75.4716796875,22388000,0.0,0.0
2020-08-14 00:00:00-04:00,75.32040392648128,75.62793939616182,74.59338041774163,74.87354278564453,21942000,0.0,0.0
2020-08-17 00:00:00-04:00,75.43783887619192,75.82648373152185,74.891948664715,75.4512710571289,19990000,0.0,0.0
2020-08-18 00:00:00-04:00,75.9429161837234,77.4979814068608,75.72147884435643,77.41886138916016,28378000,0.0,0.0
2020-08-19 00:00:00-04:00,77.25514432932671,78.06975406339483,76.63361934240044,76.86302185058594,30472000,0.0,0.0
2020-08-20 00:00:00-04:00,76.6321282685512,78.63256655639358,76.35794168422376,78.4375,26382000,0.0,0.0
2020-08-21 00:00:00-04:00,78.21605349977197,79.21528172540805,77.74381628283706,78.4036636352539,34838000,0.0,0.0
2020-08-24 00:00:00-04:00,79.24462689407855,80.05625247769231,78.37727560966826,78.88037109375,25638000,0.0,0.0
2020-08-25 00:00:00-04:00,78.62907393281236,80.06122982776336,78.51860203471604,79.91045379638672,25150000,0.0,0.0
2020-08-26 00:00:00-04:00,79.93284358851191,82.2462840692637,79.66811043713714,81.81533813476562,52188000,0.0,0.0
2020-08-27 00:00:00-04:00,81.93874268986407,82.0074146085972,80.55535736545121,81.0385513305664,31350000,0.0,0.0
2020-08-28 00:00:00-04:00,81.08583513332398,81.67700292551035,80.89375267803553,81.58145904541016,22418000,0.0,0.0
2020-08-31 00:00:00-04:00,81.78748473158811,81.8337646346118,80.87982915033425,81.08882904052734,26422000,0.0,0.0
2020-09-01 00:00:00-04:00,81.21968639113527,82.56624525311734,81.08881186454722,82.3602294921875,22652000,0.0,0.0
2020-09-02 00:00:00-04:00,83.00365344587165,85.89433583929082,82.61451509252599,85.46090698242188,49522000,0.0,0.0
2020-09-03 00:00:00-04:00,84.57166962599298,84.59555749578361,80.0030120217837,81.08782958984375,63726000,0.0,0.0
2020-09-04 00:00:00-04:00,80.06720294777561,81.36051923220332,76.53260313427657,78.68431854248047,55850000,0.0,0.0
2020-09-08 00:00:00-04:00,75.88718676343119,77.40741495849956,75.4642059639063,75.81752014160156,54032000,0.0,0.0
2020-09-09 00:00:00-04:00,77.07649937472567,77.56516041610428,75.89564445564935,76.99340057373047,39242000,0.0,0.0
2020-09-10 00:00:00-04:00,77.14019418699958,78.30860397286067,75.63837173852811,75.9394302368164,33024000,0.0,0.0
2020-09-11 00:00:00-04:00,76.04393489459162,76.56892127073058,74.29579252540272,75.42738342285156,30706000,0.0,0.0
2020-09-14 00:00:00-04:00,76.21809682607592,77.47956754747086,74.89741517443528,75.08252716064453,42660000,0.0,0.0
2020-09-15 00:00:00-04:00,76.03100168037477,77.18050476355,75.7428817865187,76.39077758789062,23042000,0.0,0.0
2020-09-16 00:00:00-04:00,76.75702925240749,77.34869819515173,75.21987604229885,75.24475860595703,22128000,0.0,0.0
2020-09-17 00:00:00-04:00,73.93701442817141,74.57645916447423,72.77507377439086,73.99822235107422,40008000,0.0,0.0
2020-09-18 00:00:00-04:00,74.06091812890595,74.40427775863802,71.24040328279774,72.20926666259766,63056000,0.0,0.0
2020-09-21 00:00:00-04:00,71.24040107533145,71.66039017863206,69.80028765833156,71.16675567626953,56908000,0.0,0.0
2020-09-22 00:00:00-04:00,72.17095367719028,72.85020894355684,71.13490659228187,72.64369201660156,33950000,0.0,0.0
2020-09-23 00:00:00-04:00,72.25903690168364,72.30830088742725,69.80029475994638,70.13419342041016,37726000,0.0,0.0
2020-09-24 00:00:00-04:00,69.80028750186223,71.5573821324961,69.7739091004015,70.80448150634766,34552000,0.0,0.0
2020-09-25 00:00:00-04:00,70.91346650564168,71.95299118680184,70.04909927309517,71.61063385009766,30326000,0.0,0.0
2020-09-28 00:00:00-04:00,73.24929285809895,73.29905038643408,71.9699100987875,72.5859603881836,30784000,0.0,0.0
2020-09-29 00:00:00-04:00,72.84722744607932,73.24979803297072,72.35407885679199,72.95222473144531,31816000,0.0,0.0
2020-09-30 00:00:00-04:00,72.69941953772366,73.95641032525084,72.4416568506786,72.93131256103516,40924000,0.0,0.0
2020-10-01 00:00:00-04:00,73.8300187453481,74.39780739351073,73.48864851059548,74.04100799560547,32884000,0.0,0.0
2020-10-02 00:00:00-04:00,72.63423408285196,73.59961978967594,72.02315723124129,72.4336929321289,31222000,0.0,0.0
2020-10-05 00:00:00-04:00,72.78451757055439,73.88177252003113,72.65712826562542,73.7887191772461,21602000,0.0,0.0
2020-10-06 00:00:00-04:00,73.4239703631467,73.87282086187555,71.90672613927885,72.20579528808594,26096000,0.0,0.0
2020-10-07 00:00:00-04:00,72.61831435660335,73.09901783970815,71.32051821827476,72.60985565185547,36108000,0.0,0.0
2020-10-08 00:00:00-04:00,72.9238561559873,74.04748199645591,72.9238561559873,73.8185806274414,26076000,0.0,0.0
2020-10-09 00:00:00-04:00,74.28783048431298,75.23281359404584,73.99622536956137,75.16314697265625,32966000,0.0,0.0
2020-10-12 00:00:00-04:00,76.53408949683731,79.04308997579452,76.10115418697416,77.85726165771484,55344000,0.0,0.0
2020-10-13 00:00:00-04:00,78.47531921079461,78.88088147808016,77.56069322963157,77.98068237304688,39072000,0.0,0.0
2020-10-14 00:00:00-04:00,78.35539239500633,78.81568566560401,76.92721520969711,77.80004119873047,33174000,0.0,0.0
2020-10-15 00:00:00-04:00,76.8575521545092,78.19615368912379,76.68985869767641,77.4034423828125,31210000,0.0,0.0
2020-10-16 00:00:00-04:00,77.71992528911265,78.51014601215543,77.51242125898598,78.01203155517578,34194000,0.0,0.0
2020-10-19 00:00:00-04:00,78.42157124529685,78.8196694818718,75.78368541921667,76.13350677490234,29734000,0.0,0.0
2020-10-20 00:00:00-04:00,75.79314561217218,78.31757567925243,75.66326575661667,77.18498992919922,41670000,0.0,0.0
2020-10-21 00:00:00-04:00,78.11901324505759,80.37274164690493,77.98415993197221,78.92217254638672,60322000,0.0,0.0
2020-10-22 00:00:00-04:00,78.87291283355273,80.28714906559912,78.49870246258452,79.95075988769531,30512000,0.0,0.0
2020-10-23 00:00:00-04:00,80.36827170244585,81.31723367329468,80.21201344374147,81.26050567626953,30548000,0.0,0.0
2020-10-26 00:00:00-04:00,80.36577887493387,81.09130647352727,78.01601282132575,78.83758544921875,35826000,0.0,0.0
2020-10-27 00:00:00-04:00,79.06847592412686,79.71886221274569,78.4743164811939,79.56360626220703,25902000,0.0,0.0
2020-10-28 00:00:00-04:00,77.13173899969712,77.32082977436303,75.06511950680083,75.1805648803711,45174000,0.0,0.0
2020-10-29 00:00:00-04:00,75.49008161554319,79.05901715361654,75.46669489176469,77.47360229492188,55406000,0.0,0.0
2020-10-30 00:00:00-04:00,82.9752986633924,83.66599669620678,79.6974670927325,80.42100524902344,99878000,0.0,0.0
2020-11-02 00:00:00-05:00,80.79075106483944,82.51749631331757,80.32795964779757,80.8295669555664,44228000,0.0,0.0
2020-11-03 00:00:00-05:00,81.15002919883526,82.55530560123552,80.22196347188766,81.8914794921875,31432000,0.0,0.0
2020-11-04 00:00:00-05:00,84.87322803918391,88.08039850699622,84.74484402888567,86.87715148925781,71342000,0.0,0.0
2020-11-05 00:00:00-05:00,88.10128853896713,89.16470868146271,86.63728722934314,87.70568084716797,39758000,0.0,0.0
2020-11-06 00:00:00-05:00,87.15034201344257,88.00426119806104,86.42082805664543,87.5678482055664,28622000,0.0,0.0
2020-11-09 00:00:00-05:00,89.37172165047352,90.4122410562724,87.4593633847204,87.65193939208984,53440000,0.0,0.0
2020-11-10 00:00:00-05:00,86.07697225473657,87.55042699948584,85.39771699789287,86.47257995605469,43022000,0.0,0.0
2020-11-11 00:00:00-05:00,87.00403991084542,87.72558872689356,86.73831204017266,86.9458236694336,31838000,0.0,0.0
2020-11-12 00:00:00-05:00,86.68555885766379,87.82909374585917,86.4850176966425,86.72636413574219,26474000,0.0,0.0
2020-11-13 00:00:00-05:00,86.98413472311488,88.43370160863206,86.38599646743025,88.19136047363281,29744000,0.0,0.0
2020-11-16 00:00:00-05:00,87.78728795856988,89.29010509610572,87.64745357983485,88.27943420410156,25468000,0.0,0.0
2020-11-17 00:00:00-05:00,87.97240956400461,88.43420627207988,87.55590565351672,87.66388702392578,21314000,0.0,0.0
2020-11-18 00:00:00-05:00,87.41407824980085,87.83008859204216,86.51487388443644,86.61788177490234,20108000,0.0,0.0
2020-11-19 00:00:00-05:00,86.24914690819902,87.75494824854572,86.0894110233465,87.51011657714844,20106000,0.0,0.0
2020-11-20 00:00:00-05:00,87.68080204637623,87.99728973201321,86.33722711990116,86.40589904785156,27694000,0.0,0.0
2020-11-23 00:00:00-05:00,86.59698652310462,86.88411171935121,85.10213442110361,85.96699523925781,22530000,0.0,0.0
2020-11-24 00:00:00-05:00,85.96401265971706,87.90373648667953,85.6271223299394,87.77535247802734,27984000,0.0,0.0
2020-11-25 00:00:00-05:00,87.96992677839849,88.09780964483882,87.00205044426856,87.78679656982422,19600000,0.0,0.0
2020-11-27 00:00:00-05:00,87.80719756064533,89.42297727421509,87.80719756064533,88.92584991455078,14790000,0.0,0.0
2020-11-30 00:00:00-05:00,88.36005672195728,88.59343800936252,86.97617007706756,87.3026123046875,32418000,0.0,0.0
2020-12-01 00:00:00-05:00,87.91269649674737,90.65259560668585,87.73205682491009,89.34086608886719,37350000,0.0,0.0
2020-12-02 00:00:00-05:00,89.34086108236198,91.20097123321783,88.83378679699169,90.81431579589844,29424000,0.0,0.0
2020-12-03 00:00:00-05:00,90.5938761888373,91.75283265847874,90.41771644555975,90.6585693359375,24728000,0.0,0.0
2020-12-04 00:00:00-05:00,90.57796011685025,91.0397492501524,90.24803263553564,90.75411987304688,20544000,0.0,0.0
2020-12-07 00:00:00-05:00,90.3455593451508,91.02929453535916,89.72303966576968,90.4192123413086,22288000,0.0,0.0
2020-12-08 00:00:00-05:00,89.99573229455972,90.36645741383805,89.13783439851386,90.13555908203125,19936000,0.0,0.0
2020-12-09 00:00:00-05:00,90.08729974843936,90.98352007834363,87.680805678261,88.47003173828125,31728000,0.0,0.0
2020-12-10 00:00:00-05:00,87.71065884956633,88.32721036727966,86.26407601856937,87.96195983886719,28688000,0.0,0.0
2020-12-11 00:00:00-05:00,87.58127983483229,88.44266302397321,87.22000808817418,88.31775665283203,18628000,0.0,0.0
2020-12-14 00:00:00-05:00,88.11473355341082,89.06418903296934,87.040364108191,87.19612121582031,33050000,0.0,0.0
2020-12-15 00:00:00-05:00,87.5743106561317,87.78032644405529,86.6691456825734,87.63502502441406,21352000,0.0,0.0
2020-12-16 00:00:00-05:00,88.03460918058066,88.03460918058066,87.03688443498345,87.44144439697266,24676000,0.0,0.0
2020-12-17 00:00:00-05:00,87.77684541122197,87.91518395961303,86.14564417431515,86.61141204833984,34880000,0.0,0.0
2020-12-18 00:00:00-05:00,86.89307321652835,87.00204928080858,85.34198664274719,85.90031433105469,85256000,0.0,0.0
2020-12-21 00:00:00-05:00,85.04988087959532,86.43675164906524,84.29698019019894,86.3153305053711,33974000,0.0,0.0
2020-12-22 00:00:00-05:00,86.05507600610828,86.21829712216855,84.88318089123128,85.60174560546875,20370000,0.0,0.0
2020-12-23 00:00:00-05:00,85.78636235138065,86.7905564056755,85.65050674333652,86.00033569335938,22974000,0.0,0.0
2020-12-24 00:00:00-05:00,86.03864981343406,86.70596113529743,85.80725791931836,86.29542541503906,9312000,0.0,0.0
2020-12-28 00:00:00-05:00,86.83036709367283,88.92485327877053,86.67660697371885,88.27595520019531,27650000,0.0,0.0
2020-12-29 00:00:00-05:00,88.93630235401565,88.99800382149073,87.33794125305134,87.46981048583984,19726000,0.0,0.0
2020-12-30 00:00:00-05:00,87.83008941804188,87.96743327328805,85.9888935947524,86.39942932128906,21026000,0.0,0.0
2020-12-31 00:00:00-05:00,86.45018987451368,87.45687447969729,86.39146489743216,87.21503448486328,21070000,0.0,0.0
2021-01-04 00:00:00-05:00,87.58128228878026,87.705186375187,84.9508603421397,85.89584350585938,37324000,0.0,0.0
2021-01-05 00:00:00-05:00,85.84408949685165,86.92591538334669,85.4365378377414,86.58853149414062,20360000,0.0,0.0
2021-01-06 00:00:00-05:00,84.60849276055802,86.78359483694405,84.40148228115612,85.7341079711914,46588000,0.0,0.0
2021-01-07 00:00:00-05:00,85.92718285176521,88.4680365310176,85.92718285176521,88.29486846923828,41936000,0.0,0.0
2021-01-08 00:00:00-05:00,88.43520016542561,89.53991920335396,87.64198775015869,89.46378326416016,35484000,0.0,0.0
2021-01-11 00:00:00-05:00,88.42821928421255,88.79447206113275,87.19014290740792,87.39665222167969,34796000,0.0,0.0
2021-01-12 00:00:00-05:00,86.85275814625061,87.97439454842011,85.4106552853316,86.45814514160156,29528000,0.0,0.0
2021-01-13 00:00:00-05:00,85.95505131902136,87.40164172592644,85.95505131902136,86.94681549072266,23432000,0.0,0.0
2021-01-14 00:00:00-05:00,87.02742201402309,87.95698355407666,85.89284698308188,86.13419342041016,29212000,0.0,0.0
2021-01-15 00:00:00-05:00,86.03964495454214,86.9652201288953,85.17826937574225,85.96997833251953,31444000,0.0,0.0
2021-01-19 00:00:00-05:00,86.73532987197649,89.76285543674072,86.22925023510878,88.79896545410156,41660000,0.0,0.0
2021-01-20 00:00:00-05:00,90.88398401260814,94.53403661408476,90.54262136383335,93.55621337890625,64152000,0.0,0.0
2021-01-21 00:00:00-05:00,94.23198512960039,96.14433582290614,93.52336737446421,93.75923919677734,58634000,0.0,0.0
2021-01-22 00:00:00-05:00,94.12300340016309,94.76642687711758,93.37856141985232,94.17774200439453,32744000,0.0,0.0
2021-01-25 00:00:00-05:00,95.18194086238829,95.63378300769853,92.51568723527677,94.2633285522461,50586000,0.0,0.0
2021-01-26 00:00:00-05:00,93.85080553412007,95.33172432985599,93.36015508295559,94.9435806274414,31462000,0.0,0.0
2021-01-27 00:00:00-05:00,93.29943585845615,93.57611294856794,89.43640469162729,90.51425170898438,82512000,0.0,0.0
2021-01-28 00:00:00-05:00,91.11439711710392,93.95033381128779,91.11439711710392,92.2191162109375,55278000,0.0,0.0
2021-01-29 00:00:00-05:00,91.26465847682226,91.9374443781488,89.64938764556791,90.93324279785156,44530000,0.0,0.0
2021-02-01 00:00:00-05:00,91.79065524466398,95.32127620814629,91.79065524466398,94.203125,40252000,0.0,0.0
2021-02-02 00:00:00-05:00,95.20135334866278,97.00472804938106,94.86495656309498,95.49942779541016,66332000,0.0,0.0
2021-02-03 00:00:00-05:00,102.78907115194251,104.82981339283204,100.19845235959038,102.45417022705078,97882000,0.0,0.0
2021-02-04 00:00:00-05:00,102.540764123293,102.97269721505859,101.27083451563523,102.19293212890625,48596000,0.0,0.0
2021-02-05 00:00:00-05:00,102.48800461768037,104.29834965416165,102.01228220670131,103.94454193115234,29866000,0.0,0.0
2021-02-08 00:00:00-05:00,104.5003912566402,105.24682262275905,102.67661395971716,103.73007202148438,28828000,0.0,0.0
2021-02-09 00:00:00-05:00,103.2463943443827,104.42625473040155,103.00753841036679,103.2757568359375,21892000,0.0,0.0
2021-02-10 00:00:00-05:00,103.66140099776602,104.44465886939685,102.12375419248004,103.82760620117188,25102000,0.0,0.0
2021-02-11 00:00:00-05:00,104.05253475798568,104.20181495570792,102.9507998216224,103.94056701660156,20480000,0.0,0.0
2021-02-12 00:00:00-05:00,103.49369709094493,104.4754990480609,103.18516699146085,104.25306701660156,18990000,0.0,0.0
2021-02-16 00:00:00-05:00,104.08985083401521,106.74665100433805,104.08985083401521,105.03284454345703,31004000,0.0,0.0
2021-02-17 00:00:00-05:00,104.20083114428411,105.61706452508535,103.92067637569566,105.42697143554688,20294000,0.0,0.0
2021-02-18 00:00:00-05:00,104.7492008701628,105.59466134200437,104.16847356656038,104.78950500488281,22546000,0.0,0.0
2021-02-19 00:00:00-05:00,104.88803968550147,105.42497002735199,103.67583285853799,103.94355010986328,37938000,0.0,0.0
2021-02-22 00:00:00-05:00,102.19143355556334,103.521576354631,101.91276705220227,102.22427368164062,29466000,0.0,0.0
2021-02-23 00:00:00-05:00,100.22035579955467,103.13193474366207,99.03800498105964,102.51587677001953,34658000,0.0,0.0
2021-02-24 00:00:00-05:00,101.01903323255493,103.91916932842446,100.89413445514002,103.69474029541016,22608000,0.0,0.0
2021-02-25 00:00:00-05:00,102.30737526556467,103.65443541183306,99.8471374044302,100.31788635253906,41548000,0.0,0.0
2021-02-26 00:00:00-05:00,101.01455143205975,102.33672899960698,99.57443795504803,100.61446380615234,40042000,0.0,0.0
2021-03-01 00:00:00-05:00,101.91276872031038,103.31755164395297,101.23699864205244,102.99061584472656,26060000,0.0,0.0
2021-03-02 00:00:00-05:00,102.75074596632483,104.23863512234783,102.34419663463926,102.73283386230469,25564000,0.0,0.0
2021-03-03 00:00:00-05:00,102.10932019598754,103.30559666179923,99.22560051221559,100.09196472167969,33892000,0.0,0.0
2021-03-04 00:00:00-05:00,100.26414000545678,103.2359320208371,99.79438576387756,101.21260833740234,49216000,0.0,0.0
2021-03-05 00:00:00-05:00,102.56713188273565,104.80890881591917,100.90656818815047,104.35458374023438,53100000,0.0,0.0
2021-03-08 00:00:00-05:00,103.70717274899575,105.18410497815911,99.78243283121957,99.89738464355469,36868000,0.0,0.0
2021-03-09 00:00:00-05:00,101.99984883286976,102.70497377307522,101.29571099468689,101.53257751464844,33920000,0.0,0.0
2021-03-10 00:00:00-05:00,102.57956588277813,102.57956588277813,100.48607451730743,101.32506561279297,27100000,0.0,0.0
2021-03-11 00:00:00-05:00,102.42133087333761,105.06120607468662,102.3332510030716,104.52725982666016,27702000,0.0,0.0
2021-03-12 00:00:00-05:00,103.3265033264315,103.3862154039543,101.13746797988055,102.01228332519531,33818000,0.0,0.0
2021-03-15 00:00:00-04:00,101.76248163409007,102.2605960962489,100.90707420357886,102.23323059082031,26168000,0.0,0.0
2021-03-16 00:00:00-04:00,102.80797719904601,105.18112981321325,102.47457211575943,103.69872283935547,31900000,0.0,0.0
2021-03-17 00:00:00-04:00,102.93138712872644,104.45062059070729,101.71968149019554,103.61561584472656,26382000,0.0,0.0
2021-03-18 00:00:00-04:00,101.92171511759707,102.94532472087755,100.47861753034802,100.58610534667969,31700000,0.0,0.0
2021-03-19 00:00:00-04:00,101.00362107486976,101.36737579482003,99.66999297509295,100.86577606201172,46072000,0.0,0.0
2021-03-22 00:00:00-04:00,100.89911970815606,101.92969229879081,100.22085905440002,101.0513916015625,33536000,0.0,0.0
2021-03-23 00:00:00-04:00,101.51216913992992,102.71442137006943,100.91751613583496,101.58084106445312,28510000,0.0,0.0
2021-03-24 00:00:00-04:00,102.09987150585228,102.88810289313152,100.96728575965906,101.14295196533203,25218000,0.0,0.0
2021-03-25 00:00:00-04:00,100.96975965968619,101.79531096286595,99.32959869848213,101.13945007324219,35616000,0.0,0.0
2021-03-26 00:00:00-04:00,101.10610842572048,101.48429754313884,99.71575259396505,100.75479125976562,27978000,0.0,0.0
2021-03-29 00:00:00-04:00,100.62690631609587,101.97297171763482,99.79537920743458,101.80278015136719,26492000,0.0,0.0
2021-03-30 00:00:00-04:00,102.16057583177923,102.64276755981645,101.32308053971381,101.83662414550781,27312000,0.0,0.0
2021-03-31 00:00:00-04:00,102.23124089496714,103.81666342143662,101.86299868830717,102.63530731201172,42570000,0.0,0.0
2021-04-01 00:00:00-04:00,104.11473323039297,106.27937953528678,104.0739279531472,105.9822998046875,39880000,0.0,0.0
2021-04-05 00:00:00-04:00,106.8466666341186,110.91919881705677,106.75012806081834,110.42008209228516,48510000,0.0,0.0
2021-04-06 00:00:00-04:00,110.0199908055745,110.86993113753334,109.56566574641188,109.93738555908203,35240000,0.0,0.0
2021-04-07 00:00:00-04:00,110.12847588567706,111.69100514725001,110.12847588567706,111.41880798339844,24134000,0.0,0.0
2021-04-08 00:00:00-04:00,112.66137580353075,113.04902597144466,111.61686995474146,111.9861068725586,28664000,0.0,0.0
2021-04-09 00:00:00-04:00,111.7377910863765,113.15750194180373,111.33073299675657,112.9932861328125,26146000,0.0,0.0
2021-04-12 00:00:00-04:00,112.1697216656889,112.30755906868903,110.86097629130978,111.69698333740234,25024000,0.0,0.0
2021-04-13 00:00:00-04:00,112.01397146501857,112.6350029225419,111.61885729411927,112.18515014648438,25682000,0.0,0.0
2021-04-14 00:00:00-04:00,112.83204797289153,112.83204797289153,111.26902518096547,111.56211853027344,21002000,0.0,0.0
2021-04-15 00:00:00-04:00,112.5593610414897,114.25375956725094,112.02292426332264,113.71881103515625,29174000,0.0,0.0
2021-04-16 00:00:00-04:00,113.91736311962295,114.16617356571902,113.00572128065846,113.59440612792969,26282000,0.0,0.0
2021-04-19 00:00:00-04:00,112.96889932948382,114.6563273557735,112.96889932948382,113.9432373046875,30290000,0.0,0.0
2021-04-20 00:00:00-04:00,114.3278940387575,114.40303527628278,112.31900489874292,113.40829467773438,22288000,0.0,0.0
2021-04-21 00:00:00-04:00,113.06195417608703,113.45756186880061,111.706928921232,113.37545776367188,23204000,0.0,0.0
2021-04-22 00:00:00-04:00,113.2286569817641,113.89945354326824,111.48300504001658,112.09010314941406,24146000,0.0,0.0
2021-04-23 00:00:00-04:00,112.81066024801429,114.75735454893425,112.52452973965524,114.44932556152344,29066000,0.0,0.0
2021-04-26 00:00:00-04:00,114.67773209539389,115.67347506131698,114.31944443209228,114.94694519042969,32038000,0.0,0.0
2021-04-27 00:00:00-04:00,115.33011604963677,115.37092132902323,113.76410145506594,114.00395965576172,44386000,0.0,0.0
2021-04-28 00:00:00-04:00,119.05579837072018,120.99054864114056,117.10114660558713,117.39076232910156,81106000,0.0,0.0
2021-04-29 00:00:00-04:00,118.89308224360096,119.63602837600928,118.12773648841575,119.06874084472656,41234000,0.0,0.0
2021-04-30 00:00:00-04:00,117.83763294465066,118.52584050699024,116.76974036810891,117.1150894165039,44856000,0.0,0.0
2021-05-03 00:00:00-04:00,117.68286337787097,118.51090528759072,116.21936316034822,116.5965576171875,28242000,0.0,0.0
2021-05-04 00:00:00-04:00,115.12708626405683,115.69636320160089,112.29711784271197,114.79268646240234,44818000,0.0,0.0
2021-05-05 00:00:00-04:00,115.87750091536309,116.19448215391392,114.86484054405638,115.18779754638672,26636000,0.0,0.0
2021-05-06 00:00:00-04:00,114.76780169468033,116.3114242553711,114.10646611417098,116.3114242553711,25190000,0.0,0.0
2021-05-07 00:00:00-04:00,117.63211092314187,117.9983561400744,116.74982396318221,117.03694915771484,28898000,0.0,0.0
2021-05-10 00:00:00-04:00,115.85310540353551,115.99543032094336,113.68347806009943,114.04226684570312,30914000,0.0,0.0
2021-05-11 00:00:00-04:00,111.61985500008853,113.47149891287674,111.1645276228982,112.96292877197266,34186000,0.0,0.0
2021-05-12 00:00:00-04:00,110.7798698646749,111.86418624163223,109.15911669437793,109.4890365600586,46376000,0.0,0.0
2021-05-13 00:00:00-04:00,110.77638288716878,111.43921428648419,109.8109971320314,110.92169189453125,33204000,0.0,0.0
2021-05-14 00:00:00-04:00,112.38966888294074,113.69243847189597,111.96469870491363,113.37694549560547,31996000,0.0,0.0
2021-05-17 00:00:00-04:00,112.63997266332655,113.94423815039278,112.2388903348768,113.90144348144531,21598000,0.0,0.0
2021-05-18 00:00:00-04:00,114.56975107464842,114.83498539001295,112.5713022709001,112.58523559570312,22204000,0.0,0.0
2021-05-19 00:00:00-04:00,110.89133502717809,113.20825325301088,110.74254838311828,113.03458404541016,23684000,0.0,0.0
2021-05-20 00:00:00-04:00,114.0049543138836,115.04995367632121,113.63273332390318,114.79866027832031,32352000,0.0,0.0
2021-05-21 00:00:00-04:00,115.31916082166767,115.39281381561896,113.92034619778136,114.16069793701172,40632000,0.0,0.0
2021-05-24 00:00:00-04:00,115.19375709660679,117.71470157582718,115.04795454577173,117.49028015136719,31832000,0.0,0.0
2021-05-25 00:00:00-04:00,118.03567732658347,118.63282089487157,117.18972330541762,117.58135223388672,22440000,0.0,0.0
2021-05-26 00:00:00-04:00,117.76298535487912,118.88114420700485,117.76000126939165,118.44921112060547,21572000,0.0,0.0
2021-05-27 00:00:00-04:00,118.88412246880004,118.88412246880004,117.25242764141713,117.5718994140625,35224000,0.0,0.0
2021-05-28 00:00:00-04:00,118.15610588776825,118.23820999772704,117.08273872898874,117.28178405761719,21482000,0.0,0.0
2021-06-01 00:00:00-04:00,118.1570905828654,118.71790875952479,117.15388368433689,118.49248504638672,23354000,0.0,0.0
2021-06-02 00:00:00-04:00,118.88909332605556,119.11252766020083,117.05834561985145,117.96551513671875,21158000,0.0,0.0
2021-06-03 00:00:00-04:00,116.7284216987851,117.29023457883467,115.92177715899341,116.82048034667969,18696000,0.0,0.0
2021-06-04 00:00:00-04:00,117.89983175465898,119.3807505682356,117.55846149793184,119.10904693603516,24458000,0.0,0.0
2021-06-07 00:00:00-04:00,118.90352644161484,119.65344300832813,118.48353732486014,119.54346466064453,24120000,0.0,0.0
2021-06-08 00:00:00-04:00,120.02666352139211,120.40037275616211,119.16925910663717,119.35138702392578,24240000,0.0,0.0
2021-06-09 00:00:00-04:00,119.9977964011233,120.06994596281687,119.27475179338707,119.82412719726562,17942000,0.0,0.0
2021-06-10 00:00:00-04:00,119.77336645278285,121.22045035217171,119.61711580354225,121.17715454101562,25904000,0.0,0.0
2021-06-11 00:00:00-04:00,121.41950536835986,121.50509470935228,120.37250900118785,120.93183898925781,21958000,0.0,0.0
2021-06-14 00:00:00-04:00,121.03434903831184,121.8633857019183,120.32474413314641,121.8628921508789,22098000,0.0,0.0
2021-06-15 00:00:00-04:00,121.86735776768438,122.19130946590856,120.47999346547807,120.84176635742188,21562000,0.0,0.0
2021-06-16 00:00:00-04:00,120.99353315247284,121.30604205013579,118.9015375278692,120.19783782958984,26472000,0.0,0.0
2021-06-17 00:00:00-04:00,120.12319457492448,121.93950775152115,119.92663220106029,121.16421508789062,25842000,0.0,0.0
2021-06-18 00:00:00-04:00,120.78951018597671,121.02438731514766,119.44394586362654,119.53948974609375,46116000,0.0,0.0
2021-06-21 00:00:00-04:00,119.9271335980691,121.41949509864834,119.3279930756123,121.2328872680664,27414000,0.0,0.0
2021-06-22 00:00:00-04:00,121.17069271040606,121.81760141803291,120.48795979203726,121.74842834472656,22390000,0.0,0.0
2021-06-23 00:00:00-04:00,121.51255716784965,122.50978839268653,121.25479445301924,121.5458984375,19148000,0.0,0.0
2021-06-24 00:00:00-04:00,122.1161595703844,122.46996728323248,121.71806894524062,121.9171142578125,21362000,0.0,0.0
2021-06-25 00:00:00-04:00,121.41949566786325,122.0494869263323,120.98656792867304,121.92557525634766,34594000,0.0,0.0
2021-06-28 00:00:00-04:00,122.09476570644414,122.20076527318163,120.82782790498153,121.95294952392578,28526000,0.0,0.0
2021-06-29 00:00:00-04:00,122.08681320150404,122.43564746347714,121.1119740224828,121.69070434570312,23108000,0.0,0.0
2021-06-30 00:00:00-04:00,121.41402625256768,121.67528178366047,120.7770721013412,121.50857543945312,24474000,0.0,0.0
2021-07-01 00:00:00-04:00,121.14581091471862,122.00370889101198,120.95323489975411,121.86189270019531,18110000,0.0,0.0
2021-07-02 00:00:00-04:00,122.56402875962121,124.80730158215873,122.47395949852594,124.6614990234375,25982000,0.0,0.0
2021-07-06 00:00:00-04:00,125.0506341559567,125.82642797114575,123.9897045454052,125.58956146240234,26404000,0.0,0.0
2021-07-07 00:00:00-04:00,126.556945178864,126.67835873013823,125.55274349136431,125.8722152709961,24060000,0.0,0.0
2021-07-08 00:00:00-04:00,123.4358588645875,124.99788702259595,123.43188008424947,124.44901275634766,23790000,0.0,0.0
2021-07-09 00:00:00-04:00,124.43010544209602,125.1362250527908,123.95885535984911,124.92125701904297,18632000,0.0,0.0
2021-07-12 00:00:00-04:00,125.57762429893366,126.46488475430863,125.01332084819249,126.37133026123047,17668000,0.0,0.0
2021-07-13 00:00:00-04:00,126.43402078790348,127.44816936734279,126.07175435939051,126.73558044433594,19240000,0.0,0.0
2021-07-14 00:00:00-04:00,127.34915162866419,128.71114739493328,127.30585581569756,127.62682342529297,23742000,0.0,0.0
2021-07-15 00:00:00-04:00,128.03686284017635,128.0876150688026,125.92794221134592,126.40068054199219,24218000,0.0,0.0
2021-07-16 00:00:00-04:00,127.05555571192009,127.20334766110668,125.5532396143855,126.36585235595703,20424000,0.0,0.0
2021-07-19 00:00:00-04:00,125.48954262685852,125.60449445304222,122.91733701019425,123.98523712158203,27968000,0.0,0.0
2021-07-20 00:00:00-04:00,124.9302089444466,126.43850077838984,123.75881501817668,125.60897064208984,26312000,0.0,0.0
2021-07-21 00:00:00-04:00,125.5333313160581,126.9888739739733,125.4238541100995,126.94210052490234,20746000,0.0,0.0
2021-07-22 00:00:00-04:00,127.23568092677225,127.87164030868064,126.89232132734656,127.8104248046875,14302000,0.0,0.0
2021-07-23 00:00:00-04:00,129.80988959225203,132.7642708837393,129.18289754735918,132.38209533691406,41506000,0.0,0.0
2021-07-26 00:00:00-04:00,132.6940965511764,133.5982667591998,131.67197525217534,133.39723205566406,30572000,0.0,0.0
2021-07-27 00:00:00-04:00,133.61171004397323,133.7595019903575,129.4849403696827,131.2723846435547,54710000,0.0,0.0
2021-07-28 00:00:00-04:00,135.66340668703342,137.6389624126458,134.63382884778994,135.44644165039062,95130000,0.0,0.0
2021-07-29 00:00:00-04:00,135.50217964857367,136.01074984273308,134.89807315618333,135.13145446777344,31716000,0.0,0.0
2021-07-30 00:00:00-04:00,134.39248350863042,134.66070190945484,133.61619609988043,134.08544921875,25576000,0.0,0.0
2021-08-02 00:00:00-04:00,134.47407749953126,134.69253074494515,133.15737467086495,134.21282958984375,21634000,0.0,0.0
2021-08-03 00:00:00-04:00,134.4919946425515,135.08615411628443,132.68514239501812,134.98464965820312,20762000,0.0,0.0
2021-08-04 00:00:00-04:00,134.70547712760563,135.0040526928008,133.84707807248856,134.4825439453125,19676000,0.0,0.0
2021-08-05 00:00:00-04:00,135.03491292404775,135.7012372072588,134.20438041159676,135.6031951904297,17870000,0.0,0.0
2021-08-06 00:00:00-04:00,135.3947045352635,135.82315240249707,134.56666255430508,135.09263610839844,20488000,0.0,0.0
2021-08-09 00:00:00-04:00,135.29564877035045,136.53124218318524,134.6955060017478,136.2615203857422,17760000,0.0,0.0
2021-08-10 00:00:00-04:00,136.68847913839065,137.11694210496884,135.71563707055319,136.15603637695312,19414000,0.0,0.0
2021-08-11 00:00:00-04:00,136.52877157272962,137.02737959411166,135.6230978548488,135.6305694580078,15352000,0.0,0.0
2021-08-12 00:00:00-04:00,135.3284908102748,136.64669715164672,134.78111998935373,136.54119873046875,16506000,0.0,0.0
2021-08-13 00:00:00-04:00,136.59693753421325,137.2005580055058,136.3809748009373,137.07215881347656,15948000,0.0,0.0
2021-08-16 00:00:00-04:00,136.8706151743202,137.70413924909806,134.65520911093867,137.65138244628906,22384000,0.0,0.0
2021-08-17 00:00:00-04:00,137.09455209368923,137.60760213542056,135.4344895711395,136.01123046875,21716000,0.0,0.0
2021-08-18 00:00:00-04:00,135.8504983673145,136.4521294137989,134.67760864209106,134.80450439453125,19258000,0.0,0.0
2021-08-19 00:00:00-04:00,133.79583845464464,135.70370932909012,133.61121999580743,135.03440856933594,21782000,0.0,0.0
2021-08-20 00:00:00-04:00,135.35288644524337,136.89949307166904,134.60645508617034,136.7755889892578,31194000,0.0,0.0
2021-08-23 00:00:00-04:00,137.31302050167736,140.20419691127913,136.95274343167395,139.3751678466797,28454000,0.0,0.0
2021-08-24 00:00:00-04:00,139.94243918319472,141.4039576066751,139.67074315124864,140.58935546875,19268000,0.0,0.0
2021-08-25 00:00:00-04:00,140.9511195496134,141.51293245081183,140.70331138846305,141.4029541015625,15848000,0.0,0.0
2021-08-26 00:00:00-04:00,141.07552321093658,141.73984285117388,140.68438784337567,140.7675018310547,20610000,0.0,0.0
2021-08-27 00:00:00-04:00,140.97848926563262,143.82488149852614,140.8237268532217,143.3188018798828,28780000,0.0,0.0
2021-08-30 00:00:00-04:00,143.7129120778502,145.2759501615927,143.47704025354426,143.9025115966797,24434000,0.0,0.0
2021-08-31 00:00:00-04:00,144.4563725246217,144.48074635237265,143.59449575192565,144.00900268554688,22448000,0.0,0.0
2021-09-01 00:00:00-04:00,144.31006164544272,145.55809268141408,144.19411512479778,144.5245361328125,21936000,0.0,0.0
2021-09-02 00:00:00-04:00,144.5250470301467,144.82710026541315,142.50370495740134,142.605224609375,32342000,0.0,0.0
2021-09-03 00:00:00-04:00,142.3996963220879,143.4690770503106,141.72292401737542,143.05555725097656,19850000,0.0,0.0
2021-09-07 00:00:00-04:00,143.15011712566266,143.87714056862364,142.93564262833766,143.593994140625,20124000,0.0,0.0
2021-09-08 00:00:00-04:00,143.41434410788645,143.71290448780815,142.31957209422643,143.0072784423828,18344000,0.0,0.0
2021-09-09 00:00:00-04:00,143.15607613822618,143.6238409930003,142.49623642197608,142.85800170898438,15314000,0.0,0.0
2021-09-10 00:00:00-04:00,143.5262839446984,144.0298881380867,140.0683293807008,140.20567321777344,36840000,0.0,0.0
2021-09-13 00:00:00-04:00,141.2740545378672,142.26979737771194,140.57788953208455,141.65524291992188,22094000,0.0,0.0
2021-09-14 00:00:00-04:00,142.31508421541983,142.68084343965654,141.07551200540024,141.86622619628906,19674000,0.0,0.0
2021-09-15 00:00:00-04:00,142.09216342027784,143.76317524274404,140.67494311484762,143.74227905273438,27408000,0.0,0.0
2021-09-16 00:00:00-04:00,143.2655459492546,143.6133854871325,141.72392050993247,142.92666625976562,26190000,0.0,0.0
2021-09-17 00:00:00-04:00,142.34993679970833,142.7674353957721,139.80161903772358,140.1300506591797,53384000,0.0,0.0
2021-09-20 00:00:00-04:00,137.50410463134253,138.33861588686366,135.6733644328631,138.0594482421875,46518000,0.0,0.0
2021-09-21 00:00:00-04:00,139.08454245988372,139.3453044410875,137.62004753126166,138.3714599609375,25332000,0.0,0.0
2021-09-22 00:00:00-04:00,138.64118089062606,140.21664143476931,137.89225891810773,139.6160125732422,25056000,0.0,0.0
2021-09-23 00:00:00-04:00,140.31666950445637,141.02229564251655,139.73345921270854,140.54408264160156,20952000,0.0,0.0
2021-09-24 00:00:00-04:00,139.86977837280685,141.6532589710482,139.57369334948527,141.53829956054688,22984000,0.0,0.0
2021-09-27 00:00:00-04:00,140.13451260332025,141.26311935005253,139.4010199653702,140.40074157714844,21882000,0.0,0.0
2021-09-28 00:00:00-04:00,137.99525571421634,138.43465279850446,134.71593568317124,135.18370056152344,45772000,0.0,0.0
2021-09-29 00:00:00-04:00,136.3282160833576,136.4984076534218,133.2280476280008,133.71421813964844,30848000,0.0,0.0
2021-09-30 00:00:00-04:00,133.622656505888,134.89755184426153,132.92050809949572,133.03993225097656,37996000,0.0,0.0
2021-10-01 00:00:00-04:00,133.80776143606408,136.25905453272804,133.43504691909288,135.89329528808594,35360000,0.0,0.0
2021-10-04 00:00:00-04:00,135.31355994072126,135.31355994072126,130.4264333828189,133.0235137939453,51202000,0.0,0.0
2021-10-05 00:00:00-04:00,133.40319914581136,136.57155342877454,133.40319914581136,135.37576293945312,32404000,0.0,0.0
2021-10-06 00:00:00-04:00,134.10883795724234,137.09456347762622,133.90979262645382,136.9104461669922,24364000,0.0,0.0
2021-10-07 00:00:00-04:00,138.23112248140887,139.37565966392003,137.99127188020964,138.5625457763672,25110000,0.0,0.0
2021-10-08 00:00:00-04:00,138.91285737788812,139.66326749093665,138.55507087480348,139.12037658691406,26526000,0.0,0.0
2021-10-11 00:00:00-04:00,138.62921329433456,140.04245467587032,138.1982597915222,138.2530059814453,17954000,0.0,0.0
2021-10-12 00:00:00-04:00,138.81631197535404,138.84319152031614,135.1140115321381,135.79974365234375,36332000,0.0,0.0
2021-10-13 00:00:00-04:00,136.74870263527313,137.34336323308608,135.86940738847895,136.92735290527344,19654000,0.0,0.0
2021-10-14 00:00:00-04:00,138.81037790302142,140.66500621624925,138.16446379753594,140.47940063476562,31894000,0.0,0.0
2021-10-15 00:00:00-04:00,140.9406758382608,141.04368373195877,140.08526840258062,140.69534301757812,30274000,0.0,0.0
2021-10-18 00:00:00-04:00,140.40525162995812,142.11656777105117,140.39828117047438,142.09864807128906,20396000,0.0,0.0
2021-10-19 00:00:00-04:00,142.7052165055334,142.97891708528803,141.92147277693343,142.55543518066406,20164000,0.0,0.0
2021-10-20 00:00:00-04:00,142.65595589699134,142.8629739512192,140.70378718712195,141.09442138671875,23288000,0.0,0.0
2021-10-21 00:00:00-04:00,141.0944288032196,141.47959599698243,139.8314697814444,141.21087646484375,26292000,0.0,0.0
2021-10-22 00:00:00-04:00,138.48788774197112,139.91406787765993,135.4086155032677,136.91192626953125,50588000,0.0,0.0
2021-10-25 00:00:00-04:00,136.89550600929624,137.34336176040858,134.77961499839506,136.79299926757812,34412000,0.0,0.0
2021-10-26 00:00:00-04:00,138.60086108273072,139.4164503216993,137.6464245564592,138.64564514160156,49236000,0.0,0.0
2021-10-27 00:00:00-04:00,138.7416891746795,147.94269523760374,138.7416891746795,145.5217742919922,85782000,0.0,0.0
2021-10-28 00:00:00-04:00,146.43440448452932,146.4577912079441,143.93882848959854,145.15501403808594,36206000,0.0,0.0
2021-10-29 00:00:00-04:00,144.3877030706484,147.53664980823456,143.96124460171143,147.34158325195312,43320000,0.0,0.0
2021-11-01 00:00:00-04:00,147.34157518450897,147.34157518450897,142.54400119567305,142.814208984375,46924000,0.0,0.0
2021-11-02 00:00:00-04:00,143.89157087310116,145.9114095190237,143.6487285755413,144.74050903320312,33482000,0.0,0.0
2021-11-03 00:00:00-04:00,145.20627603308367,145.97112823745937,143.90301282793487,145.9004669189453,27494000,0.0,0.0
2021-11-04 00:00:00-04:00,146.42444502422165,149.0210395628188,145.61183230162575,147.56201171875,38412000,0.0,0.0
2021-11-05 00:00:00-04:00,148.4597167387127,149.61221148430093,147.49185562711088,148.14373779296875,38354000,0.0,0.0
2021-11-08 00:00:00-05:00,149.112081923021,149.89833135582407,147.72421666895772,148.32186889648438,23052000,0.0,0.0
2021-11-09 00:00:00-05:00,148.5229176061689,149.12155699209504,146.54437039574856,148.2099151611328,19530000,0.0,0.0
2021-11-10 00:00:00-05:00,146.79815722294808,147.3654523063304,143.8497596311641,145.1992950439453,29970000,0.0,0.0
2021-11-11 00:00:00-05:00,145.79248880737023,146.8335170484895,144.9077112347004,145.0729217529297,16518000,0.0,0.0
2021-11-12 00:00:00-05:00,145.91786437465117,148.14174439297312,144.71909735662823,147.97055053710938,22360000,0.0,0.0
2021-11-15 00:00:00-05:00,148.19200352635517,148.83791753921437,146.8728099950018,147.74563598632812,23508000,0.0,0.0
2021-11-16 00:00:00-05:00,147.44459099237028,148.05466563286177,146.6115679587527,147.17239379882812,18904000,0.0,0.0
2021-11-17 00:00:00-05:00,147.32316712719995,147.85263351120778,146.53942324042927,147.3425750732422,19594000,0.0,0.0
2021-11-18 00:00:00-05:00,147.53616303101114,149.8640384889797,147.18086699401806,149.1255645751953,35608000,0.0,0.0
2021-11-19 00:00:00-05:00,149.261884915546,150.24818207871883,148.19051474348757,148.21788024902344,33682000,0.0,0.0
2021-11-22 00:00:00-05:00,148.62196358916296,149.11659285483776,145.4521206035981,145.6058807373047,30594000,0.0,0.0
2021-11-23 00:00:00-05:00,145.45758531028238,145.96217670595368,143.4292879620821,145.08834838867188,27218000,0.0,0.0
2021-11-24 00:00:00-05:00,144.7812897366872,145.55359827200022,143.68603182840016,145.42471313476562,18040000,0.0,0.0
2021-11-26 00:00:00-05:00,143.66164728918483,143.86965244762047,141.16757477802446,141.50645446777344,30470000,0.0,0.0
2021-11-29 00:00:00-05:00,143.31480818794302,145.6013766551945,143.208808626935,144.83802795410156,32596000,0.0,0.0
2021-11-30 00:00:00-05:00,144.31852565043738,145.30530878621673,140.9277390064455,141.2223358154297,42068000,0.0,0.0
2021-12-01 00:00:00-05:00,143.31481246492976,145.2560319905602,140.24150848223852,140.38034057617188,34020000,0.0,0.0
2021-12-02 00:00:00-05:00,140.57791290709565,143.17997469726794,139.5473327918511,142.28575134277344,29194000,0.0,0.0
2021-12-03 00:00:00-05:00,142.9973338649984,143.71290687290224,139.6334117910002,141.32582092285156,41230000,0.0,0.0
2021-12-06 00:00:00-05:00,142.3598740528149,143.1680068287507,139.4831248653476,142.4738311767578,30618000,0.0,0.0
2021-12-07 00:00:00-05:00,144.90371251975077,146.82901692453825,144.53646503259998,146.56875610351562,32240000,0.0,0.0
2021-12-08 00:00:00-05:00,146.8941952905736,147.68691409027883,145.70936922250843,147.48138427734375,24270000,0.0,0.0
2021-12-09 00:00:00-05:00,146.88873004760978,148.3905525366859,146.4149970350233,146.93600463867188,23270000,0.0,0.0
2021-12-10 00:00:00-05:00,147.99244969140912,148.26862564075446,146.00594491114614,147.29727172851562,24458000,0.0,0.0
2021-12-13 00:00:00-05:00,147.07831366274226,147.26592378004827,144.82509398206858,145.13262939453125,27070000,0.0,0.0
2021-12-14 00:00:00-05:00,143.2829738879342,143.79253112951932,140.543067257308,143.22225952148438,38446000,0.0,0.0
2021-12-15 00:00:00-05:00,142.7266307700602,146.02286815487585,141.00386438529304,145.74420166015625,36370000,0.0,0.0
2021-12-16 00:00:00-05:00,146.4702315616712,146.97432176442135,142.92368044490732,143.75770568847656,33650000,0.0,0.0
2021-12-17 00:00:00-05:00,141.82196554942942,143.15011897500315,140.62767835046085,141.0506591796875,50416000,0.0,0.0
2021-12-20 00:00:00-05:00,139.33384883079916,141.09991095324537,138.65807881354345,140.93319702148438,27192000,0.0,0.0
2021-12-21 00:00:00-05:00,141.37760129629754,143.18446903027274,139.8339861166668,142.78985595703125,28756000,0.0,0.0
2021-12-22 00:00:00-05:00,142.38676234044013,145.80292498957579,142.38676234044013,145.71832275390625,26322000,0.0,0.0
2021-12-23 00:00:00-05:00,145.80293088513884,147.53813480597037,145.75515514574224,146.2174530029297,26384000,0.0,0.0
2021-12-27 00:00:00-05:00,146.5553108278189,147.6381312633762,146.4692203540776,147.2027130126953,15976000,0.0,0.0
2021-12-28 00:00:00-05:00,147.53065445426495,147.59335821023151,145.35954639528723,145.98902893066406,18200000,0.0,0.0
2021-12-29 00:00:00-05:00,145.9467357429029,146.7155667093918,144.95448562894353,145.95718383789062,17788000,0.0,0.0
2021-12-30 00:00:00-05:00,145.99598858016904,146.59910785453053,145.2998235600185,145.5048370361328,15688000,0.0,0.0
2021-12-31 00:00:00-05:00,145.35506319669503,146.0004760251165,144.1627655029297,144.1627655029297,18136000,0.0,0.0
2022-01-03 00:00:00-05:00,144.36479494039722,145.15701265332763,143.02918515577247,144.30160522460938,28646000,0.0,0.0
2022-01-04 00:00:00-05:00,144.70416653668696,145.78798930459803,143.03266881925126,143.71241760253906,28400000,0.0,0.0
2022-01-05 00:00:00-05:00,143.73283243513856,143.81195246481798,137.03286935371747,137.11944580078125,54618000,0.0,0.0
2022-01-06 00:00:00-05:00,136.34664244900424,139.2741441048197,135.9087336140623,137.09207153320312,37348000,0.0,0.0
2022-01-07 00:00:00-05:00,137.48816060615565,137.78972784408742,135.1204826896513,136.3650360107422,29760000,0.0,0.0
2022-01-10 00:00:00-05:00,134.43528635965367,138.1589847256294,132.5308930765843,138.0096893310547,44408000,0.0,0.0
2022-01-11 00:00:00-05:00,137.35034411747029,139.54883297337483,136.0420998146872,139.07110595703125,28730000,0.0,0.0
2022-01-12 00:00:00-05:00,140.4783702161075,141.9294404967946,140.02504742905134,140.75753784179688,26108000,0.0,0.0
2022-01-13 00:00:00-05:00,140.86651857043935,142.1702980929826,137.75041975538085,137.92758178710938,31436000,0.0,0.0
2022-01-14 00:00:00-05:00,136.426740644181,140.07232082607686,136.3466335227671,138.8168182373047,29662000,0.0,0.0
2022-01-18 00:00:00-05:00,135.52705085012096,136.47899680734477,134.79405929684148,135.35089111328125,34872000,0.0,0.0
2022-01-19 00:00:00-05:00,135.87388991456638,137.30306172956688,134.37306968151069,134.4735870361328,28648000,0.0,0.0
2022-01-20 00:00:00-05:00,135.60169102059876,136.97115074107518,132.3318170208066,132.67318725585938,29908000,0.0,0.0
2022-01-21 00:00:00-05:00,131.96259868346377,134.22377601264574,129.46752373899022,129.73126220703125,55652000,0.0,0.0
2022-01-24 00:00:00-05:00,125.37856914011597,130.5787136535352,123.90760490884027,130.18161010742188,76622000,0.0,0.0
2022-01-25 00:00:00-05:00,128.12744363968903,128.7833046294374,125.89859753096928,126.33102416992188,46960000,0.0,0.0
2022-01-26 00:00:00-05:00,130.49511541961544,132.3671620019992,126.53703372214112,128.6180877685547,49130000,0.0,0.0
2022-01-27 00:00:00-05:00,130.6792312241268,132.02131030726912,128.31900956615908,128.39117431640625,31950000,0.0,0.0
2022-01-28 00:00:00-05:00,129.04205751284695,132.72197391207828,127.87364760924652,132.71649169921875,34362000,0.0,0.0
2022-01-31 00:00:00-05:00,133.5236351765011,134.82840181492318,131.58042613665086,134.65969848632812,39986000,0.0,0.0
2022-02-01 00:00:00-05:00,136.93979546512767,137.13735254168026,133.72914748544642,136.9890594482422,68644000,0.0,0.0
2022-02-02 00:00:00-05:00,150.53031199687234,150.82539473153096,144.83007165755623,147.2957763671875,123200000,0.0,0.0
2022-02-03 00:00:00-05:00,145.0121976171074,148.96280731193713,141.98665428742234,142.4091339111328,71518000,0.0,0.0
2022-02-04 00:00:00-05:00,142.76195915753863,144.18564871656986,139.84639407354533,142.61117553710938,57998000,0.0,0.0
2022-02-07 00:00:00-05:00,143.56363789927013,143.56363789927013,138.23908788884378,138.53866577148438,54974000,0.0,0.0
2022-02-08 00:00:00-05:00,138.36499262195844,139.33385604729077,136.36207147851567,138.7357177734375,54284000,0.0,0.0
2022-02-09 00:00:00-05:00,140.2927701568597,141.8463472422032,139.51996039462585,140.91827392578125,40144000,0.0,0.0
2022-02-10 00:00:00-05:00,139.03877453098843,140.81129088948327,137.30057895120314,137.96041870117188,39330000,0.0,0.0
2022-02-11 00:00:00-05:00,137.94051590489158,138.49435604596948,132.76524653286933,133.6435546875,39958000,0.0,0.0
2022-02-14 00:00:00-05:00,132.62243215848918,135.65145321102975,132.62243215848918,134.88113403320312,34302000,0.0,0.0
2022-02-15 00:00:00-05:00,136.91590911778226,137.45135880950014,135.17523823760737,135.95849609375,26680000,0.0,0.0
2022-02-16 00:00:00-05:00,135.99631295565902,137.42896248282813,134.28200525127366,137.08262634277344,25022000,0.0,0.0
2022-02-17 00:00:00-05:00,135.59472615306703,136.461082812284,131.84814248998057,131.90835571289062,38950000,0.0,0.0
2022-02-18 00:00:00-05:00,132.83193274174764,133.43207557532537,129.5770018418038,129.7825164794922,45620000,0.0,0.0
2022-02-22 00:00:00-05:00,129.22020512579672,131.5515578787969,127.61338526044253,129.19583129882812,44990000,0.0,0.0
2022-02-23 00:00:00-05:00,131.02209177354695,131.42267296291416,126.92069803114178,126.98091125488281,32786000,0.0,0.0
2022-02-24 00:00:00-05:00,124.35895204602602,132.36716679103367,124.35895204602602,132.05963134765625,54456000,0.0,0.0
2022-02-25 00:00:00-05:00,132.9165342626019,134.62785022225833,131.12459484875018,133.81971740722656,36406000,0.0,0.0
2022-02-28 00:00:00-05:00,132.4169288111751,135.10556696702054,131.96160142081268,134.4143829345703,38864000,0.0,0.0
2022-03-01 00:00:00-05:00,134.23671311624648,135.6071599580106,132.58462329799266,133.42359924316406,26496000,0.0,0.0
2022-03-02 00:00:00-05:00,133.98743256772605,134.61890456353234,132.43833526898584,133.9311981201172,23520000,0.0,0.0
2022-03-03 00:00:00-05:00,135.362821481941,135.79028217623375,132.3925254709241,133.2623748779297,24604000,0.0,0.0
2022-03-04 00:00:00-05:00,132.29500752871238,133.2146069267177,129.71731977017836,131.2788543701172,30430000,0.0,0.0
2022-03-07 00:00:00-05:00,130.86235301354495,131.10817177136278,125.69405425346693,125.77716064453125,45112000,0.0,0.0
2022-03-08 00:00:00-05:00,125.6492685764528,130.62547723294597,125.07650647413256,126.49970245361328,40428000,0.0,0.0
2022-03-09 00:00:00-05:00,130.62548341324316,133.09916098406526,129.28240208203147,132.78515625,37026000,0.0,0.0
2022-03-10 00:00:00-05:00,130.64141568020557,132.6378674373792,130.28959734180035,131.79937744140625,27102000,0.0,0.0
2022-03-11 00:00:00-05:00,132.85332926637238,133.15887530088736,129.01468700810108,129.25254821777344,31526000,0.0,0.0
2022-03-14 00:00:00-04:00,129.63024013957775,129.78848017881063,124.67891386783609,125.35169219970703,38812000,0.0,0.0
2022-03-15 00:00:00-04:00,126.37182448632802,129.23663756892861,125.12229757961958,128.583251953125,30920000,0.0,0.0
2022-03-16 00:00:00-04:00,130.1109526032966,132.69857226432342,128.12195717811286,132.64633178710938,35576000,0.0,0.0
2022-03-17 00:00:00-04:00,132.51544446609907,133.44251542685555,131.55602693390728,133.20216369628906,28264000,0.0,0.0
2022-03-18 00:00:00-04:00,132.78961629420914,135.5957038344394,131.62916418987535,135.47776794433594,44566000,0.0,0.0
2022-03-21 00:00:00-04:00,135.51560466660072,136.39789162419223,133.4544597507842,135.4539031982422,26832000,0.0,0.0
2022-03-22 00:00:00-04:00,135.45391090476724,140.37886680791058,135.45391090476724,139.20248413085938,35496000,0.0,0.0
2022-03-23 00:00:00-04:00,138.0425085935887,138.92429430194807,137.1791437250509,137.61753845214844,25154000,0.0,0.0
2022-03-24 00:00:00-04:00,138.53765371288432,140.94514991308523,137.09505730306245,140.89837646484375,26396000,0.0,0.0
2022-03-25 00:00:00-04:00,141.24072608323831,141.35916312962928,139.07259464161262,140.99888610839844,24126000,0.0,0.0
2022-03-28 00:00:00-04:00,140.23007305677257,141.32683456688196,139.1462501767931,140.78244018554688,35050000,0.0,0.0
2022-03-29 00:00:00-04:00,141.96874564221065,143.10928873117544,141.36263470581895,141.82740783691406,34318000,0.0,0.0
2022-03-30 00:00:00-04:00,141.78215606095287,142.041414610686,140.92624749010545,141.2631378173828,19884000,0.0,0.0
2022-03-31 00:00:00-04:00,141.3770911257397,141.43183732694075,138.36301282244463,138.4058074951172,37524000,0.0,0.0
2022-04-01 00:00:00-04:00,138.83624029562424,139.80261322253037,137.64940951093706,139.483642578125,25942000,0.0,0.0
2022-04-04 00:00:00-04:00,139.69064073160442,143.02818421725604,139.6428649982141,142.29119873046875,25942000,0.0,0.0
2022-04-05 00:00:00-04:00,142.1892190441835,142.31013145949348,139.71455405588372,139.92205810546875,21418000,0.0,0.0
2022-04-06 00:00:00-04:00,138.08980328110664,138.69740254618586,134.87218475857597,135.89828491210938,32468000,0.0,0.0
2022-04-07 00:00:00-04:00,135.36282523850036,136.5118422894148,133.58880560045588,135.24191284179688,26234000,0.0,0.0
2022-04-08 00:00:00-04:00,134.93835487299648,135.0244453490223,132.33281575795365,132.65328979492188,25142000,0.0,0.0
2022-04-11 00:00:00-04:00,131.19625072432203,131.46396795737343,128.0562642583226,128.2105255126953,36884000,0.0,0.0
2022-04-12 00:00:00-04:00,130.97382925450697,130.97382925450697,126.1857162540227,127.1068115234375,32710000,0.0,0.0
2022-04-13 00:00:00-04:00,127.39095470279639,129.71384877798675,127.13318439512136,129.27593994140625,27928000,0.0,0.0
2022-04-14 00:00:00-04:00,129.8586543117061,129.8586543117061,125.99859967897054,126.12699127197266,31598000,0.0,0.0
2022-04-18 00:00:00-04:00,126.39571309247896,127.60243774339565,125.58160448146151,127.0689926147461,20808000,0.0,0.0
2022-04-19 00:00:00-04:00,127.0839183466349,129.7128443833924,126.39520967257236,129.39039611816406,26490000,0.0,0.0
2022-04-20 00:00:00-04:00,130.2691902594668,130.77378162705162,126.89333171577131,127.43075561523438,31696000,0.0,0.0
2022-04-21 00:00:00-04:00,128.63500784795013,129.47946605426276,123.93397991770688,124.22061157226562,36446000,0.0,0.0
2022-04-22 00:00:00-04:00,124.40522250559663,124.8053101263878,118.35913172906152,119.06624603271484,56884000,0.0,0.0
2022-04-25 00:00:00-04:00,118.53429277469893,122.69091861575488,117.94710375134851,122.48838806152344,46128000,0.0,0.0
2022-04-26 00:00:00-04:00,121.71260107377317,121.92707556109316,117.94710303931359,118.08544158935547,73054000,0.0,0.0
2022-04-27 00:00:00-04:00,113.92483415386953,116.68414126004245,112.20008592742334,113.75067138671875,91820000,0.0,0.0
2022-04-28 00:00:00-04:00,115.86107915420212,119.08018595435958,113.57201989604017,117.95854949951172,48884000,0.0,0.0
2022-04-29 00:00:00-04:00,116.17904555251677,117.35890574463856,113.27294145478096,113.56653594970703,42676000,0.0,0.0
2022-05-02 00:00:00-04:00,112.86539470993021,116.18999980943521,112.06422476007553,116.02827453613281,35534000,0.0,0.0
2022-05-03 00:00:00-04:00,115.87649904343223,117.87843306840782,115.48238717008276,116.77570343017578,24968000,0.0,0.0
2022-05-04 00:00:00-04:00,116.4746360987147,122.2699268388617,114.56824610086612,121.67925262451172,49916000,0.0,0.0
2022-05-05 00:00:00-04:00,119.63204464005044,120.46307061064945,114.45827869555946,115.95114135742188,45840000,0.0,0.0
2022-05-06 00:00:00-04:00,114.63643262732876,117.01207587544798,113.47299621973782,115.19575500488281,39710000,0.0,0.0
2022-05-09 00:00:00-04:00,112.71112905218551,114.52943920583498,111.46757799921504,111.97564697265625,40802000,0.0,0.0
2022-05-10 00:00:00-04:00,114.95788698251471,115.6968542910652,112.36328947356759,113.85067749023438,39900000,0.0,0.0
2022-05-11 00:00:00-04:00,112.6977024843236,115.81081721712015,112.6977024843236,113.06195831298828,37534000,0.0,0.0
2022-05-12 00:00:00-04:00,110.84754643399383,113.7511601444871,109.30193451554294,112.30706787109375,53836000,0.0,0.0
2022-05-13 00:00:00-04:00,113.98803256594428,117.31413370158947,113.06445432012579,115.4983139038086,35038000,0.0,0.0
2022-05-16 00:00:00-04:00,114.40852067379373,115.61724230928375,113.34759858622417,113.90045166015625,25990000,0.0,0.0
2022-05-17 00:00:00-04:00,116.28455202745589,116.34377055599607,114.32343087143941,115.9188003540039,23054000,0.0,0.0
2022-05-18 00:00:00-04:00,114.4528070059292,114.8509052445683,111.02469285947781,111.36705780029297,35126000,0.0,0.0
2022-05-19 00:00:00-04:00,110.90128865895407,112.4722766682842,109.47659675819857,109.85877227783203,34144000,0.0,0.0
2022-05-20 00:00:00-04:00,111.418305686061,111.6497051639263,105.29309506741203,108.38978576660156,48962000,0.0,0.0
2022-05-23 00:00:00-04:00,109.06606499448633,111.61388163619868,108.22358859840143,110.95751953125,37184000,0.0,0.0
2022-05-24 00:00:00-04:00,105.26872621912392,105.95196030949565,101.3997188941299,105.46578216552734,76780000,0.0,0.0
2022-05-25 00:00:00-04:00,104.48595502313039,105.99325219877339,103.36232921245352,105.30155944824219,40258000,0.0,0.0
2022-05-26 00:00:00-04:00,105.17416668495665,108.1325189038604,104.7243139415563,107.27960205078125,37948000,0.0,0.0
2022-05-27 00:00:00-04:00,108.96206020855854,111.7835698138087,108.61919412203534,111.78207397460938,37914000,0.0,0.0
2022-05-31 00:00:00-04:00,112.21003212171203,115.18431484820356,111.54521130217331,113.220703125,50012000,0.0,0.0
2022-06-01 00:00:00-04:00,114.30849764115457,116.54430641015415,112.71113124806907,113.3500747680664,36606000,0.0,0.0
2022-06-02 00:00:00-04:00,113.45756701556255,117.33851047218953,112.40908243525307,117.06282806396484,37992000,0.0,0.0
2022-06-03 00:00:00-04:00,115.51024691373239,115.76801720266153,112.97835314878134,113.99598693847656,26136000,0.0,0.0
2022-06-06 00:00:00-04:00,116.14920308967707,118.77913155288562,115.61127801779323,116.26465606689453,33542000,0.0,0.0
2022-06-07 00:00:00-04:00,114.93102184671086,117.13100649382692,114.50456340116364,116.59207916259766,31590000,0.0,0.0
2022-06-08 00:00:00-04:00,116.20592298566977,118.00632111258021,116.04519240682265,116.63636779785156,26108000,0.0,0.0
2022-06-09 00:00:00-04:00,115.77399057256335,117.73611398435301,114.22987449001698,114.28909301757812,25798000,0.0,0.0
2022-06-10 00:00:00-04:00,111.90996185455049,112.73999313613125,109.84085182107376,110.632568359375,41452000,0.0,0.0
2022-06-13 00:00:00-04:00,106.27839110394777,108.27384824703032,105.61407143207575,105.88626861572266,47252000,0.0,0.0
2022-06-14 00:00:00-04:00,106.02808814729501,107.41097248913957,105.29658482140374,106.20772552490234,33706000,0.0,0.0
2022-06-15 00:00:00-04:00,108.0285229467679,110.89332844630779,107.15719279182463,109.24222564697266,39698000,0.0,0.0
2022-06-16 00:00:00-04:00,106.71081841205395,108.1315239116339,104.63772962441162,105.52896881103516,51684000,0.0,0.0
2022-06-17 00:00:00-04:00,105.52897843764345,108.18229360105146,104.54617406358982,106.63369750976562,51376000,0.0,0.0
2022-06-21 00:00:00-04:00,108.41118312635855,111.95424892421053,108.08325267016507,111.01324462890625,47416000,0.0,0.0
2022-06-22 00:00:00-04:00,110.0304613100788,112.80717945124134,109.85728564039822,110.95703125,30774000,0.0,0.0
2022-06-23 00:00:00-04:00,111.69747579437303,112.20604591984649,109.97471708378085,111.70792388916016,28362000,0.0,0.0
2022-06-24 00:00:00-04:00,112.45735787961853,117.51716718427524,112.41505675916555,117.41365814208984,41164000,0.0,0.0
2022-06-27 00:00:00-04:00,117.71023220229814,118.01526949121953,114.6314459624472,115.28234100341797,36420000,0.0,0.0
2022-06-28 00:00:00-04:00,115.25148924100075,116.75132243650623,111.31580714736661,111.47454833984375,35792000,0.0,0.0
2022-06-29 00:00:00-04:00,111.02121914854789,112.62206327148687,110.34494794788081,111.17000579833984,24716000,0.0,0.0
2022-06-30 00:00:00-04:00,109.47659494140807,110.36037012107478,106.24205918177555,108.44452667236328,43170000,0.0,0.0
2022-07-01 00:00:00-04:00,107.41943163222562,108.73016641639377,106.22265397774427,108.22010803222656,35476000,0.0,0.0
2022-07-05 00:00:00-04:00,106.59089187479918,112.8375236690026,105.22840262829631,112.72406768798828,39342000,0.0,0.0
2022-07-06 00:00:00-04:00,112.76289403083528,115.03950824405749,110.94557840360967,114.02684783935547,37432000,0.0,0.0
2022-07-07 00:00:00-04:00,114.53242824450783,118.62237150865167,114.28710302372731,118.21780395507812,40936000,0.0,0.0
2022-07-08 00:00:00-04:00,116.69209965966292,119.11551098399944,116.34525479851375,118.78559112548828,38238000,0.0,0.0
2022-07-11 00:00:00-04:00,117.4365476052986,117.4365476052986,114.78173665895066,115.12609100341797,31196000,0.0,0.0
2022-07-12 00:00:00-04:00,115.66202058231765,116.41741177109778,113.14904114568549,113.47796630859375,29960000,0.0,0.0
2022-07-13 00:00:00-04:00,111.16950439272351,113.65263549932013,110.67238462038537,110.82366180419922,43722000,0.0,0.0
2022-07-14 00:00:00-04:00,109.68610316058955,110.56440377859388,107.85734476528513,109.84235382080078,37004000,0.0,0.0
2022-07-15 00:00:00-04:00,111.4675820742736,112.60215711200841,110.3723164753788,111.24563598632812,46770000,0.0,0.0
2022-07-18 00:00:00-04:00,112.10403093176883,113.13908327050366,107.85435196917416,108.5112075805664,43164600,0.0,20.0
2022-07-19 00:00:00-04:00,110.32255584496407,113.47747063825159,109.03869296718022,113.26847076416016,36530900,0.0,0.0
2022-07-20 00:00:00-04:00,112.63151001819001,114.85090252062787,111.9447983557441,113.35803985595703,35600400,0.0,0.0
2022-07-21 00:00:00-04:00,113.73623213542243,114.00495167460863,110.58131743938425,113.79594421386719,32676200,0.0,0.0
2022-07-22 00:00:00-04:00,110.47184488302739,111.80546531170556,105.99325657695871,107.3865966796875,48901200,0.0,0.0
2022-07-25 00:00:00-04:00,107.89417039822348,109.3472225583573,105.79420953019157,106.99845123291016,34690900,0.0,0.0
2022-07-26 00:00:00-04:00,106.09277036719988,106.68991390610014,103.57480992289085,104.5202865600586,47991000,0.0,0.0
2022-07-27 00:00:00-04:00,108.7401268402842,113.36800296920033,107.49607452568807,112.52204132080078,59858500,0.0,0.0
2022-07-28 00:00:00-04:00,111.83532546250933,113.79594545946627,110.92965176635761,113.67652130126953,32816600,0.0,0.0
2022-07-29 00:00:00-04:00,112.54194397943671,116.15466896108313,112.52203489140882,115.76652526855469,37223400,0.0,0.0
2022-08-01 00:00:00-04:00,114.75137773642173,116.16461921046162,113.79593896680589,114.31346893310547,26034300,0.0,0.0
2022-08-02 00:00:00-04:00,113.4575633556852,115.79638002904798,113.17889687110984,114.58218383789062,20236000,0.0,0.0
2022-08-03 00:00:00-04:00,115.1594320713057,118.05558946224379,114.93053070088145,117.51815795898438,28499000,0.0,0.0
2022-08-04 00:00:00-04:00,116.92101136605847,118.21482116526452,116.33381474881479,117.62763214111328,21602900,0.0,0.0
2022-08-05 00:00:00-04:00,115.67695880145602,117.54801066886964,115.44804984442452,116.91105651855469,19159500,0.0,0.0
2022-08-08 00:00:00-04:00,117.82667699099878,119.57830469839134,116.32385973549923,116.74186706542969,19138300,0.0,0.0
2022-08-09 00:00:00-04:00,116.58262580661216,116.7617696373508,115.15942970493639,116.0750503540039,19086500,0.0,0.0
2022-08-10 00:00:00-04:00,118.21481155899389,120.34462825526873,117.84657697820947,119.13043212890625,30930400,0.0,0.0
2022-08-11 00:00:00-04:00,120.70292085614055,120.91192071702521,117.99586202223843,118.27452850341797,24293700,0.0,0.0
2022-08-12 00:00:00-04:00,119.6877792993413,121.10102081298828,118.89158283337814,121.10102081298828,19096300,0.0,0.0
2022-08-15 00:00:00-04:00,120.55363833935155,121.71807703386351,120.03611593641816,121.4991226196289,19494800,0.0,0.0
2022-08-16 00:00:00-04:00,120.94178207281517,121.84745576956125,120.06597200873036,121.12092590332031,19041200,0.0,0.0
2022-08-17 00:00:00-04:00,119.54845056051758,120.71288167155528,118.81196614417375,118.98116302490234,22847000,0.0,0.0
2022-08-18 00:00:00-04:00,118.86173634114425,120.24512192721616,118.1551155275681,119.59821319580078,17987700,0.0,0.0
2022-08-19 00:00:00-04:00,118.49348615368488,118.58306186399878,116.20443457194587,116.65229034423828,21809500,0.0,0.0
2022-08-22 00:00:00-04:00,114.65184995934078,115.07980422824266,113.30827507565557,113.69641876220703,21456600,0.0,0.0
2022-08-23 00:00:00-04:00,112.94004053241602,114.46275924088157,112.89027540618044,113.31822967529297,15870400,0.0,0.0
2022-08-24 00:00:00-04:00,112.9599418544723,114.23385011599804,112.33294226755979,113.14904022216797,17734600,0.0,0.0
2022-08-25 00:00:00-04:00,113.69641910388675,116.1646220653855,113.56704040567818,116.09495544433594,16956800,0.0,0.0
2022-08-26 00:00:00-04:00,114.17414361532893,114.57224186477183,109.66569935363755,109.81497955322266,37245700,0.0,0.0
2022-08-29 00:00:00-04:00,109.46665587275665,110.42208719796032,108.28232315972038,108.89936828613281,21191200,0.0,0.0
2022-08-30 00:00:00-04:00,109.64578930257257,109.97422092496217,107.28707105272045,108.42164611816406,27513300,0.0,0.0
2022-08-31 00:00:00-04:00,110.12350061045113,110.32254592222807,107.61548716074697,107.70506286621094,28627000,0.0,0.0
2022-09-01 00:00:00-04:00,107.76478233631381,109.92445524897461,106.84916169035981,109.21783447265625,28360900,0.0,0.0
2022-09-02 00:00:00-04:00,110.06378281149561,110.2130705944094,106.74963351488796,107.33682250976562,24160700,0.0,0.0
2022-09-06 00:00:00-04:00,106.78944701500801,107.51596926896929,105.27667524334035,106.30177307128906,25068300,0.0,0.0
2022-09-07 00:00:00-04:00,106.55057966549539,109.45669135552637,106.39134493339468,108.92920684814453,23167000,0.0,0.0
2022-09-08 00:00:00-04:00,107.5259250214311,109.078499800194,106.65011497063273,107.86430358886719,24238300,0.0,0.0
2022-09-09 00:00:00-04:00,108.55102080160147,110.46188319968864,108.5012556752909,110.12350463867188,23197700,0.0,0.0
2022-09-12 00:00:00-04:00,110.46188297027061,111.08889015087576,109.40692911388913,110.33250427246094,22966800,0.0,0.0
2022-09-13 00:00:00-04:00,107.2870684416698,107.7846893387219,103.59471470362199,103.82362365722656,38172900,0.0,0.0
2022-09-14 00:00:00-04:00,104.07243482099148,104.77905558849064,103.16676873054044,104.5003890991211,26395100,0.0,0.0
2022-09-15 00:00:00-04:00,103.53499206907362,104.76908964186525,101.86298572173689,102.42032623291016,34188300,0.0,0.0
2022-09-16 00:00:00-04:00,101.58433740325144,102.63929135603635,100.4597168232655,102.31086730957031,42797200,0.0,0.0
2022-09-19 00:00:00-04:00,101.26584814817858,102.83833193685109,101.06680283524696,102.5795669555664,23036800,0.0,0.0
2022-09-20 00:00:00-04:00,101.59428983930465,101.8829108868876,100.04170739047592,100.65876007080078,26517100,0.0,0.0
2022-09-21 00:00:00-04:00,101.18622915681169,102.39047078999764,98.79764738492318,98.80760192871094,31487300,0.0,0.0
2022-09-22 00:00:00-04:00,98.34980184094832,100.7582853575061,98.31994579957582,99.66352081298828,34298600,0.0,0.0
2022-09-23 00:00:00-04:00,99.15593670389735,99.18580033576465,97.00621838807963,98.27017211914062,31625400,0.0,0.0
2022-09-26 00:00:00-04:00,97.63322186449305,99.40475110446,97.33465387177638,97.70288848876953,27072700,0.0,0.0
2022-09-27 00:00:00-04:00,98.95688868137792,99.52417618189102,96.40907220091097,97.03607177734375,30072800,0.0,0.0
2022-09-28 00:00:00-04:00,97.18536227801656,100.22084518059606,96.64793080043407,99.57394409179688,32466300,0.0,0.0
2022-09-29 00:00:00-04:00,98.17064759037245,98.17064759037245,95.50339934291237,96.95645141601562,31047200,0.0,0.0
2022-09-30 00:00:00-04:00,96.58822537398223,98.42942129300384,95.10530953826145,95.19488525390625,32941500,0.0,0.0
2022-10-03 00:00:00-04:00,96.29960237487207,98.8175630102199,96.06073886671564,98.170654296875,27982000,0.0,0.0
2022-10-04 00:00:00-04:00,99.96209253260932,101.3554250298591,99.9023728590896,101.15637969970703,28850800,0.0,0.0
2022-10-05 00:00:00-04:00,99.3549871325797,101.4449933185741,98.32988933045003,100.94737243652344,22176900,0.0,0.0
2022-10-06 00:00:00-04:00,100.20094688426994,102.4402409824645,100.11137117193405,100.93742370605469,22324000,0.0,0.0
2022-10-07 00:00:00-04:00,99.37489560091394,100.0516603517211,97.83227531415282,98.21046447753906,27502800,0.0,0.0
2022-10-10 00:00:00-04:00,98.52893845076046,98.62846111239529,96.54840938978579,97.39436340332031,18225100,0.0,0.0
2022-10-11 00:00:00-04:00,96.96640076120471,98.77774038186384,95.8517273049946,96.71759033203125,26507100,0.0,0.0
2022-10-12 00:00:00-04:00,96.83702964877843,98.28012721366622,96.27968908051714,97.09578704833984,21876400,0.0,0.0
2022-10-13 00:00:00-04:00,94.69726194514989,99.30522889923341,93.93092148147386,98.58865356445312,34574500,0.0,0.0
2022-10-14 00:00:00-04:00,99.51422753973247,100.21090137017602,95.91145700787062,96.10054779052734,25410700,0.0,0.0
2022-10-17 00:00:00-04:00,98.38959718289706,100.4497472424263,98.3597411461504,99.49431610107422,28419200,0.0,0.0
2022-10-18 00:00:00-04:00,102.63928332260754,102.977669480451,99.49432320685048,100.29051208496094,24060700,0.0,0.0
2022-10-19 00:00:00-04:00,99.53413393609323,100.53932268092686,98.44931643231148,99.15593719482422,23811100,0.0,0.0
2022-10-20 00:00:00-04:00,99.52417213782088,101.83313262769467,98.91707408033284,99.49431610107422,25323200,0.0,0.0
2022-10-21 00:00:00-04:00,97.38440433575951,100.82793990140142,97.25502564095308,100.64879608154297,32458700,0.0,0.0
2022-10-24 00:00:00-04:00,101.31562068072593,102.26109737591833,99.50428086547959,102.03218841552734,27176400,0.0,0.0
2022-10-25 00:00:00-04:00,102.41038054718946,104.3212429399577,102.23123672329918,103.98286437988281,40611400,0.0,0.0
2022-10-26 00:00:00-04:00,95.9711646644133,97.8422164678502,94.2394461020253,94.47830200195312,88114100,0.0,0.0
2022-10-27 00:00:00-04:00,94.07025591284439,94.97592963709896,91.36320447078887,91.78120422363281,60710900,0.0,0.0
2022-10-28 00:00:00-04:00,91.8309566371646,96.09059787724979,91.6916233939895,95.83183288574219,43697300,0.0,0.0
2022-10-31 00:00:00-04:00,94.9659688055794,95.57306689870097,93.53282580597906,94.060302734375,31675000,0.0,0.0
2022-11-01 00:00:00-04:00,94.99582786175144,95.57306993471083,89.940005230544,90.0395278930664,47161400,0.0,0.0
2022-11-02 00:00:00-04:00,90.50729412723294,90.74615003951523,86.46660714853941,86.55618286132812,57038300,0.0,0.0
2022-11-03 00:00:00-04:00,85.90926808736477,86.10831340135847,82.94344431306968,83.03302001953125,61288000,0.0,0.0
2022-11-04 00:00:00-04:00,84.99365177935555,86.22774949314112,83.3116906968652,86.16803741455078,51124900,0.0,0.0
2022-11-07 00:00:00-05:00,86.86470514307494,88.47699963071189,86.436750855232,88.0689468383789,34078900,0.0,0.0
2022-11-08 00:00:00-05:00,88.47700500488281,89.89024665779915,87.17323297355927,88.47700500488281,30429000,0.0,0.0
2022-11-09 00:00:00-05:00,88.0291386855819,89.01443358511959,86.86470754222943,86.9045181274414,31769100,0.0,0.0
2022-11-10 00:00:00-05:00,91.81105799655386,93.94087488626228,91.1741038384967,93.4930191040039,51620100,0.0,0.0
2022-11-11 00:00:00-05:00,94.2394538485674,96.46879348169523,93.47311336671255,95.9512710571289,33090500,0.0,0.0
2022-11-14 00:00:00-05:00,94.6375384345769,96.32945403822642,94.0603039654914,95.24463653564453,30179500,0.0,0.0
2022-11-15 00:00:00-05:00,97.79245956917397,99.66351138474529,96.2498317707238,97.97160339355469,41640800,0.0,0.0
2022-11-16 00:00:00-05:00,97.43416966800666,99.16588820159294,97.1754046847515,98.37964630126953,29105200,0.0,0.0
2022-11-17 00:00:00-05:00,96.50859755213386,98.80760365631383,96.32945372628268,97.89198303222656,26052600,0.0,0.0
2022-11-18 00:00:00-05:00,98.30002812804044,98.4294144201493,95.91145390965606,96.9664077758789,28342300,0.0,0.0
2022-11-21 00:00:00-05:00,96.82707209430102,97.93179105937274,94.90625518678002,95.14511108398438,21647400,0.0,0.0
2022-11-22 00:00:00-05:00,95.4934541891789,96.75741561356259,93.60250071461526,96.58822631835938,23438500,0.0,0.0
2022-11-23 00:00:00-05:00,96.62802445978609,98.2900840665078,96.62802445978609,97.99150848388672,18868100,0.0,0.0
2022-11-25 00:00:00-05:00,97.77254895921286,98.17064718420455,96.93654952051315,96.99626159667969,9701400,0.0,0.0
2022-11-28 00:00:00-05:00,96.5782667025875,97.11569819421372,95.1550706024734,95.59297943115234,26237500,0.0,0.0
2022-11-29 00:00:00-05:00,95.27449965265858,95.66264334231307,93.66220522349144,94.73706817626953,20061700,0.0,0.0
2022-11-30 00:00:00-05:00,94.36882794469375,100.55923320625755,93.97072970281681,100.50946807861328,43647500,0.0,0.0
2022-12-01 00:00:00-05:00,100.53932411796288,101.7634748829433,99.772991266651,100.50946807861328,28687100,0.0,0.0
2022-12-02 00:00:00-05:00,98.57871155791251,100.29052121863981,98.4294237568295,99.96209716796875,21480700,0.0,0.0
2022-12-05 00:00:00-05:00,98.92703929278645,100.89761386150826,98.52894104268235,99.00666046142578,24405100,0.0,0.0
2022-12-06 00:00:00-05:00,98.82750758572617,99.30521936766596,95.96120652171987,96.51854705810547,24910700,0.0,0.0
2022-12-07 00:00:00-05:00,95.95126501404084,96.41902227907117,94.26930395221923,94.4882583618164,31045400,0.0,0.0
2022-12-08 00:00:00-05:00,94.92615870890563,95.12521162173816,93.00534176035212,93.26410675048828,32213300,0.0,0.0
2022-12-09 00:00:00-05:00,93.32382016253814,93.81149411113351,92.30867686839619,92.38829803466797,28225400,0.0,0.0
2022-12-12 00:00:00-05:00,92.26886899485267,93.11482303032886,91.1741045022898,92.86601257324219,29420000,0.0,0.0
2022-12-13 00:00:00-05:00,97.29485027015576,99.05642509219642,94.57783654219229,95.17498016357422,40593700,0.0,0.0
2022-12-14 00:00:00-05:00,94.7470163347805,96.4090759117415,93.154630973197,94.61763763427734,28733600,0.0,0.0
2022-12-15 00:00:00-05:00,92.6868611344438,93.19443655131441,89.58171174439282,90.42766571044922,40107000,0.0,0.0
2022-12-16 00:00:00-05:00,90.32814149462808,90.89542897671403,89.0940362830337,89.83052062988281,58011800,0.0,0.0
2022-12-19 00:00:00-05:00,89.83052771403993,90.1290957005775,87.7902789704508,88.0191879272461,29493000,0.0,0.0
2022-12-20 00:00:00-05:00,87.69075421287637,88.75566261824142,87.0239440398078,88.59642028808594,23453800,0.0,0.0
2022-12-21 00:00:00-05:00,88.65614191430713,89.7907169658723,87.89975601556621,89.15376281738281,24745600,0.0,0.0
2022-12-22 00:00:00-05:00,87.74052072393032,88.11870987437933,85.909271863705,87.34242248535156,27658300,0.0,0.0
2022-12-23 00:00:00-05:00,86.69551223985816,89.12390461779462,86.655701657406,88.80542755126953,23003000,0.0,0.0
2022-12-27 00:00:00-05:00,88.37746898869531,88.51680222396423,86.5959853742235,86.97417449951172,20097300,0.0,0.0
2022-12-28 00:00:00-05:00,86.56613367944158,87.62108754027969,85.53108131331513,85.6106948852539,19523200,0.0,0.0
2022-12-29 00:00:00-05:00,86.2078424115069,88.42722724367383,86.1978878680228,88.02912902832031,23333500,0.0,0.0
2022-12-30 00:00:00-05:00,86.56614355146583,87.87986255192544,86.15809072896663,87.81019592285156,23986300,0.0,0.0
2023-01-03 00:00:00-05:00,89.16370297479997,90.61676258298985,88.09879462707987,88.6959457397461,28131200,0.0,0.0
2023-01-04 00:00:00-05:00,89.92009958818068,90.21867518028262,86.8547528692259,87.66090393066406,34854800,0.0,0.0
2023-01-05 00:00:00-05:00,87.05380204485257,87.1533247069017,85.4912727120948,85.78984069824219,27194400,0.0,0.0
2023-01-06 00:00:00-05:00,86.37704473293368,87.2727639545087,84.45622757731456,86.92442321777344,41381500,0.0,0.0
2023-01-09 00:00:00-05:00,87.93956719506664,89.62152828865293,87.44194628861791,87.60118103027344,29003900,0.0,0.0
2023-01-10 00:00:00-05:00,85.57089787842811,88.24809330021212,85.42161008183072,87.99928283691406,30467800,0.0,0.0
2023-01-11 00:00:00-05:00,88.7556713324224,91.16415486430132,88.58648203484007,91.08453369140625,26862000,0.0,0.0
2023-01-12 00:00:00-05:00,91.0447213124675,91.432864998952,89.32294969329632,90.69638061523438,30258100,0.0,0.0
2023-01-13 00:00:00-05:00,90.41771741423032,91.75134539532985,89.70114209221775,91.68167877197266,26329200,0.0,0.0
2023-01-17 00:00:00-05:00,91.62195415344863,91.81105251796343,89.6215236794331,90.85562133789062,32602400,0.0,0.0
2023-01-18 00:00:00-05:00,91.70157513878183,92.35843834492154,90.2087124991102,90.68643188476562,29116700,0.0,0.0
2023-01-19 00:00:00-05:00,90.28833877439054,93.16458701556465,90.19876306253057,92.60725402832031,37000400,0.0,0.0
2023-01-20 00:00:00-05:00,94.64749230458399,97.83227057478473,94.56787113938321,97.55359649658203,63191100,0.0,0.0
2023-01-23 00:00:00-05:00,97.48393658664499,99.56399601043773,97.03608078946915,99.315185546875,40005100,0.0,0.0
2023-01-24 00:00:00-05:00,97.63321326625847,99.13603042112301,96.73749418080635,97.23511505126953,33078500,0.0,0.0
2023-01-25 00:00:00-05:00,95.11526275334147,95.70245938987009,93.313877444999,94.76692962646484,42330000,0.0,0.0
2023-01-26 00:00:00-05:00,96.0408260243726,97.10573436154094,94.92615256394458,97.05596923828125,30114000,0.0,0.0
2023-01-27 00:00:00-05:00,96.84697541487013,99.84265530593878,96.84697541487013,98.89717864990234,33879800,0.0,0.0
2023-01-30 00:00:00-05:00,97.01616832917084,97.82231171021904,95.94130542571196,96.4787368774414,27226200,0.0,0.0
2023-01-31 00:00:00-05:00,96.40907756904596,98.40950815466127,96.35931244094722,98.36969757080078,29870700,0.0,0.0
2023-02-01 00:00:00-05:00,98.24031608663826,100.70851906446003,97.11569559851715,99.95213317871094,35531100,0.0,0.0
2023-02-02 00:00:00-05:00,105.29658441835562,107.33682553198318,105.10748604846768,107.22734832763672,69883800,0.0,0.0
2023-02-03 00:00:00-05:00,102.44023732028235,107.29701450167059,102.09190421385664,104.28143310546875,65309300,0.0,0.0
2023-02-06 00:00:00-05:00,101.9127642202071,103.86343728262108,101.39523421998128,102.41038513183594,31999600,0.0,0.0
2023-02-07 00:00:00-05:00,102.72886341728358,107.6652620074092,102.62934075240821,107.1278305053711,49010200,0.0,0.0
2023-02-08 00:00:00-05:00,101.56442693043918,102.64923682856325,97.57350525697757,98.89717864990234,94743500,0.0,0.0
2023-02-09 00:00:00-05:00,99.52417665215816,99.55403269025908,93.18448386590254,94.55792236328125,119455000,0.0,0.0
2023-02-10 00:00:00-05:00,94.99582806779736,96.28964546267231,93.80154092875313,94.1200180053711,54980700,0.0,0.0
2023-02-13 00:00:00-05:00,94.28920688773186,94.74701720884225,93.39348774073657,94.15982818603516,50076100,0.0,0.0
2023-02-14 00:00:00-05:00,93.98068174209502,94.39868146803326,91.82100889832186,94.2294921875,54726100,0.0,0.0
2023-02-15 00:00:00-05:00,94.04039005423793,96.65788069468455,93.70201150671859,96.4787368774414,50169000,0.0,0.0
2023-02-16 00:00:00-05:00,94.91621637237178,97.2152225774334,94.28920915783308,95.05554962158203,42462600,0.0,0.0
2023-02-17 00:00:00-05:00,94.39868291013072,95.10530367470463,92.76648697078687,93.90106201171875,34284100,0.0,0.0
2023-02-21 00:00:00-05:00,92.55748257079424,92.65700522698316,91.28357434815544,91.35324096679688,33629300,0.0,0.0
2023-02-22 00:00:00-05:00,91.26367049827103,91.67172328308142,90.1788605753032,91.21391296386719,30884000,0.0,0.0
2023-02-23 00:00:00-05:00,91.4826172903113,91.50252637688843,89.33289911857833,90.45751953125,41206400,0.0,0.0
2023-02-24 00:00:00-05:00,89.01443223203913,89.46228802095382,88.15852364572393,88.70590209960938,36585100,0.0,0.0
2023-02-27 00:00:00-05:00,89.4423828125,89.73100384409955,88.91489828317458,89.4423828125,27502300,0.0,0.0
2023-02-28 00:00:00-05:00,88.90495506752045,90.79591607528975,88.89500052309056,89.63147735595703,30142000,0.0,0.0
2023-03-01 00:00:00-05:00,89.5518569460858,90.59685623870114,89.24332683704428,89.93004608154297,31111200,0.0,0.0
2023-03-02 00:00:00-05:00,89.23338599577193,91.84091472708995,89.16371177840199,91.56224822998047,32204400,0.0,0.0
2023-03-03 00:00:00-05:00,92.03996045341758,93.28401264189694,92.01009682269682,93.20439147949219,35160100,0.0,0.0
2023-03-06 00:00:00-05:00,93.57262632205895,95.51335229721735,93.55272482794965,94.6773452758789,32639300,0.0,0.0
2023-03-07 00:00:00-05:00,94.52807232544816,95.21478402463518,93.08496711653402,93.41339874267578,27835500,0.0,0.0
2023-03-08 00:00:00-05:00,93.67215786383373,95.503399070826,93.55272611825472,93.8015365600586,34103300,0.0,0.0
2023-03-09 00:00:00-05:00,93.60250146148456,95.07545518561926,91.46272990977579,91.88072967529297,28813500,0.0,0.0
2023-03-10 00:00:00-05:00,91.73143425906332,92.34848690437508,89.96985962601842,90.19876098632812,35941000,0.0,0.0
2023-03-13 00:00:00-04:00,89.661324698127,92.12952755390786,88.99451455477161,90.67647552490234,37335600,0.0,0.0
2023-03-14 00:00:00-04:00,92.11957834566286,93.91101661837747,92.00015418954344,93.52287292480469,36050200,0.0,0.0
2023-03-15 00:00:00-04:00,92.77644636636741,96.46879271449647,92.19920427168174,95.65269470214844,50622100,0.0,0.0
2023-03-16 00:00:00-04:00,95.74226728410615,100.70852980834213,95.0456009946808,99.84266662597656,65492000,0.0,0.0
2023-03-17 00:00:00-04:00,99.78295267907698,102.35067095008547,99.62371033412825,101.13648223876953,61028500,0.0,0.0
2023-03-20 00:00:00-04:00,99.64361592487353,101.26585739333697,99.39480546444764,100.7383804321289,32960400,0.0,0.0
2023-03-21 00:00:00-04:00,100.76823312250937,104.59991256706779,100.73837708314564,104.42076873779297,42110300,0.0,0.0
2023-03-22 00:00:00-04:00,103.773854818731,106.08281539474726,102.8383327290355,102.87814331054688,43427400,0.0,0.0
2023-03-23 00:00:00-04:00,104.56010268824097,105.79420800627038,103.96295911766454,105.0975341796875,40797800,0.0,0.0
2023-03-24 00:00:00-04:00,104.49043770663731,104.98805862211833,103.34590808241246,104.93830108642578,30393300,0.0,0.0
2023-03-27 00:00:00-04:00,104.12219906093443,104.2615323044318,101.44499620942092,101.97247314453125,31120900,0.0,0.0
2023-03-28 00:00:00-04:00,101.95257284782572,101.96251979884079,99.2654154207413,100.54927825927734,32057900,0.0,0.0
2023-03-29 00:00:00-04:00,101.7933268219828,102.00232668210373,100.17108547356293,100.90756225585938,28779600,0.0,0.0
2023-03-30 00:00:00-04:00,100.4298517146947,100.67866215981911,99.30522364315344,100.40994262695312,33086200,0.0,0.0
2023-03-31 00:00:00-04:00,100.8180045169263,103.39567731678657,100.55923950453533,103.23644256591797,36863400,0.0,0.0
2023-04-03 00:00:00-04:00,101.90279881082961,104.0326154780684,101.4449885321148,103.8634262084961,25035400,0.0,0.0
2023-04-04 00:00:00-04:00,103.83357415733603,105.07762635151548,103.54495313711536,104.22171783447266,24420100,0.0,0.0
2023-04-05 00:00:00-04:00,105.2766800226226,105.59515710589082,103.16677219338038,103.97291564941406,28290500,0.0,0.0
2023-04-06 00:00:00-04:00,104.75915364055206,108.65054511701238,103.83357846595176,107.90411376953125,48711500,0.0,0.0
2023-04-10 00:00:00-04:00,106.4709641629739,107.07805463574618,104.6198139282229,105.93353271484375,27067400,0.0,0.0
2023-04-11 00:00:00-04:00,106.04301910676263,106.22216293833723,104.18191416724264,104.84872436523438,26311800,0.0,0.0
2023-04-12 00:00:00-04:00,106.07286892315904,106.24205820052738,103.84352190700692,104.14209747314453,24370300,0.0,0.0
2023-04-13 00:00:00-04:00,105.33639240206342,106.97854295202298,105.33639240206342,106.91883087158203,24843600,0.0,0.0
2023-04-14 00:00:00-04:00,106.38139243712666,108.42164110764425,106.33162731127321,108.35197448730469,26578000,0.0,0.0
2023-04-17 00:00:00-04:00,104.16201774578109,105.65488055059328,104.02267689835315,105.46578216552734,37571200,0.0,0.0
2023-04-18 00:00:00-04:00,105.98329077756064,106.03305590180257,103.57480758885212,104.00276184082031,26596400,0.0,0.0
2023-04-19 00:00:00-04:00,103.08715206626977,104.48049216706148,102.57957659955501,103.68429565429688,20905700,0.0,0.0
2023-04-20 00:00:00-04:00,103.41557815605778,105.74444030250633,103.37576757324341,104.78900909423828,27820800,0.0,0.0
2023-04-21 00:00:00-04:00,104.96815934695626,105.49563631362956,104.28144003927596,104.908447265625,25800100,0.0,0.0
2023-04-24 00:00:00-04:00,104.98806272702657,106.12263785123642,104.20182073865433,105.46578216552734,23542800,0.0,0.0
2023-04-25 00:00:00-04:00,105.3264476991522,106.18235630484261,103.34591093386543,103.35586547851562,46664100,0.0,0.0
2023-04-26 00:00:00-04:00,104.42077155594797,105.84396768440436,102.14166684153358,103.2165298461914,53347600,0.0,0.0
2023-04-27 00:00:00-04:00,103.95299784504715,107.85435127935429,103.0473318001292,107.07805633544922,50089200,0.0,0.0
2023-04-28 00:00:00-04:00,106.5306785498371,106.83920106462901,104.5899525683896,106.8292465209961,36139800,0.0,0.0
2023-05-01 00:00:00-04:00,106.33162325684647,107.47615277000584,106.31172176311922,106.68991088867188,26681700,0.0,0.0
2023-05-02 00:00:00-04:00,106.63020263275621,106.68991470916808,103.21652305785557,104.81886291503906,30997200,0.0,0.0
2023-05-03 00:00:00-04:00,105.0278714282875,106.97854454706649,104.46058387636243,104.908447265625,21795400,0.0,0.0
2023-05-04 00:00:00-04:00,104.98806056672765,105.09753777760864,103.47529629660639,104.1918716430664,23419500,0.0,0.0
2023-05-05 00:00:00-04:00,104.32124898163032,105.37620289836305,103.61462818899871,105.06768035888672,26625100,0.0,0.0
2023-05-08 00:00:00-04:00,104.67952961034783,107.44630051441501,104.65962811592014,107.2572021484375,26511400,0.0,0.0
2023-05-09 00:00:00-04:00,107.87426293991619,109.62589071265951,106.67997576350962,106.8392105102539,36360100,0.0,0.0
2023-05-10 00:00:00-04:00,107.45625661998795,112.4026095007465,107.41644603746185,111.21826934814453,63153400,0.0,0.0
2023-05-11 00:00:00-04:00,114.85090401178836,117.35890998003737,113.86561676637899,116.01533508300781,78900000,0.0,0.0
2023-05-12 00:00:00-04:00,116.12481417824908,117.46838909715726,115.55752665279486,116.95086669921875,41073800,0.0,0.0
2023-05-15 00:00:00-04:00,115.55752158860936,117.91624729796742,115.45799893103178,115.95561981201172,36266800,0.0,0.0
2023-05-16 00:00:00-04:00,115.93571827523857,120.1754505833764,115.87600619542154,118.94135284423828,45035600,0.0,0.0
2023-05-17 00:00:00-04:00,119.04087149490434,121.09106715915512,118.3242961888887,120.2650146484375,33323600,0.0,0.0
2023-05-18 00:00:00-04:00,120.37449262022581,122.72326387464808,120.25506846385703,122.24555206298828,35234200,0.0,0.0
2023-05-19 00:00:00-04:00,122.96212233272476,125.37060556659539,121.56878235183454,122.1758804321289,41330300,0.0,0.0
2023-05-22 00:00:00-04:00,122.35502582680218,125.82841748352126,122.15597291663258,124.45498657226562,35253000,0.0,0.0
2023-05-23 00:00:00-04:00,123.5692224434729,124.03697969958147,121.62849642613534,121.9768295288086,34046300,0.0,0.0
2023-05-24 00:00:00-04:00,120.54368432083105,121.32992621989823,119.28967758115877,120.3247299194336,34182600,0.0,0.0
2023-05-25 00:00:00-04:00,123.92751619206183,124.7237127373814,121.37969939598797,122.89247131347656,42317000,0.0,0.0
2023-05-26 00:00:00-04:00,122.58392404083384,124.66398323852341,121.86734876877027,124.01707458496094,35635900,0.0,0.0
2023-05-30 00:00:00-04:00,125.04217814334058,125.06208723131287,121.41949862779474,123.08155059814453,35076700,0.0,0.0
2023-05-31 00:00:00-04:00,122.16593049458432,123.46969481793454,121.91712004551185,122.28536224365234,37325800,0.0,0.0
2023-06-01 00:00:00-04:00,122.23559799694154,123.82798336385527,122.03655267348697,123.13131713867188,30772700,0.0,0.0
2023-06-02 00:00:00-04:00,123.40002514747484,125.54975101903904,123.17112379211459,124.07678985595703,26963100,0.0,0.0
2023-06-05 00:00:00-04:00,123.41993213979819,126.82365711889926,123.25073527073091,125.41041564941406,32305500,0.0,0.0
2023-06-06 00:00:00-04:00,125.41042902818297,127.6795716632302,124.76352029992727,126.70423889160156,26638300,0.0,0.0
2023-06-07 00:00:00-04:00,126.36584609093107,128.4259886146352,121.53892512668912,121.9171142578125,52539000,0.0,0.0
2023-06-08 00:00:00-04:00,121.64841360475143,122.64365544606527,120.66311871482401,121.558837890625,29389200,0.0,0.0
2023-06-09 00:00:00-04:00,121.66830847720398,123.17112570184304,121.3299299142625,121.64840698242188,23762500,0.0,0.0
2023-06-12 00:00:00-04:00,122.20574275748704,123.45974956411615,121.0811222457333,123.05169677734375,28306400,0.0,0.0
2023-06-13 00:00:00-04:00,124.38532088531461,124.56446470926541,122.59388264580667,123.24079132080078,22278300,0.0,0.0
2023-06-14 00:00:00-04:00,122.5142630804105,123.45974733869542,120.87211260494071,123.08155059814453,30592300,0.0,0.0
2023-06-15 00:00:00-04:00,122.55407071303016,124.86303131123523,121.81759393072211,124.49478912353516,35246300,0.0,0.0
2023-06-16 00:00:00-04:00,125.33079673890096,125.5099405617093,122.69340452264717,122.94221496582031,45514000,0.0,0.0
2023-06-20 00:00:00-04:00,122.34507768010195,123.97727366337496,121.55883572827894,122.51426696777344,26097500,0.0,0.0
2023-06-21 00:00:00-04:00,121.81759809801702,122.07636309263388,119.52853891590576,119.97640228271484,30306300,0.0,0.0
2023-06-22 00:00:00-04:00,119.4290127749455,122.65359399380323,118.2645817227319,122.56402587890625,26952200,0.0,0.0
2023-06-23 00:00:00-04:00,120.80244235467579,122.20573688397315,120.48396529451563,121.75787353515625,34885300,0.0,0.0
2023-06-26 00:00:00-04:00,120.1854075438775,121.41950530782552,117.70724987835497,117.77691650390625,33969900,0.0,0.0
2023-06-27 00:00:00-04:00,116.52290793494869,118.51339146949954,115.54756766205826,117.76696014404297,39535900,0.0,0.0
2023-06-28 00:00:00-04:00,116.5328533286732,119.81715415403947,116.29399743378409,119.608154296875,27091400,0.0,0.0
2023-06-29 00:00:00-04:00,118.67262791972016,119.48872587696212,117.73710580825735,118.53329467773438,24090900,0.0,0.0
2023-06-30 00:00:00-04:00,119.59819695723526,120.50387057686662,119.12048517862524,119.13043212890625,29519700,0.0,0.0
2023-07-03 00:00:00-04:00,118.67262744367262,119.61811168831736,118.25462771939205,119.3294906616211,14467900,0.0,0.0
2023-07-05 00:00:00-04:00,118.67262585976906,122.02659333927569,118.66267890915145,121.17068481445312,27584800,0.0,0.0
2023-07-06 00:00:00-04:00,119.22997538441382,119.7275963040598,117.83663529078655,119.53849792480469,24745200,0.0,0.0
2023-07-07 00:00:00-04:00,119.52853643899117,120.47402068726721,118.83187022918119,118.91149139404297,21692600,0.0,0.0
2023-07-10 00:00:00-04:00,117.73711569558557,117.74706264721117,115.58738962197427,115.89591217041016,35315200,0.0,0.0
2023-07-11 00:00:00-04:00,115.73666473923052,117.14990621068708,114.80113505861661,116.5826187133789,23078800,0.0,0.0
2023-07-12 00:00:00-04:00,118.2347265266947,119.75744523552781,117.8465828398585,118.36410522460938,30404400,0.0,0.0
2023-07-13 00:00:00-04:00,120.3545946051284,124.23603925428093,119.87687518656348,123.94741821289062,44297900,0.0,0.0
2023-07-14 00:00:00-04:00,124.20618186143912,126.17675640796054,122.90240991720911,124.82322692871094,33266800,0.0,0.0
2023-07-17 00:00:00-04:00,125.34074752508035,126.49522399838557,123.60902142548464,124.056884765625,25716200,0.0,0.0
2023-07-18 00:00:00-04:00,124.00712678682312,124.08674795318163,122.37493084193565,123.17112731933594,26226400,0.0,0.0
2023-07-19 00:00:00-04:00,124.00712721064436,124.5843692790778,121.22045471640399,121.44935607910156,37224000,0.0,0.0
2023-07-20 00:00:00-04:00,120.84225815158732,123.49955194883329,117.65748741253887,118.63282012939453,37906800,0.0,0.0
2023-07-21 00:00:00-04:00,120.04606470909158,120.41429930342547,118.16505837628159,119.44891357421875,72937900,0.0,0.0
2023-07-24 00:00:00-04:00,121.08112274560483,122.41474313178708,120.40435800830701,120.95173645019531,29686100,0.0,0.0
2023-07-25 00:00:00-04:00,120.78254786384007,122.56403163253377,120.44416169668466,121.62850189208984,52509600,0.0,0.0
2023-07-26 00:00:00-04:00,129.45110367587904,130.35676214061976,127.70943058695467,128.6549072265625,61682100,0.0,0.0
2023-07-27 00:00:00-04:00,131.04348970124676,132.60602666094323,128.1771883763532,128.78428649902344,44952100,0.0,0.0
2023-07-28 00:00:00-04:00,130.15771946410177,133.1036418304535,129.94872719345616,131.94915771484375,36591200,0.0,0.0
2023-07-31 00:00:00-04:00,132.09843266820528,132.89462910208388,131.1529560469299,132.08848571777344,28055500,0.0,0.0
2023-08-01 00:00:00-04:00,130.1577014274451,131.99890454954252,130.0581711882357,130.92404174804688,23166800,0.0,0.0
2023-08-02 00:00:00-04:00,128.83405063143312,129.47100478913018,126.95304419806331,127.76914978027344,26273300,0.0,0.0
2023-08-03 00:00:00-04:00,127.36109434055177,128.7743358739839,126.81370831340226,127.83880615234375,20089500,0.0,0.0
2023-08-04 00:00:00-04:00,128.6648583264697,130.88424328208276,127.30138192389168,127.50042724609375,26130000,0.0,0.0
2023-08-07 00:00:00-04:00,128.5454412168282,130.98378071638075,128.4061079650305,130.90415954589844,22746300,0.0,0.0
2023-08-08 00:00:00-04:00,129.998477634037,130.88424221889798,128.92361467945548,130.77476501464844,23535200,0.0,0.0
2023-08-09 00:00:00-04:00,131.0335439778547,131.41172554952155,128.3861970452602,129.04306030273438,24912900,0.0,0.0
2023-08-10 00:00:00-04:00,130.6951554251583,131.4216776590085,128.83404300432582,129.07290649414062,20857800,0.0,0.0
2023-08-11 00:00:00-04:00,128.04781566195854,129.3117618339363,127.56014170520349,128.9435272216797,19569200,0.0,0.0
2023-08-14 00:00:00-04:00,128.7743521360614,130.74492689646604,128.34640539745578,130.7051239013672,24695600,0.0,0.0
2023-08-15 00:00:00-04:00,130.47621742457744,130.7946869315138,128.66486990136232,129.16249084472656,19770700,0.0,0.0
2023-08-16 00:00:00-04:00,128.08761596679688,129.66009982508598,127.26157104777742,128.08761596679688,25216100,0.0,0.0
2023-08-17 00:00:00-04:00,129.18239468568078,131.36197675884557,128.6748116249142,129.30181884765625,33446300,0.0,0.0
2023-08-18 00:00:00-04:00,127.89851493202701,128.63499931194184,125.77865268655036,126.853515625,30491300,0.0,0.0
2023-08-21 00:00:00-04:00,126.57484564637545,128.11746579787294,125.95779302992129,127.7591781616211,25248700,0.0,0.0
2023-08-22 00:00:00-04:00,127.89852516645765,129.66010749983826,127.70944197062904,128.4658203125,22067500,0.0,0.0
2023-08-23 00:00:00-04:00,129.56057601207195,132.77521810347412,129.25205347010368,131.7401580810547,27819700,0.0,0.0
2023-08-24 00:00:00-04:00,133.31264769004198,133.61122329329774,128.95349855277775,129.16249084472656,28500700,0.0,0.0
2023-08-25 00:00:00-04:00,128.92361491657198,130.13781111641472,126.64451789723837,129.2620086669922,26762900,0.0,0.0
2023-08-28 00:00:00-04:00,130.6851874909537,131.90933055130816,129.52075650385797,130.38661193847656,20543300,0.0,0.0
2023-08-29 00:00:00-04:00,131.6107874308828,135.92018645455218,131.6107874308828,133.92970275878906,43075600,0.0,0.0
2023-08-30 00:00:00-04:00,134.1387025629242,135.6315654184423,133.43208931557663,135.2334747314453,28315800,0.0,0.0
2023-08-31 00:00:00-04:00,135.36283712876264,137.34337385647325,135.14388270916908,135.52207946777344,30053800,0.0,0.0
2023-09-01 00:00:00-04:00,136.80594945032874,136.80594945032874,134.20836765107612,135.01451110839844,21524600,0.0,0.0
2023-09-05 00:00:00-04:00,134.7955460588322,135.77087872900177,133.93963753997775,135.1239776611328,19403100,0.0,0.0
2023-09-06 00:00:00-04:00,135.37279574679286,135.88036360473524,133.03397141020704,133.82022094726562,18684500,0.0,0.0
2023-09-07 00:00:00-04:00,132.95434213781053,134.93487869329522,132.3173880233416,134.61639404296875,18844300,0.0,0.0
2023-09-08 00:00:00-04:00,134.2680573726706,136.00973029553754,134.20834530224724,135.73106384277344,23558300,0.0,0.0
2023-09-11 00:00:00-04:00,135.89032737434255,136.82585722476293,135.14389592171182,136.26852416992188,20763400,0.0,0.0
2023-09-12 00:00:00-04:00,135.6116349892628,136.21873306242523,134.54673421670935,134.69601440429688,18405500,0.0,0.0
2023-09-13 00:00:00-04:00,134.44720728074662,136.24859245755295,133.51167758565322,136.05950927734375,20749500,0.0,0.0
2023-09-14 00:00:00-04:00,136.94528070062265,138.0400375924637,135.59175121605634,137.44290161132812,24751000,0.0,0.0
2023-09-15 00:00:00-04:00,137.32345788063844,137.86089695130053,135.83059519619755,136.7462158203125,38908400,0.0,0.0
2023-09-18 00:00:00-04:00,135.95997529868072,138.4978447839275,135.95997529868072,137.5523681640625,21861300,0.0,0.0
2023-09-19 00:00:00-04:00,136.7661336216356,137.75142852316634,135.96993710197103,137.3831787109375,20353700,0.0,0.0
2023-09-20 00:00:00-04:00,137.4229832645566,137.4229832645566,132.98419835818402,133.1036376953125,29927500,0.0,0.0
2023-09-21 00:00:00-04:00,130.81459306049098,131.6008274512888,129.45111656611377,129.81935119628906,31488700,0.0,0.0
2023-09-22 00:00:00-04:00,130.1378015737834,131.40176280772747,128.98333272244602,129.63023376464844,26397300,0.0,0.0
2023-09-25 00:00:00-04:00,129.2122519182116,130.54587235985892,128.34639636353074,130.4861602783203,20094600,0.0,0.0
2023-09-26 00:00:00-04:00,129.1525314353715,129.73972044721884,126.61466183176898,127.95824432373047,25718700,0.0,0.0
2023-09-27 00:00:00-04:00,127.95825647590418,130.27715670469198,127.95825647590418,129.9188690185547,22746500,0.0,0.0
2023-09-28 00:00:00-04:00,129.22218681213153,132.6657299926707,129.17242168676438,131.68043518066406,22513100,0.0,0.0
2023-09-29 00:00:00-04:00,132.64581840280536,133.41215879768615,129.739714333163,130.23733520507812,30848100,0.0,0.0
2023-10-02 00:00:00-04:00,130.58569349746125,133.78041142165446,130.5458753180762,133.53160095214844,22288000,0.0,0.0
2023-10-03 00:00:00-04:00,133.3026905762113,133.62116005886995,131.21267669893393,131.79986572265625,22989400,0.0,0.0
2023-10-04 00:00:00-04:00,132.15815718510046,134.9249434701971,131.8993997738575,134.5965118408203,26752300,0.0,0.0
2023-10-05 00:00:00-04:00,134.4273223876953,134.84532213743643,132.81502028305357,134.4273223876953,19832600,0.0,0.0
2023-10-06 00:00:00-04:00,133.37234873185216,137.50261133155155,133.37234873185216,136.9253692626953,27583200,0.0,0.0
2023-10-09 00:00:00-04:00,136.28841418957376,138.27889778472175,134.96474077645817,137.76136779785156,19278100,0.0,0.0
2023-10-10 00:00:00-04:00,137.8409849799401,139.05518115278088,136.67655393277659,137.403076171875,27786600,0.0,0.0
2023-10-11 00:00:00-04:00,137.920628289257,140.43858915374793,137.920628289257,139.88125610351562,25884300,0.0,0.0
2023-10-12 00:00:00-04:00,140.37885098714375,140.54804026123193,137.60211801793758,138.30874633789062,24765500,0.0,0.0
2023-10-13 00:00:00-04:00,138.71681368426044,139.33385877066547,135.96993646362293,136.7064208984375,23420500,0.0,0.0
2023-10-16 00:00:00-04:00,137.51255809555218,138.9656178098258,137.33342186038425,138.43814086914062,28501900,0.0,0.0
2023-10-17 00:00:00-04:00,137.9703659398381,139.23431200334724,136.5272532818645,139.05517578125,23515800,0.0,0.0
2023-10-18 00:00:00-04:00,138.7864742597851,140.0504356733887,136.7263315075888,137.30357360839844,23375000,0.0,0.0
2023-10-19 00:00:00-04:00,137.84099006998994,138.9954742091233,136.72632410734244,137.0945587158203,26066000,0.0,0.0
2023-10-20 00:00:00-04:00,136.67656764747252,137.21399157463526,134.43727344295388,134.95480346679688,26315200,0.0,0.0
2023-10-23 00:00:00-04:00,134.39743479587233,137.00497842129087,133.31262496891244,135.85049438476562,26317900,0.0,0.0
2023-10-24 00:00:00-04:00,137.17417294722958,138.6968916178538,136.76612018289654,138.14950561523438,44814300,0.0,0.0
2023-10-25 00:00:00-04:00,127.55018328196924,127.69946346643458,124.47488239942285,125.01231384277344,84366200,0.0,0.0
2023-10-26 00:00:00-04:00,122.68345314790562,123.73841461751326,120.69296955110403,121.69816589355469,57061100,0.0,0.0
2023-10-27 00:00:00-04:00,122.29531249468846,122.72326678236502,119.63801864923039,121.58869171142578,44566500,0.0,0.0
2023-10-30 00:00:00-04:00,122.6237455580271,124.80332760609076,122.16593522517718,123.8677978515625,28940100,0.0,0.0
2023-10-31 00:00:00-04:00,124.46494151125496,124.77347164354663,122.10622322082405,123.48960876464844,26292300,0.0,0.0
2023-11-01 00:00:00-04:00,123.47964730512324,125.88813058968375,123.13131420084254,125.84832000732422,30082400,0.0,0.0
2023-11-02 00:00:00-04:00,127.80895995342698,128.36629297445822,126.3260516835586,126.88338470458984,27124600,0.0,0.0
2023-11-03 00:00:00-04:00,127.41086997739491,128.91367975208917,127.25162763160075,128.48573303222656,26380100,0.0,0.0
2023-11-06 00:00:00-05:00,128.43594674032983,129.71980187458107,128.0577500279253,129.63023376464844,19052700,0.0,0.0
2023-11-07 00:00:00-05:00,130.08805962107587,131.28234671869467,129.26200712212525,130.34681701660156,29757300,0.0,0.0
2023-11-08 00:00:00-05:00,130.34682148408558,131.580926799427,130.15772310979614,131.21267700195312,26425800,0.0,0.0
2023-11-09 00:00:00-05:00,131.33211744076144,131.91930647073386,129.45111100566407,129.62030029296875,23747800,0.0,0.0
2023-11-10 00:00:00-05:00,129.48096408570086,132.16811390496133,128.79424481480643,131.9591064453125,26913300,0.0,0.0
2023-11-13 00:00:00-05:00,131.1529795085951,131.95912303711475,130.62550250385542,131.4615020751953,18324800,0.0,0.0
2023-11-14 00:00:00-05:00,133.55148695631235,135.05429646532818,132.68563153168148,132.98419189453125,32395200,0.0,0.0
2023-11-15 00:00:00-05:00,134.2282568614201,134.38749919428832,132.93445466887385,133.9794464111328,23861500,0.0,0.0
2023-11-16 00:00:00-05:00,134.54674656195866,136.5670862789989,133.6808910221372,136.27845764160156,28013200,0.0,0.0
2023-11-17 00:00:00-05:00,135.35288749837048,135.41259957777135,133.01406314727024,134.66616821289062,37240600,0.0,0.0
2023-11-20 00:00:00-05:00,133.05388316485448,136.0097526255653,132.98420894713303,135.60169982910156,27815500,0.0,0.0
2023-11-21 00:00:00-05:00,135.6414955150459,136.52726009180356,135.31307909148632,136.31826782226562,22635300,0.0,0.0
2023-11-22 00:00:00-05:00,136.81588856208788,138.75660699373168,136.81588856208788,137.83103942871094,17813900,0.0,0.0
2023-11-24 00:00:00-05:00,137.37323225964377,137.47276251978383,135.3429455539826,136.03961181640625,12514300,0.0,0.0
2023-11-27 00:00:00-05:00,135.3827437999076,137.76137114648046,135.35288776014943,135.7609405517578,23436500,0.0,0.0
2023-11-28 00:00:00-05:00,135.43249901776102,136.59693004167585,134.77563581877808,136.5471649169922,18730000,0.0,0.0
2023-11-29 00:00:00-05:00,136.9154278069515,137.63198796354249,134.19840663801398,134.3477020263672,23967200,0.0,0.0
2023-11-30 00:00:00-05:00,134.4074124729324,134.9050333890216,130.65534651348793,131.89939880371094,38988300,0.0,0.0
2023-12-01 00:00:00-05:00,131.2325897216797,131.48140018185381,130.04824950146127,131.2325897216797,31431200,0.0,0.0
2023-12-04 00:00:00-05:00,129.26200531072064,129.41128550101195,127.29142327486284,128.6549072265625,36669900,0.0,0.0
2023-12-05 00:00:00-05:00,128.33642794624606,131.51125173964408,127.63976171874135,130.36672973632812,27384800,0.0,0.0
2023-12-06 00:00:00-05:00,130.8145935589201,131.21268423164344,129.26201867463922,129.40135192871094,23576200,0.0,0.0
2023-12-07 00:00:00-05:00,134.39745117448874,137.90070669775926,134.05907259412004,136.27845764160156,56767100,0.0,0.0
2023-12-08 00:00:00-05:00,133.56145246512227,135.75098148530094,133.39226317393695,134.3477020263672,32233900,0.0,0.0
2023-12-11 00:00:00-05:00,131.75011845279244,132.70554210632815,130.73496753299872,132.65577697753906,31138000,0.0,0.0
2023-12-12 00:00:00-05:00,131.18282170000637,132.3671618941117,130.63543566245536,131.8894500732422,29032800,0.0,0.0
2023-12-13 00:00:00-05:00,132.74535238978922,132.86477654283303,130.94396721251857,131.939208984375,30104800,0.0,0.0
2023-12-14 00:00:00-05:00,132.74536075457883,133.0837393336483,129.0729159552244,131.3122100830078,38722400,0.0,0.0
2023-12-15 00:00:00-05:00,130.99372252410018,132.87472894259986,130.5558136967356,131.9690704345703,50815200,0.0,0.0
2023-12-18 00:00:00-05:00,131.9989393388128,136.49742183645682,131.79987880793016,135.1538543701172,32258000,0.0,0.0
2023-12-19 00:00:00-05:00,136.18888474941207,136.81589194521072,135.43250644576105,135.99978637695312,25476800,0.0,0.0
2023-12-20 00:00:00-05:00,138.30875463223933,141.02576050336694,137.41304308366068,137.68174743652344,49107200,0.0,0.0
2023-12-21 00:00:00-05:00,138.8262939224738,140.02058112931533,138.51775618635745,139.75186157226562,27488300,0.0,0.0
2023-12-22 00:00:00-05:00,140.10018194492363,141.3143780648777,140.0404698711855,140.81675720214844,26514600,0.0,0.0
2023-12-26 00:00:00-05:00,140.91629294532333,142.00110294060704,140.51820227118546,140.8466339111328,16780300,0.0,0.0
2023-12-27 00:00:00-05:00,140.91626822874798,141.4039421272873,139.22436038114222,139.7020721435547,19628600,0.0,0.0
2023-12-28 00:00:00-05:00,140.11014545033115,140.46843312127822,139.08504756687975,139.56275939941406,16045700,0.0,0.0
2023-12-29 00:00:00-05:00,138.9656175115826,139.6921397740678,138.11965590639036,139.02532958984375,18727200,0.0,0.0
2024-01-02 00:00:00-05:00,137.89075472780192,138.78646627528045,135.83059690794266,137.51255798339844,23711200,0.0,0.0
2024-01-03 00:00:00-05:00,136.59695053777565,138.96563111524162,136.42776123741183,138.25900268554688,24212100,0.0,0.0
2024-01-04 00:00:00-05:00,137.76136746127565,138.49785185670754,135.7012248421468,135.74102783203125,27137700,0.0,0.0
2024-01-05 00:00:00-05:00,136.09931838527314,136.50737117465926,134.50692540464604,135.08416748046875,22506000,0.0,0.0
2024-01-08 00:00:00-05:00,135.6415124314593,138.34857162557788,135.6116563892304,138.17938232421875,21404000,0.0,0.0
2024-01-09 00:00:00-05:00,137.84100303562764,140.81678178118554,137.49266229644218,140.2793426513672,24759600,0.0,0.0
2024-01-10 00:00:00-05:00,140.32908858441377,142.31957211043382,140.23952047042707,141.60299682617188,21320200,0.0,0.0
2024-01-11 00:00:00-05:00,142.80724039792497,144.52900432776065,139.97079541096244,141.40394592285156,24008700,0.0,0.0
2024-01-12 00:00:00-05:00,141.9911462708172,142.51862321173218,141.14519984962567,141.9712371826172,18768600,0.0,0.0
2024-01-16 00:00:00-05:00,141.3243377622621,143.66316210251998,140.77695172665017,141.81201171875,22670500,0.0,0.0
2024-01-17 00:00:00-05:00,140.67743558387372,141.16509435045725,138.2390810062168,140.79685974121094,20968600,0.0,0.0
2024-01-18 00:00:00-05:00,141.37409852484444,143.5238244240393,141.3143864475642,142.7972869873047,25746400,0.0,0.0
2024-01-19 00:00:00-05:00,144.05130622298188,145.75316122771846,143.69301856100813,145.68350219726562,33300700,0.0,0.0
2024-01-22 00:00:00-05:00,146.40008345019257,147.68393876565145,145.14606898940627,145.2953643798828,32200400,0.0,0.0
2024-01-23 00:00:00-05:00,145.19582529685954,146.479680534306,144.80768160310274,146.34034729003906,21636100,0.0,0.0
2024-01-24 00:00:00-05:00,147.83320457288815,149.1369840368619,147.39531095421805,147.99244689941406,25233500,0.0,0.0
2024-01-25 00:00:00-05:00,149.35593119114108,152.32174724438246,148.82843911184986,151.14735412597656,29149100,0.0,0.0
2024-01-26 00:00:00-05:00,150.38102577143502,151.81416105186207,150.2914424776346,151.46583557128906,26115500,0.0,0.0
2024-01-29 00:00:00-05:00,151.33645876754892,153.04827580027492,150.70945160260163,152.77955627441406,27784300,0.0,0.0
2024-01-30 00:00:00-05:00,152.07293911887135,152.88902943924788,150.47059932888845,150.73931884765625,36331800,0.0,0.0
2024-01-31 00:00:00-05:00,142.93662027544656,143.314817013255,139.20446358239303,139.43338012695312,71910000,0.0,0.0
2024-02-01 00:00:00-05:00,141.44376595073413,142.37929571349378,140.12009247642374,140.48834228515625,40466500,0.0,0.0
2024-02-02 00:00:00-05:00,138.5973652180094,141.94137821596175,135.8505033642639,141.70252990722656,62470600,0.0,0.0
2024-02-05 00:00:00-05:00,142.14044450127528,144.7778292586984,142.10062632407735,142.996337890625,38505400,0.0,0.0
2024-02-06 00:00:00-05:00,143.9617232693515,144.6683516438696,142.5086787155993,143.4143524169922,29128200,0.0,0.0
2024-02-07 00:00:00-05:00,144.0712161723984,144.92712483877034,143.24516354900098,144.84750366210938,25208900,0.0,0.0
2024-02-08 00:00:00-05:00,145.1361228470937,145.6337437790856,144.40960053851757,145.2157440185547,22563800,0.0,0.0
2024-02-09 00:00:00-05:00,145.98204755543063,148.72892440965512,145.4844266976286,148.291015625,26829500,0.0,0.0
2024-02-12 00:00:00-05:00,147.7137981136562,148.6294188215734,146.6687911016663,146.82803344726562,21564100,0.0,0.0
2024-02-13 00:00:00-05:00,144.23044743303745,145.97212067480473,143.00630420667008,144.44940185546875,27837700,0.0,0.0
2024-02-14 00:00:00-05:00,145.38492345402256,145.82283227426896,143.40438681197526,145.24559020996094,22704200,0.0,0.0
2024-02-15 00:00:00-05:00,142.45888701115246,142.83708369199013,139.79164671900637,142.0906524658203,37590700,0.0,0.0
2024-02-16 00:00:00-05:00,142.30962780983683,142.5086731289085,139.47318265796596,139.85137939453125,31451100,0.0,0.0
2024-02-20 00:00:00-05:00,138.99547233345777,141.40395564806843,138.82628305113792,140.44851684570312,25144700,0.0,0.0
2024-02-21 00:00:00-05:00,140.7769473233704,142.01105260267784,140.0106068974836,141.87171936035156,23315700,0.0,0.0
2024-02-22 00:00:00-05:00,144.2403879015234,144.31006211743158,142.1205331777144,143.40438842773438,27191900,0.0,0.0
2024-02-23 00:00:00-05:00,142.98638054322166,143.99156924470117,142.74751705595645,143.27500915527344,19493800,0.0,0.0
2024-02-26 00:00:00-05:00,141.46366762210727,141.76224319676408,136.73626911295864,136.91542053222656,53641800,0.0,0.0
2024-02-27 00:00:00-05:00,137.36328390942444,138.5874271285175,136.43770109534037,138.2191925048828,33099200,0.0,0.0
2024-02-28 00:00:00-05:00,137.24382024744057,137.35329743861095,134.76567820777544,135.73106384277344,37328600,0.0,0.0
2024-02-29 00:00:00-05:00,136.62678482870294,138.19926859997335,135.75096723807542,137.80117797851562,42133000,0.0,0.0
2024-03-01 00:00:00-05:00,137.7713124913028,138.20922130484942,136.26850286861733,136.48745727539062,31119500,0.0,0.0
2024-03-04 00:00:00-05:00,135.01452152533,135.01452152533,131.28236435260098,132.71551513671875,55999400,0.0,0.0
2024-03-05 00:00:00-05:00,131.2525076403091,132.60603724215898,130.048258250132,132.0387420654297,40194800,0.0,0.0
2024-03-06 00:00:00-05:00,132.4865821068133,132.94440001172532,130.22739417958527,130.77476501464844,35318600,0.0,0.0
2024-03-07 00:00:00-05:00,132.1581545511722,134.29793357515936,130.98377649333827,133.7406005859375,37738200,0.0,0.0
2024-03-08 00:00:00-05:00,133.57139899877532,137.43292657686754,133.36239155397143,134.76568603515625,39343100,0.0,0.0
2024-03-11 00:00:00-04:00,135.48227264684192,138.43814204162481,135.48227264684192,137.0149383544922,32437800,0.0,0.0
2024-03-12 00:00:00-04:00,136.37798151039325,138.7168057955102,136.37798151039325,137.8409881591797,27563400,0.0,0.0
2024-03-13 00:00:00-04:00,138.33861305579995,140.4186648160553,138.3286661046211,139.12484741210938,23347200,0.0,0.0
2024-03-14 00:00:00-04:00,140.5181976030222,142.90677194087021,139.79167531307277,142.4191131591797,42753400,0.0,0.0
2024-03-15 00:00:00-04:00,141.82195090080685,142.49870800871952,139.3637025369648,140.5082244873047,49460600,0.0,0.0
2024-03-18 00:00:00-04:00,147.90286229490744,151.42601105591572,146.46971188833376,146.97727966308594,69273700,0.0,0.0
2024-03-19 00:00:00-04:00,147.45502663716707,148.08201863565114,145.38492190024363,146.3303985595703,24070400,0.0,0.0
2024-03-20 00:00:00-04:00,147.29578793217973,148.15169649653035,146.04178871816205,148.0322723388672,21311500,0.0,0.0
2024-03-21 00:00:00-04:00,148.75877159845464,149.65448301475038,146.20099325211407,146.89767456054688,24755600,0.0,0.0
2024-03-22 00:00:00-04:00,148.41045420254932,150.85875574292584,148.2711209562635,150.0526123046875,29175700,0.0,0.0
2024-03-25 00:00:00-04:00,149.22655548099812,149.6644642956251,147.11664775908744,149.35594177246094,19229300,0.0,0.0
2024-03-26 00:00:00-04:00,149.505223453737,151.53551003081748,149.26635995623974,149.9530792236328,22149100,0.0,0.0
2024-03-27 00:00:00-04:00,150.46063737451573,150.91845525200065,148.19148744617945,150.15211486816406,22879200,0.0,0.0
2024-03-28 00:00:00-04:00,150.13223178829975,150.70945866916398,149.45545946665504,150.2118377685547,24485400,0.0,0.0
2024-04-01 00:00:00-04:00,149.972988921802,154.99896303730998,149.89336775564567,154.75015258789062,31730800,0.0,0.0
2024-04-02 00:00:00-04:00,152.7696309813447,153.96391821888022,151.42604834775094,153.8245849609375,24586000,0.0,0.0
2024-04-03 00:00:00-04:00,152.8691500191665,154.34210366441846,152.00327930693646,154.182861328125,24705000,0.0,0.0
2024-04-04 00:00:00-04:00,152.7696206660751,154.03358204033015,149.73413005208545,149.81375122070312,34724700,0.0,0.0
2024-04-05 00:00:00-04:00,149.31611992588236,152.6899888823038,148.8881732587718,151.7743682861328,23449300,0.0,0.0
2024-04-08 00:00:00-04:00,152.0530470584528,154.5312047063974,151.8838577680416,154.1132049560547,20702000,0.0,0.0
2024-04-09 00:00:00-04:00,155.3472906145229,157.80553910227465,154.4515790592109,155.85487365722656,31113000,0.0,0.0
2024-04-10 00:00:00-04:00,155.46672316327985,155.86481379575542,153.9439892879095,155.3970489501953,22838600,0.0,0.0
2024-04-11 00:00:00-04:00,156.16338491032602,158.92019359328873,155.7155291650152,158.6514892578125,27166400,0.0,0.0
2024-04-12 00:00:00-04:00,157.20840874623565,159.4576498521726,156.39230314278245,156.9794921875,25329200,0.0,0.0
2024-04-15 00:00:00-04:00,158.10410543846115,158.48230216405906,153.8544189023788,154.12313842773438,27136500,0.0,0.0
2024-04-16 00:00:00-04:00,153.45635194224974,154.90939662099464,152.69995837440078,153.66534423828125,20779500,0.0,0.0
2024-04-17 00:00:00-04:00,154.87953533334849,156.33259514906842,153.84449046790715,154.73025512695312,21763100,0.0,0.0
2024-04-18 00:00:00-04:00,154.600844292543,156.19323711028636,153.88426904317683,155.2676544189453,19883000,0.0,0.0
2024-04-19 00:00:00-04:00,155.45677241386718,155.6160147529958,151.57533531126506,153.3568115234375,32239100,0.0,0.0
2024-04-22 00:00:00-04:00,153.5757645889644,156.88992171020138,153.32695413108942,155.53639221191406,26446200,0.0,0.0
2024-04-23 00:00:00-04:00,156.21315584791824,158.21358635071638,155.53638354340058,157.5069580078125,21151600,0.0,0.0
2024-04-24 00:00:00-04:00,156.74062219805325,158.81072677485923,156.42213756184464,158.37281799316406,22779100,0.0,0.0
2024-04-25 00:00:00-04:00,150.60994355919925,155.74539489675468,150.15212564884374,155.25772094726562,57109700,0.0,0.0
2024-04-26 00:00:00-04:00,173.5403194325108,173.87871320868138,168.84277660691075,171.1318359375,64665300,0.0,0.0
2024-04-29 00:00:00-04:00,168.25557809024173,168.74325204452023,164.4239062306873,165.3594207763672,45610000,0.0,0.0
2024-04-30 00:00:00-04:00,164.8220143504815,167.30017218886394,161.8263416497257,162.00547790527344,33562900,0.0,0.0
2024-05-01 00:00:00-04:00,163.51823108824746,166.3248050727695,162.31398182603573,163.080322265625,33493200,0.0,0.0
2024-05-02 00:00:00-04:00,164.00588469256783,165.9366561572897,163.1101731735162,165.82717895507812,24294500,0.0,0.0
2024-05-03 00:00:00-04:00,166.76272915248109,167.16083502137172,162.27419368231517,166.4442596435547,34662400,0.0,0.0
2024-05-06 00:00:00-04:00,166.66320148373052,167.3399586304374,165.2399977875199,167.30015563964844,21871300,0.0,0.0
2024-05-07 00:00:00-04:00,167.69823532661383,170.94271797332505,167.58875812637166,170.43515014648438,28039700,0.0,0.0
2024-05-08 00:00:00-04:00,168.1958541822666,169.34037610962505,167.93709679670465,168.5740509033203,19569100,0.0,0.0
2024-05-09 00:00:00-04:00,168.58401102643612,169.87782842770906,167.37976174414283,169.15130615234375,15346700,0.0,0.0
2024-05-10 00:00:00-04:00,167.2304738812949,169.0418211972959,165.39923266388908,167.84751892089844,29799900,0.0,0.0
2024-05-13 00:00:00-04:00,163.47840519575857,168.47452305757707,163.2196478065062,168.33518981933594,31327600,0.0,0.0
2024-05-14 00:00:00-04:00,168.9622000666333,170.43515363864887,167.99681433185833,169.52947998046875,25127100,0.0,0.0
2024-05-15 00:00:00-04:00,169.81810379537313,171.82848118606026,169.69866445937762,171.68914794921875,26948400,0.0,0.0
2024-05-16 00:00:00-04:00,172.46543176167918,174.28672593990896,171.86829583867203,173.3511962890625,27867900,0.0,0.0
2024-05-17 00:00:00-04:00,173.3512152736709,175.43128224723478,172.86355649440316,175.22227478027344,24479300,0.0,0.0
2024-05-20 00:00:00-04:00,175.35166373779703,177.91938952957375,175.24218652700162,176.07818603515625,22554400,0.0,0.0
2024-05-21 00:00:00-04:00,176.05826183810862,177.3023140421263,174.9734519608894,177.00375366210938,16989400,0.0,0.0
2024-05-22 00:00:00-04:00,175.79951363051288,176.30708148924128,174.37632512413728,175.54075622558594,17880000,0.0,0.0
2024-05-23 00:00:00-04:00,176.22746793765114,177.40184593977742,172.12706150853876,172.72421264648438,21024900,0.0,0.0
2024-05-24 00:00:00-04:00,174.14740175468117,174.93365126217552,172.82372836993727,174.15736389160156,16572500,0.0,0.0
2024-05-28 00:00:00-04:00,173.61993514476987,176.42652440990983,173.54031397559726,175.56065368652344,20572200,0.0,0.0
2024-05-29 00:00:00-04:00,174.59526917665025,175.99856381955107,173.88865597259237,175.0630340576172,23388700,0.0,0.0
2024-05-30 00:00:00-04:00,174.36637035439955,174.38627944367667,170.97259197646454,171.29107666015625,22958700,0.0,0.0
2024-05-31 00:00:00-04:00,171.0422451160524,172.23653216033742,168.63376194065896,171.67919921875,37638900,0.0,0.0
2024-06-03 00:00:00-04:00,171.71901635552842,173.69955303760383,170.3455929752159,172.3460235595703,27459100,0.0,0.0
2024-06-04 00:00:00-04:00,172.45550585604707,173.0228009976231,171.07212029758608,172.96307373046875,26879600,0.0,0.0
2024-06-05 00:00:00-04:00,174.36635570479385,175.80945323933747,173.10239440013726,174.5753631591797,22068500,0.0,0.0
2024-06-06 00:00:00-04:00,175.06301613629049,176.30706831231922,174.91373594964054,175.88906860351562,23251000,0.0,0.0
2024-06-07 00:00:00-04:00,176.2075553066339,177.02364564681855,173.47064048742553,173.6298828125,19661400,0.0,0.0
2024-06-10 00:00:00-04:00,174.3373180757214,176.41975708694557,172.13530264029285,174.37716674804688,23779200,0.2,0.0
2024-06-11 00:00:00-04:00,175.5828062037414,176.20055947666336,173.14166821496,175.98135375976562,21540600,0.0,0.0
2024-06-12 00:00:00-04:00,177.60545332869307,179.75764648213246,175.47319211286342,177.14710998535156,27864700,0.0,0.0
2024-06-13 00:00:00-04:00,175.47320369586276,176.100930541289,174.24765551520585,174.52664184570312,20913300,0.0,0.0
2024-06-14 00:00:00-04:00,173.59002726213419,176.419754263997,173.52027308216327,176.15072631835938,18063600,0.0,0.0
2024-06-17 00:00:00-04:00,174.82554352922475,177.715051051079,174.17788480631722,176.59910583496094,19618500,0.0,0.0
2024-06-18 00:00:00-04:00,176.49946899358264,176.74856500464978,173.47046818859647,174.45687866210938,21869900,0.0,0.0
2024-06-20 00:00:00-04:00,174.73587623555667,176.648931899367,174.35726061279985,175.6625213623047,20160100,0.0,0.0
2024-06-21 00:00:00-04:00,176.3599738775111,180.19605848680078,175.9713847127052,178.98046875,58582700,0.0,0.0
2024-06-24 00:00:00-04:00,179.50854860133447,180.23590467855502,178.02393093898397,178.5719451904297,18298000,0.0,0.0
2024-06-25 00:00:00-04:00,178.97049060645827,183.6236020982057,178.77121684563144,183.3645477294922,23235600,0.0,0.0
2024-06-26 00:00:00-04:00,181.96962309255457,183.84281475961373,181.82015636356306,183.21510314941406,19839000,0.0,0.0
2024-06-27 00:00:00-04:00,183.51401486664113,185.37726345815258,183.3546049665816,184.7395782470703,18848900,0.0,0.0
2024-06-28 00:00:00-04:00,183.65351502999962,184.46058367632295,181.30204806851228,181.49134826660156,29156600,0.0,0.0
2024-07-01 00:00:00-04:00,182.36815677467078,183.2150892304388,180.64441676394287,182.32830810546875,16006100,0.0,0.0
2024-07-02 00:00:00-04:00,181.39172281674388,184.89899899691764,180.9034891495935,184.5701904296875,17372500,0.0,0.0
2024-07-03 00:00:00-04:00,184.18159282875,185.4170992875996,183.33466032731423,185.14808654785156,10242100,0.0,0.0
2024-07-05 00:00:00-04:00,185.1879463493014,190.16986676631305,185.1281657368756,189.9108123779297,20967500,0.0,0.0
2024-07-08 00:00:00-04:00,189.2133306072121,189.48235856567723,187.10100122392242,188.3464813232422,21035900,0.0,0.0
2024-07-09 00:00:00-04:00,189.62183867706156,190.6680449292031,188.03759174863737,188.29664611816406,15121400,0.0,0.0
2024-07-10 00:00:00-04:00,188.46604995162622,191.05665474143063,188.34648872255113,190.48870849609375,15952500,0.0,0.0
2024-07-11 00:00:00-04:00,189.16352474556632,190.16986719879003,184.4107683999166,184.8990020751953,25625800,0.0,0.0
2024-07-12 00:00:00-04:00,184.41074571984632,186.43340394870364,183.82288283046884,184.40078735351562,22898400,0.0,0.0
2024-07-15 00:00:00-04:00,184.25132048016474,187.5593225326645,184.25132048016474,185.85549926757812,16474000,0.0,0.0
2024-07-16 00:00:00-04:00,186.6825227917543,187.99774187820162,182.70694481891954,183.2549591064453,18290700,0.0,0.0
2024-07-17 00:00:00-04:00,182.308393887249,182.88629847032706,179.24948750496557,180.36544799804688,20734100,0.0,0.0
2024-07-18 00:00:00-04:00,181.27212839599844,181.8400745567317,175.83188043287228,177.04747009277344,25315700,0.0,0.0
2024-07-19 00:00:00-04:00,178.23318313703982,179.63807308812588,176.48951105533254,177.01759338378906,18881900,0.0,0.0
2024-07-22 00:00:00-04:00,179.93699542176336,182.03936641608118,179.57829654867925,181.01309204101562,24100300,0.0,0.0
2024-07-23 00:00:00-04:00,181.39171422932947,182.94607087092996,180.88354864784296,181.1326446533203,36352700,0.0,0.0
2024-07-24 00:00:00-04:00,172.97227682395808,175.5529078595556,171.1987144347076,172.0057830810547,49585200,0.0,0.0
2024-07-25 00:00:00-04:00,171.8961830942536,172.7929226710128,166.58545420511723,166.6751251220703,44852000,0.0,0.0
2024-07-26 00:00:00-04:00,166.54558494627688,167.48218836937892,163.4667619348052,166.39613342285156,41336900,0.0,0.0
2024-07-29 00:00:00-04:00,168.21951117511102,169.81371643996607,167.38255227079114,168.91697692871094,20293800,0.0,0.0
2024-07-30 00:00:00-04:00,169.6244330706624,170.61084359012222,167.8309386667155,169.6742401123047,18959700,0.0,0.0
2024-07-31 00:00:00-04:00,172.61355784032972,173.61990013827557,169.39522679360476,170.91969299316406,25729100,0.0,0.0
2024-08-01 00:00:00-04:00,169.63438196406787,173.42064433790932,168.2693407012315,170.1425323486328,24531400,0.0,0.0
2024-08-02 00:00:00-04:00,165.8381520961541,167.90065902927802,164.07454819419817,166.05735778808594,29130100,0.0,0.0
2024-08-05 00:00:00-04:00,154.93770864058513,163.8354102699276,154.36976247516517,158.6741485595703,53630700,0.0,0.0
2024-08-06 00:00:00-04:00,158.7538533920478,159.98937493855377,155.8444141408682,157.7176055908203,49004600,0.0,0.0
2024-08-07 00:00:00-04:00,160.6669093473954,162.39064929609555,157.8969632273386,158.36526489257812,25138600,0.0,0.0
2024-08-08 00:00:00-04:00,159.92958392090395,163.0980928190794,159.63068089584155,161.444091796875,25578800,0.0,0.0
2024-08-09 00:00:00-04:00,159.43140161323996,163.1977319936456,158.48483983468753,163.0781707763672,28602300,0.0,0.0
2024-08-12 00:00:00-04:00,163.75571936475353,164.30371841151174,161.25478575040617,161.70315551757812,15895300,0.0,0.0
2024-08-13 00:00:00-04:00,162.81911822642027,164.13433724204145,162.3807068200086,163.56640625,18551700,0.0,0.0
2024-08-14 00:00:00-04:00,161.81275843785846,162.6298006303333,157.13973016458638,159.79010009765625,40591100,0.0,0.0
2024-08-15 00:00:00-04:00,159.9196408139774,161.05551802843678,159.03285961324696,160.7167510986328,31524300,0.0,0.0
2024-08-16 00:00:00-04:00,160.88612516941268,164.46314006883134,160.54735825938926,162.37074279785156,24208600,0.0,0.0
2024-08-19 00:00:00-04:00,164.68234860612503,166.08725371463413,163.66603265490428,166.06732177734375,22416200,0.0,0.0
2024-08-20 00:00:00-04:00,166.2964836667436,168.0301973015893,166.21678632585224,166.57546997070312,18341500,0.0,0.0
2024-08-21 00:00:00-04:00,164.5528089649255,166.2466739015297,164.07454890935912,165.2502899169922,22902000,0.0,0.0
2024-08-22 00:00:00-04:00,166.65518277106005,166.98399131629145,162.71946900223335,163.20770263671875,22493300,0.0,0.0
2024-08-23 00:00:00-04:00,164.12437861861332,165.57909078821876,163.237597440162,165.0211181640625,13955700,0.0,0.0
2024-08-26 00:00:00-04:00,165.77836400723294,166.94413138700807,163.86530867604202,165.5591583251953,14190400,0.0,0.0
2024-08-27 00:00:00-04:00,165.2403275821356,165.83816409495242,163.86532792843937,164.0845184326172,11821900,0.0,0.0
2024-08-28 00:00:00-04:00,164.44320708392877,165.0011948895807,160.9459047509701,162.26113891601562,16407400,0.0,0.0
2024-08-29 00:00:00-04:00,163.71585770644296,165.36985884682494,159.67054097302747,161.19500732421875,19699800,0.0,0.0
2024-08-30 00:00:00-04:00,162.03196874119254,163.06821666334946,161.10533887588517,162.7892303466797,22123800,0.0,0.0
2024-09-03 00:00:00-04:00,161.13523558890284,161.26477038522722,155.91417750545756,156.79100036621094,38945300,0.0,0.0
2024-09-04 00:00:00-04:00,156.09352467815137,158.42505964289654,155.3960589028362,155.88427734375,19353800,0.0,0.0
2024-09-05 00:00:00-04:00,155.73482906151818,158.87343271753585,155.41597886981896,156.6714324951172,18688700,0.0,0.0
2024-09-06 00:00:00-04:00,156.73120219936595,157.25928448946016,150.00561037278717,150.374267578125,37912100,0.0,0.0
2024-09-09 00:00:00-04:00,152.16016788537544,153.04812579911544,146.88230875795676,148.368896484375,39260500,0.2,0.0
2024-09-10 00:00:00-04:00,150.10488755816476,150.92301391041104,147.9997269680091,148.31900024414062,31118800,0.0,0.0
2024-09-11 00:00:00-04:00,149.57611698577008,151.15249466457212,147.18162811030237,150.8132781982422,29607700,0.0,0.0
2024-09-12 00:00:00-04:00,153.4472166512295,154.46488123819847,152.29984538660895,154.33517456054688,29695000,0.0,0.0
2024-09-13 00:00:00-04:00,155.0734584425326,158.0167037423396,154.85397709703722,157.09881591796875,29591200,0.0,0.0
2024-09-16 00:00:00-04:00,156.949153850456,157.88700007819574,156.2407910010188,157.6974334716797,18379800,0.0,0.0
2024-09-17 00:00:00-04:00,158.65524442097214,160.18173369132347,158.01671306098063,158.95455932617188,20715600,0.0,0.0
2024-09-18 00:00:00-04:00,159.493308763357,160.13184010247764,158.23620447115354,159.44342041015625,23677300,0.0,0.0
2024-09-19 00:00:00-04:00,163.3344876968325,163.41429079540828,160.96991366518583,161.76808166503906,26587700,0.0,0.0
2024-09-20 00:00:00-04:00,163.12496229374892,163.35443045510996,161.68826294232812,163.21475219726562,40896400,0.0,0.0
2024-09-23 00:00:00-04:00,163.97300985155823,165.1103942398001,161.29914948564644,161.47874450683594,24150900,0.0,0.0
2024-09-24 00:00:00-04:00,162.65603264196153,162.84559924653018,160.32140390143587,161.917724609375,23332100,0.0,0.0
2024-09-25 00:00:00-04:00,161.09960948590057,162.43653204188453,160.93000127122684,161.11956787109375,18869200,0.0,0.0
2024-09-26 00:00:00-04:00,163.26463623457852,163.70362938299246,161.90775524120266,162.35671997070312,20319300,0.0,0.0
2024-09-27 00:00:00-04:00,162.4365443712631,165.31991468714682,162.25696456225583,163.5739288330078,21101300,0.0,0.0
2024-09-30 00:00:00-04:00,162.9453785886578,165.76887364583845,162.88550343062403,165.46957397460938,20413900,0.0,0.0
2024-10-01 00:00:00-04:00,167.30535540779766,168.7719847422779,164.2024885113937,166.60696411132812,28338100,0.0,0.0
2024-10-02 00:00:00-04:00,166.03826626655388,167.13574919120185,164.3521403294987,165.47955322265625,17760200,0.0,0.0
2024-10-03 00:00:00-04:00,164.0328822574666,166.25776285148348,163.54400073216186,165.47955322265625,15073100,0.0,0.0
2024-10-04 00:00:00-04:00,167.6744944881404,167.84410270815644,165.10041077348518,166.67678833007812,19047400,0.0,0.0
2024-10-07 00:00:00-04:00,167.3352883566198,168.09353960289477,162.37668722767793,162.6061553955078,22463100,0.0,0.0
2024-10-08 00:00:00-04:00,163.5639517960843,164.35213297119705,162.49639888774195,164.00294494628906,23072700,0.0,0.0
2024-10-09 00:00:00-04:00,163.07507293573457,164.46188392429227,159.37359151374716,161.4887237548828,31181800,0.0,0.0
2024-10-10 00:00:00-04:00,160.50099024469034,162.69595604624766,160.0320671165202,161.70822143554688,14144100,0.0,0.0
2024-10-11 00:00:00-04:00,161.75810039177787,163.52402928799188,160.87014254138842,162.8655548095703,15344300,0.0,0.0
2024-10-14 00:00:00-04:00,163.26463978878337,165.84869515872447,163.02518482340258,164.5816192626953,19016100,0.0,0.0
2024-10-15 00:00:00-04:00,165.40970450318616,167.29536861569628,164.25237687914083,165.08047485351562,20247200,0.0,0.0
2024-10-16 00:00:00-04:00,164.1525834736406,165.41967448375283,163.36440235282572,164.78114318847656,16406000,0.0,0.0
2024-10-17 00:00:00-04:00,165.3498394792033,165.9883708197769,162.3866509330354,162.55625915527344,21453400,0.0,0.0
2024-10-18 00:00:00-04:00,162.81568258592537,164.3322003226238,162.7059342913527,163.04515075683594,19757700,0.0,0.0
2024-10-21 00:00:00-04:00,162.57622324771475,164.12267091200812,162.24697837282997,163.69366455078125,20946500,0.0,0.0
2024-10-22 00:00:00-04:00,162.60615092256947,165.38975972379467,162.60615092256947,164.76119995117188,16568100,0.0,0.0
2024-10-23 00:00:00-04:00,164.38207025094962,165.43965162521155,161.5585598399715,162.4066162109375,18280500,0.0,0.0
2024-10-24 00:00:00-04:00,162.45648900457678,162.95534206352698,160.64065656258018,162.34674072265625,22412500,0.0,0.0
2024-10-25 00:00:00-04:00,163.29456372883286,165.21015770980458,163.04513719135548,164.89089965820312,19828900,0.0,0.0
2024-10-28 00:00:00-04:00,168.3629124526984,168.3629124526984,163.5739198981752,166.3375701904297,32138600,0.0,0.0
2024-10-29 00:00:00-04:00,167.3452626285711,169.9891932870904,166.7067312467614,169.29078674316406,42169000,0.0,0.0
2024-10-30 00:00:00-04:00,180.26553244445503,181.6024702004282,173.660722875302,174.059814453125,68890800,0.0,0.0
2024-10-31 00:00:00-04:00,172.73288489023227,176.41442332366287,170.60776574356834,170.71751403808594,44769000,0.0,0.0
2024-11-01 00:00:00-04:00,169.67989197256162,171.924730806551,168.49261922011235,170.89707946777344,31796500,0.0,0.0
2024-11-04 00:00:00-05:00,169.540211146429,170.33837916949005,167.62461702535575,168.851806640625,21492700,0.0,0.0
2024-11-05 00:00:00-05:00,169.04134527892143,170.13882813078655,168.45270230555178,169.35064697265625,18242100,0.0,0.0
2024-11-06 00:00:00-05:00,173.40134249175,176.53413938489027,173.1020275837351,176.10511779785156,33695500,0.0,0.0
2024-11-07 00:00:00-05:00,177.00305326727127,180.66463304281666,176.783556694456,180.33538818359375,25352900,0.0,0.0
2024-11-08 00:00:00-05:00,180.23561473741785,180.48504128160124,177.6715177795822,177.94090270996094,22006200,0.0,0.0
2024-11-11 00:00:00-05:00,178.1703656704888,180.13584799922145,178.06061738529806,179.93630981445312,17450400,0.0,0.0
2024-11-12 00:00:00-05:00,179.40754063277615,182.07141442586757,178.97851903978543,181.20339965820312,25134900,0.0,0.0
2024-11-13 00:00:00-05:00,180.04605832824305,180.54491140269107,178.13044912542955,178.4696807861328,23184000,0.0,0.0
2024-11-14 00:00:00-05:00,177.87106512358804,178.40983501207117,173.92015698572658,175.17726135253906,31007500,0.0,0.0
2024-11-15 00:00:00-05:00,173.3314910172349,173.7405542062273,170.8272539769183,172.09434509277344,32504600,0.0,0.0
2024-11-18 00:00:00-05:00,173.02221087683125,175.03758170425652,172.50339937967658,174.8979034423828,20206600,0.0,0.0
2024-11-19 00:00:00-05:00,173.32150965187077,178.4596901179334,173.16187301779436,177.71141052246094,23434900,0.0,0.0
2024-11-20 00:00:00-05:00,176.93322081601997,177.27243728365775,173.38138904007343,175.5763397216797,18997100,0.0,0.0
2024-11-21 00:00:00-05:00,173.50108987072463,173.73057324168968,163.32449039222482,167.2454833984375,59734400,0.0,0.0
2024-11-22 00:00:00-05:00,165.4695761261647,166.0781775052239,163.52403689515066,164.38206481933594,38604600,0.0,0.0
2024-11-25 00:00:00-05:00,165.7090226252667,168.24320495243438,165.23012790175193,167.26544189453125,33135300,0.0,0.0
2024-11-26 00:00:00-05:00,167.24549839943876,169.43047745533647,167.19561004372002,168.73207092285156,20486700,0.0,0.0
2024-11-27 00:00:00-05:00,168.61234397565445,169.09123867813173,167.6345961844918,168.84181213378906,19266500,0.0,0.0
2024-11-29 00:00:00-05:00,168.1134894922982,169.0413489221372,166.7765668794217,168.5624542236328,14257200,0.0,0.0
2024-12-02 00:00:00-05:00,168.38287195306333,171.6852768885628,168.18333376692627,171.0966339111328,23789100,0.0,0.0
2024-12-03 00:00:00-05:00,171.0966407714524,172.28389835489799,170.45810941593857,170.9469757080078,22248700,0.0,0.0
2024-12-04 00:00:00-05:00,170.75740145903967,174.50878632573773,170.6676115592613,173.9700164794922,31615100,0.0,0.0
2024-12-05 00:00:00-05:00,174.95776546503646,175.65615678272883,171.93471679976247,172.24400329589844,21356200,0.0,0.0
2024-12-06 00:00:00-05:00,171.6354044780067,174.6784115765489,171.4657962428472,174.30926513671875,21462400,0.0,0.0
2024-12-09 00:00:00-05:00,173.75989224042516,176.05723424799297,173.45023604553785,175.1682586669922,25389600,0.2,0.0
2024-12-10 00:00:00-05:00,182.6396622409938,186.14561898038454,180.8417298459591,184.9569854736328,54813000,0.0,0.0
2024-12-11 00:00:00-05:00,185.0968273042346,195.3849818086967,184.637364997593,195.1752166748047,67894100,0.0,0.0
2024-12-12 00:00:00-05:00,194.77567768503926,194.9554633024938,191.48946911126617,191.7391815185547,34817500,0.0,0.0
2024-12-13 00:00:00-05:00,190.7902570178538,192.50827955283287,189.42183794011777,189.6016387939453,25143500,0.0,0.0
2024-12-16 00:00:00-05:00,192.648128127054,198.77108139081074,192.39841571324646,196.43377685546875,44934900,0.0,0.0
2024-12-17 00:00:00-05:00,197.02308705872431,201.18828813489583,194.7556941593745,195.1951904296875,43504000,0.0,0.0
2024-12-18 00:00:00-05:00,194.99541962680925,196.77337069091053,187.52402890568504,188.18325805664062,34166100,0.0,0.0
2024-12-19 00:00:00-05:00,191.40955777871685,192.8079411518366,188.16329650997008,188.2931365966797,32265200,0.0,0.0
2024-12-20 00:00:00-05:00,185.56627599656574,192.66809720587494,185.00692266360085,191.18980407714844,63462900,0.0,0.0
2024-12-23 00:00:00-05:00,192.3984151157297,194.87557322669755,189.93125525567427,194.40611267089844,25675000,0.0,0.0
2024-12-24 00:00:00-05:00,194.61585613024195,195.8843994140625,193.55707797257898,195.8843994140625,10403300,0.0,0.0
2024-12-26 00:00:00-05:00,194.92550545907343,196.52367101490134,194.1564021929594,195.375,12046600,0.0,0.0
2024-12-27 00:00:00-05:00,194.72573696465102,195.09532170060632,190.43068040496257,192.5382537841797,18891400,0.0,0.0
2024-12-30 00:00:00-05:00,189.58165840021294,192.32849481864238,188.90243274221342,191.02000427246094,14264700,0.0,0.0
2024-12-31 00:00:00-05:00,190.8601960597075,191.73918864322025,188.29314510160168,189.08224487304688,17466900,0.0,0.0
2025-01-02 00:00:00-05:00,190.43067970164262,191.7791328258186,187.2843094002135,189.2120819091797,20370800,0.0,0.0
2025-01-03 00:00:00-05:00,191.14985143368122,192.9877463613902,189.76145103861666,191.56936645507812,18596200,0.0,0.0
2025-01-06 00:00:00-05:00,193.75684931380115,197.99197728329852,193.6270092243641,196.64352416992188,29563600,0.0,0.0
2025-01-07 00:00:00-05:00,196.8832529983184,200.7687774852745,194.37614589069548,195.26512145996094,26487200,0.0,0.0
2025-01-08 00:00:00-05:00,192.3484808074723,196.06418741382137,192.1586969389352,193.7268829345703,24864800,0.0,0.0
2025-01-10 00:00:00-05:00,194.07648645979594,196.29393386115163,190.09107094303815,191.81907653808594,26665200,0.0,0.0
2025-01-13 00:00:00-05:00,189.8513620671916,190.96007055747594,187.14447278422705,190.79026794433594,21823700,0.0,0.0
2025-01-14 00:00:00-05:00,191.02000242961614,191.75914137705388,188.0933651847724,189.4418182373047,17174900,0.0,0.0
2025-01-15 00:00:00-05:00,192.8678659974796,196.1341084636535,191.6392852545324,195.32504272460938,21776000,0.0,0.0
2025-01-16 00:00:00-05:00,193.91666057341888,195.2551153784116,192.58818877757312,192.68807983398438,17815400,0.0,0.0
2025-01-17 00:00:00-05:00,196.3039099407615,197.00310160992169,193.52710928235737,195.77452087402344,27735100,0.0,0.0
2025-01-21 00:00:00-05:00,198.84100497169504,202.05728678766425,197.6423732117847,197.82217407226562,29971300,0.0,0.0
2025-01-22 00:00:00-05:00,198.83100862292844,200.24937329507208,197.30276987978317,198.1417999267578,26200600,0.0,0.0
2025-01-23 00:00:00-05:00,197.91206263871854,200.06958147081755,194.97544232412307,197.7522430419922,26951400,0.0,0.0
2025-01-24 00:00:00-05:00,197.87211722888603,200.66888399183227,197.77222616967978,199.9796905517578,23877500,0.0,0.0
2025-01-27 00:00:00-05:00,192.18865606918456,196.65351502081776,190.5105808080997,191.58934020996094,41728900,0.0,0.0
2025-01-28 00:00:00-05:00,192.52826307792662,195.2551182563093,190.4606370613745,195.07533264160156,24157900,0.0,0.0
2025-01-29 00:00:00-05:00,195.33503253066368,196.5636133163606,193.20747792712066,195.18521118164062,18218300,0.0,0.0
2025-01-30 00:00:00-05:00,197.7722225159478,201.16830508891937,197.44260031613962,200.638916015625,24354700,0.0,0.0
2025-01-31 00:00:00-05:00,201.76762828746982,205.24362078448016,201.56786140671954,203.78530883789062,32042000,0.0,0.0
2025-02-03 00:00:00-05:00,200.45913255035472,203.5156099470352,199.8698149328218,200.99850463867188,27838300,0.0,0.0
2025-02-04 00:00:00-05:00,203.15602747619252,206.81182081300247,202.57669285659674,206.14259338378906,43856400,0.0,0.0
2025-02-05 00:00:00-05:00,190.85021363044225,192.52827375908595,187.81370210065404,191.1099090576172,70373900,0.0,0.0
2025-02-06 00:00:00-05:00,189.28200260132084,191.87901770448227,188.50290111861952,191.3795928955078,29297400,0.0,0.0
2025-02-07 00:00:00-05:00,190.83022332592188,190.9600634127379,183.02921021692137,185.1267852783203,49315000,0.0,0.0
2025-02-10 00:00:00-05:00,187.1344857224474,187.98349876976383,185.64619427540677,186.2554931640625,23105600,0.0,0.0
2025-02-11 00:00:00-05:00,184.81715184499055,186.72495835838524,184.06801459806726,185.10682678222656,21239500,0.0,0.0
2025-02-12 00:00:00-05:00,183.0092376906385,184.8970629566076,181.62083725948915,183.39878845214844,22072600,0.0,0.0
2025-02-13 00:00:00-05:00,184.10797436946572,186.06571114375504,182.9293238598035,185.92587280273438,21402500,0.0,0.0
2025-02-14 00:00:00-05:00,184.8471041355986,186.1855589387927,184.1079651875959,185.01690673828125,20448400,0.0,0.0
2025-02-18 00:00:00-05:00,185.386490331916,185.74607679460826,181.5309302979739,183.55859375,29916700,0.0,0.0
2025-02-19 00:00:00-05:00,183.8582530360721,185.246653369277,183.3787942547783,185.05686950683594,19549400,0.0,0.0
2025-02-20 00:00:00-05:00,184.58741616756504,185.09682399614678,182.5098070913863,184.34768676757812,20441500,0.0,0.0
2025-02-21 00:00:00-05:00,184.93699793129608,185.12678179449694,178.87398876546825,179.4533233642578,35199200,0.0,0.0
2025-02-24 00:00:00-05:00,181.78064614487357,182.90933584096624,178.68420625509464,179.04379272460938,29854200,0.0,0.0
2025-02-25 00:00:00-05:00,177.8351818432405,178.53438877889693,174.48904471950055,175.21820068359375,41913400,0.0,0.0
2025-02-26 00:00:00-05:00,174.8686155406987,175.87744820035027,171.38262477536554,172.5312957763672,35431300,0.0,0.0
2025-02-27 00:00:00-05:00,173.78985771928288,174.3591940996765,167.746814231894,168.30616760253906,39991000,0.0,0.0
2025-02-28 00:00:00-05:00,168.48594100971005,170.41372863795183,166.5781498819881,170.0841064453125,48130600,0.0,0.0
2025-03-03 00:00:00-05:00,171.7322094406985,173.17055534541237,165.73911166521458,166.81787109375,40770500,0.0,0.0
2025-03-04 00:00:00-05:00,166.04876455679425,173.09064211021553,165.60926829005186,170.72337341308594,45388000,0.0,0.0
2025-03-05 00:00:00-05:00,170.32384453302183,173.58008886593674,168.86551735545183,172.8209686279297,30954900,0.0,0.0
2025-03-06 00:00:00-05:00,170.33381982392953,174.60889486138916,170.30385555544734,172.1517333984375,28302000,0.0,0.0
2025-03-07 00:00:00-05:00,171.06298843219486,174.76872740179581,170.07413701655315,173.66000366210938,27385800,0.0,0.0
2025-03-10 00:00:00-04:00,168.25999450683594,168.4600067138672,163.69000244140625,165.8699951171875,43604000,0.2,0.0
2025-03-11 00:00:00-04:00,164.91000366210938,166.75,161.3699951171875,164.0399932861328,39587400,0.0,0.0
2025-03-12 00:00:00-04:00,166.5800018310547,167.63999938964844,163.52999877929688,167.11000061035156,28372400,0.0,0.0
2025-03-13 00:00:00-04:00,166.0399932861328,166.1300048828125,162.11000061035156,162.75999450683594,31756200,0.0,0.0
2025-03-14 00:00:00-04:00,163.27000427246094,166.49000549316406,162.4499969482422,165.49000549316406,31995900,0.0,0.0
2025-03-17 00:00:00-04:00,165.02999877929688,166.3000030517578,163.6699981689453,164.2899932861328,31184300,0.0,0.0
2025-03-18 00:00:00-04:00,163.67999267578125,164.25,156.72000122070312,160.6699981689453,42074800,0.0,0.0
2025-03-19 00:00:00-04:00,161.75999450683594,165.8699951171875,161.0,163.88999938964844,34275600,0.0,0.0
2025-03-20 00:00:00-04:00,161.57000732421875,164.88999938964844,160.9600067138672,162.8000030517578,28138500,0.0,0.0
2025-03-21 00:00:00-04:00,161.2100067138672,164.24000549316406,160.88999938964844,163.99000549316406,36625800,0.0,0.0
2025-03-24 00:00:00-04:00,167.07000732421875,168.32000732421875,165.13999938964844,167.67999267578125,30879100,0.0,0.0
2025-03-25 00:00:00-04:00,168.97999572753906,170.6300048828125,168.32000732421875,170.55999755859375,24174400,0.0,0.0
2025-03-26 00:00:00-04:00,169.0,169.61000061035156,164.83999633789062,165.05999755859375,28901600,0.0,0.0
2025-03-27 00:00:00-04:00,164.6300048828125,165.4199981689453,162.0,162.24000549316406,24508300,0.0,0.0
2025-03-28 00:00:00-04:00,160.49000549316406,161.82000732421875,153.6300048828125,154.3300018310547,48669300,0.0,0.0
2025-03-31 00:00:00-04:00,153.11000061035156,155.5399932861328,150.66000366210938,154.63999938964844,54603500,0.0,0.0
2025-04-01 00:00:00-04:00,153.6199951171875,158.10000610351562,153.6199951171875,157.07000732421875,30672900,0.0,0.0
2025-04-02 00:00:00-04:00,155.14999389648438,158.41000366210938,154.6999969482422,157.0399932861328,25041700,0.0,0.0
2025-04-03 00:00:00-04:00,151.11000061035156,152.77999877929688,150.38999938964844,150.72000122070312,46883400,0.0,0.0
2025-04-04 00:00:00-04:00,148.00999450683594,151.07000732421875,145.3800048828125,145.60000610351562,62259500,0.0,0.0
2025-04-07 00:00:00-04:00,141.5500030517578,152.85000610351562,140.52999877929688,146.75,76794100,0.0,0.0
2025-04-08 00:00:00-04:00,151.22000122070312,152.24000549316406,143.02999877929688,144.6999969482422,52200200,0.0,0.0
2025-04-09 00:00:00-04:00,144.4199981689453,159.5500030517578,143.91000366210938,158.7100067138672,70406200,0.0,0.0
2025-04-10 00:00:00-04:00,156.5399932861328,157.72000122070312,149.92999267578125,152.82000732421875,48022000,0.0,0.0
2025-04-11 00:00:00-04:00,152.89999389648438,157.6699981689453,152.82000732421875,157.13999938964844,33595900,0.0,0.0
2025-04-14 00:00:00-04:00,160.03700256347656,161.72000122070312,157.57000732421875,159.6699981689453,19817900,0.0,0.0
