Date,Open,High,Low,Close,Volume,Dividends,Stock Splits
2020-04-14 00:00:00-04:00,161.7631806906829,166.30977896453348,160.80600210671437,166.2619171142578,52874300,0.0,0.0
2020-04-15 00:00:00-04:00,163.86900827959028,166.13753197612417,161.9929460032736,164.5198974609375,40940800,0.0,0.0
2020-04-16 00:00:00-04:00,166.83629289772387,169.68868206197442,165.49623361258813,169.45895385742188,50479600,0.0,0.0
2020-04-17 00:00:00-04:00,171.81358822458955,172.29217760683073,168.33902463579403,170.95213317871094,52765600,0.0,0.0
2020-04-20 00:00:00-04:00,169.0664676591749,171.0956816998776,167.49669527562645,167.56369018554688,36669600,0.0,0.0
2020-04-21 00:00:00-04:00,166.07051152310385,166.23323015638763,158.99696121305,160.6337432861328,56203700,0.0,0.0
2020-04-22 00:00:00-04:00,164.0508200206366,166.54905645162637,163.5052358787847,166.08961486816406,34620200,0.0,0.0
2020-04-23 00:00:00-04:00,166.6544031792957,167.56372012764132,163.5914339086313,164.07958984375,32790800,0.0,0.0
2020-04-24 00:00:00-04:00,164.6921961079911,167.08514331310639,163.40001338046326,167.07557678222656,34277600,0.0,0.0
2020-04-27 00:00:00-04:00,169.02819727967727,169.3249203646585,165.879085519387,166.5969696044922,33194400,0.0,0.0
2020-04-28 00:00:00-04:00,168.0710206954465,168.1475967515049,162.13651510211812,162.5385284423828,34392700,0.0,0.0
2020-04-29 00:00:00-04:00,165.8024703042758,170.0714784764079,164.51985454711578,169.83218383789062,51286600,0.0,0.0
2020-04-30 00:00:00-04:00,172.29212955248693,172.67499510933854,168.68356252735208,171.5359649658203,53875900,0.0,0.0
2020-05-01 00:00:00-04:00,168.27202178019542,170.99040583781405,166.55866369356815,167.09469604492188,39370500,0.0,0.0
2020-05-04 00:00:00-04:00,167.018090540101,171.3349605450572,166.35763500337288,171.1818084716797,30372900,0.0,0.0
2020-05-05 00:00:00-04:00,172.88561836411026,175.78586876142296,172.19644850678958,173.01962280273438,36839200,0.0,0.0
2020-05-06 00:00:00-04:00,174.28310988132503,176.31232417307075,173.85238236161905,174.72340393066406,32139300,0.0,0.0
2020-05-07 00:00:00-04:00,176.2836061355487,176.64733872911614,174.76169544991922,175.73802185058594,28316000,0.0,0.0
2020-05-08 00:00:00-04:00,177.0589155703363,177.0780632342487,175.5082907173606,176.77175903320312,30877800,0.0,0.0
2020-05-11 00:00:00-04:00,175.30727805996978,179.480577895145,175.0201361260951,178.74356079101562,30892700,0.0,0.0
2020-05-12 00:00:00-04:00,178.80097625310097,179.0306897835958,174.49367229167643,174.69467163085938,32038200,0.0,0.0
2020-05-13 00:00:00-04:00,174.73297499108446,176.16874304424806,168.98032164396082,172.05287170410156,44711500,0.0,0.0
2020-05-14 00:00:00-04:00,169.93751443835154,172.95263636326058,168.1571613205752,172.7994842529297,41873900,0.0,0.0
2020-05-15 00:00:00-04:00,171.3923954473315,179.0498241431516,169.4206098950196,175.31683349609375,46610400,0.0,0.0
2020-05-18 00:00:00-04:00,177.7959854102841,178.22671300567757,176.08264156002417,176.99195861816406,35264500,0.0,0.0
2020-05-19 00:00:00-04:00,177.10676792703353,178.60954544769828,175.6327192033904,175.7667236328125,26799100,0.0,0.0
2020-05-20 00:00:00-04:00,177.38886870679679,178.38711523926915,176.5538086361456,178.20474243164062,31261300,0.51,0.0
2020-05-21 00:00:00-04:00,177.9551494380042,179.17415595112675,175.9298771279143,176.0642547607422,29119500,0.0,0.0
2020-05-22 00:00:00-04:00,175.83392486587098,177.05293154116515,175.21001712283223,176.1410675048828,20826900,0.0,0.0
2020-05-26 00:00:00-04:00,178.85743991305102,179.0110185646772,173.8278635638584,174.27899169921875,36073600,0.0,0.0
2020-05-27 00:00:00-04:00,172.963988040229,174.68211801691652,169.50855638674753,174.50933837890625,39517100,0.0,0.0
2020-05-28 00:00:00-04:00,173.4822974624214,176.75535602471408,173.1367528620367,174.11578369140625,33810200,0.0,0.0
2020-05-29 00:00:00-04:00,175.39237153809773,176.870540186914,173.16554003905907,175.89149475097656,42130400,0.0,0.0
2020-06-01 00:00:00-04:00,175.21002492876235,175.65155988421583,174.17340566060682,175.48838806152344,22622400,0.0,0.0
2020-06-02 00:00:00-04:00,176.85139275747628,177.57127631008473,174.06784887915094,177.48489379882812,30794600,0.0,0.0
2020-06-03 00:00:00-04:00,177.39848418880933,178.47350544307963,176.2082716243914,177.9167938232422,27311000,0.0,0.0
2020-06-04 00:00:00-04:00,176.89935826789164,178.37751247051122,174.9796691160883,175.57476806640625,28761800,0.0,0.0
2020-06-05 00:00:00-04:00,175.28680217113944,180.19160827140416,174.70129642604095,179.68289184570312,39893600,0.0,0.0
2020-06-08 00:00:00-04:00,178.4734734319101,180.97866794881153,177.03370680486475,180.79629516601562,33211600,0.0,0.0
2020-06-09 00:00:00-04:00,180.4507439785065,183.04232088302777,179.74045386260417,182.178466796875,29783900,0.0,0.0
2020-06-10 00:00:00-04:00,183.45513147949853,190.5483835855329,183.3399401503444,188.9358367919922,43872300,0.0,0.0
2020-06-11 00:00:00-04:00,185.3748028618798,187.8991843445912,178.59830194259595,178.79026794433594,52854700,0.0,0.0
2020-06-12 00:00:00-04:00,182.88877062323658,184.02139478658034,177.7440033475555,180.2012176513672,43373600,0.0,0.0
2020-06-15 00:00:00-04:00,177.1681195252707,183.1575551525556,176.62100106852748,181.35304260253906,32770200,0.0,0.0
2020-06-16 00:00:00-04:00,185.14440201646784,187.72638602296334,183.7718314338394,185.79710388183594,42556700,0.0,0.0
2020-06-17 00:00:00-04:00,187.19850215749418,188.43670996599147,185.91231383303278,186.4402313232422,25687800,0.0,0.0
2020-06-18 00:00:00-04:00,186.2098147151553,188.59983255805116,186.2098147151553,188.43666076660156,23061600,0.0,0.0
2020-06-19 00:00:00-04:00,190.61554281919862,191.28743113543558,186.56499728208425,187.3136749267578,44441100,0.0,0.0
2020-06-22 00:00:00-04:00,187.9279663598332,192.69839515722148,187.3904557312936,192.5160369873047,32818900,0.0,0.0
2020-06-23 00:00:00-04:00,193.97498056414278,195.76029200350268,193.3414796494519,193.80221557617188,30917400,0.0,0.0
2020-06-24 00:00:00-04:00,193.5046700779073,195.08840775103926,188.66704527062345,189.89564514160156,36740600,0.0,0.0
2020-06-25 00:00:00-04:00,189.8572588057207,192.55441970306296,187.6208192009114,192.29525756835938,27803900,0.0,0.0
2020-06-26 00:00:00-04:00,191.70975479189462,191.863333440495,187.054517343966,188.4462890625,54675800,0.0,0.0
2020-06-29 00:00:00-04:00,187.91836756197677,190.55794011288884,185.77791828522643,190.4715576171875,26701600,0.0,0.0
2020-06-30 00:00:00-04:00,189.93400733541577,196.19218204024745,189.79962971036878,195.33792114257812,34310300,0.0,0.0
2020-07-01 00:00:00-04:00,194.98283880276514,198.06394652909339,193.66785633797363,196.48019409179688,32061200,0.0,0.0
2020-07-02 00:00:00-04:00,197.42082744501693,199.6668749075703,196.76814015656055,197.9775390625,29315800,0.0,0.0
2020-07-06 00:00:00-04:00,200.44432281925558,202.6519680337817,199.73403263748466,202.23922729492188,31897600,0.0,0.0
2020-07-07 00:00:00-04:00,201.99927400934564,206.04981900940203,199.63806471877396,199.8876190185547,33600700,0.0,0.0
2020-07-08 00:00:00-04:00,201.63454111797887,204.69643276987244,200.30995102141637,204.28370666503906,33600000,0.0,0.0
2020-07-09 00:00:00-04:00,207.64316463911499,207.69115979383565,202.97831973392456,205.71388244628906,33121700,0.0,0.0
2020-07-10 00:00:00-04:00,205.04198592289438,205.48352085550894,202.60398723586235,205.08998107910156,26177600,0.0,0.0
2020-07-13 00:00:00-04:00,205.86745720277855,207.13445905255088,198.20790171209103,198.75502014160156,38135600,0.0,0.0
2020-07-14 00:00:00-04:00,197.85274095335467,200.46351902624386,193.91737285414357,199.9835968017578,37591800,0.0,0.0
2020-07-15 00:00:00-04:00,201.14503357793527,202.84396263388592,196.79693867821612,199.68606567382812,32179400,0.0,0.0
2020-07-16 00:00:00-04:00,197.1520722349672,197.4400285401688,194.1861559773425,195.73150634765625,29940700,0.0,0.0
2020-07-17 00:00:00-04:00,196.25941038174207,196.80651414276153,193.30308749951638,194.73326110839844,31635300,0.0,0.0
2020-07-20 00:00:00-04:00,196.76813881286336,203.77500717297363,194.85804282692547,203.10311889648438,36884800,0.0,0.0
2020-07-21 00:00:00-04:00,205.08036282280696,205.34911808941715,199.67643403748642,200.36752319335938,37990400,0.0,0.0
2020-07-22 00:00:00-04:00,200.79943378907632,203.77495711321205,200.0219622139864,203.24703979492188,49605700,0.0,0.0
2020-07-23 00:00:00-04:00,198.8701920137259,202.4504080367256,194.03256734424946,194.4069061279297,67457000,0.0,0.0
2020-07-24 00:00:00-04:00,192.37203745566444,194.71406043410218,189.5788863799343,193.21670532226562,39827000,0.0,0.0
2020-07-27 00:00:00-04:00,193.37987205022162,195.77948329356477,192.7943663210033,195.664306640625,30160900,0.0,0.0
2020-07-28 00:00:00-04:00,195.43392500778242,196.48015192158581,193.6390206101506,193.90777587890625,23251400,0.0,0.0
2020-07-29 00:00:00-04:00,194.3685352414771,196.4321953127748,193.8982061058397,195.8658905029297,19632600,0.0,0.0
2020-07-30 00:00:00-04:00,192.92878231267574,196.24985137785023,191.55621143877264,195.7123260498047,25079600,0.0,0.0
2020-07-31 00:00:00-04:00,196.1922346738633,196.86413762541622,191.01867275251885,196.77774047851562,51044000,0.0,0.0
2020-08-03 00:00:00-04:00,203.02631760229153,208.90056139620748,201.98968375994193,207.8447265625,78983000,0.0,0.0
2020-08-04 00:00:00-04:00,205.56991818694544,206.1458308108699,201.864917409733,204.72525024414062,49280100,0.0,0.0
2020-08-05 00:00:00-04:00,206.27061536933297,206.36660569552532,203.07434548128583,204.3893280029297,28806400,0.0,0.0
2020-08-06 00:00:00-04:00,203.81339783290838,207.68157037993976,203.0551270469576,207.66238403320312,32656800,0.0,0.0
2020-08-07 00:00:00-04:00,206.22257988649807,207.0384388574071,202.4599768644269,203.94773864746094,27820400,0.0,0.0
2020-08-10 00:00:00-04:00,203.17028548212394,203.37185927330196,198.0639203097045,199.8876190185547,36716500,0.0,0.0
2020-08-11 00:00:00-04:00,198.84142269194282,199.31173720046735,194.98284306926817,195.2132110595703,36446500,0.0,0.0
2020-08-12 00:00:00-04:00,197.04643896837996,201.83606751832184,196.52812946680092,200.7898406982422,28013100,0.0,0.0
2020-08-13 00:00:00-04:00,201.02983978206382,202.86314634098838,199.79163214226165,200.31954956054688,22588900,0.0,0.0
2020-08-14 00:00:00-04:00,200.3771427347529,201.17381546778418,199.17733704875383,200.5115203857422,17958900,0.0,0.0
2020-08-17 00:00:00-04:00,201.18338768154135,202.70953672898028,200.5306858879182,201.83607482910156,20184800,0.0,0.0
2020-08-18 00:00:00-04:00,202.07607086878687,203.83258814350498,200.80908368545613,202.99752807617188,21336200,0.0,0.0
2020-08-19 00:00:00-04:00,203.48821317217968,204.07513421341247,201.33295900668412,201.76593017578125,27627600,0.51,0.0
2020-08-20 00:00:00-04:00,201.61200028707256,206.86542641303618,201.0058464628428,206.46131896972656,26981500,0.0,0.0
2020-08-21 00:00:00-04:00,205.7685726054539,208.06814597837223,204.79679140552005,204.96035766601562,36249300,0.0,0.0
2020-08-24 00:00:00-04:00,206.66339885925672,207.3657898288313,204.39268903714944,205.6050262451172,25460100,0.0,0.0
2020-08-25 00:00:00-04:00,205.03732499211057,208.41451815872668,205.03732499211057,208.27981567382812,23043700,0.0,0.0
2020-08-26 00:00:00-04:00,209.63649198466678,213.68719797029723,209.13616212854078,212.7827606201172,39600800,0.0,0.0
2020-08-27 00:00:00-04:00,214.4569333982421,222.4044101655853,211.09897262092363,218.00732421875,57602200,0.0,0.0
2020-08-28 00:00:00-04:00,219.54676985088386,221.91370185709368,218.0073148897742,220.24916076660156,26292900,0.0,0.0
2020-08-31 00:00:00-04:00,218.4113925977586,220.04706969413533,215.82316713820393,216.99700927734375,28774200,0.0,0.0
2020-09-01 00:00:00-04:00,216.97776898664924,218.84437096358388,215.93862928769175,218.6711883544922,25725500,0.0,0.0
2020-09-02 00:00:00-04:00,219.34470815240513,224.04969338399036,218.74817068121502,222.88546752929688,34080800,0.0,0.0
2020-09-03 00:00:00-04:00,220.59552879932826,220.6340089316547,206.82695279841502,209.0784149169922,58400300,0.0,0.0
2020-09-04 00:00:00-04:00,206.9616141040856,210.09826545676168,197.4265592668462,206.14376831054688,59664100,0.0,0.0
2020-09-08 00:00:00-04:00,198.68704974112163,202.08349062755386,194.5497377787411,194.99234008789062,52924300,0.0,0.0
2020-09-09 00:00:00-04:00,199.74544587479568,206.7115105904841,198.8794886265967,203.2958221435547,45679000,0.0,0.0
2020-09-10 00:00:00-04:00,205.3259434162522,206.61525528666598,196.3874397125869,197.59976196289062,35461500,0.0,0.0
2020-09-11 00:00:00-04:00,199.36054653866395,200.73644985714606,193.6260524684399,196.31048583984375,33620100,0.0,0.0
2020-09-14 00:00:00-04:00,196.51252892007156,201.28485773932422,196.31046786776898,197.6382598876953,30375800,0.0,0.0
2020-09-15 00:00:00-04:00,200.53437267098897,201.84291730022335,199.1007419279075,200.88075256347656,21823900,0.0,0.0
2020-09-16 00:00:00-04:00,202.651119738116,202.67998350393228,196.8973790757412,197.2918701171875,26328100,0.0,0.0
2020-09-17 00:00:00-04:00,192.48104235902986,196.59910591197715,192.3944510635466,195.2328338623047,34011300,0.0,0.0
2020-09-18 00:00:00-04:00,195.12704851750084,195.94487988980146,188.82486536149793,192.8082275390625,55225300,0.0,0.0
2020-09-21 00:00:00-04:00,189.72931816326354,195.04047305907787,188.94996686449997,194.87689208984375,39839700,0.0,0.0
2020-09-22 00:00:00-04:00,197.30152543226745,200.2265148518583,194.43427823717715,199.57223510742188,33517100,0.0,0.0
2020-09-23 00:00:00-04:00,200.03403183934446,200.22647652123064,192.4618004778043,193.0006103515625,30803800,0.0,0.0
2020-09-24 00:00:00-04:00,192.28861654480292,197.79219967100948,191.66320069595753,195.5022430419922,31202500,0.0,0.0
2020-09-25 00:00:00-04:00,195.84861465967163,201.13088911694132,194.8768189808472,199.95706176757812,29437300,0.0,0.0
2020-09-28 00:00:00-04:00,202.9012971081629,204.52735780399723,200.18798560071832,201.51577758789062,32004900,0.0,0.0
2020-09-29 00:00:00-04:00,201.42919413090266,202.12195391801143,198.98528747041638,199.4182586669922,24221900,0.0,0.0
2020-09-30 00:00:00-04:00,199.87046676570856,203.95966669458358,198.72548843658865,202.37210083007812,33829100,0.0,0.0
2020-10-01 00:00:00-04:00,205.41256787340234,205.8936502720816,203.32467202491068,204.42153930664062,27158400,0.0,0.0
2020-10-02 00:00:00-04:00,200.1302793751852,203.00715742653261,197.76334749580505,198.38876342773438,33154800,0.0,0.0
2020-10-05 00:00:00-04:00,199.37976785387195,202.44907555811938,199.14884304338642,202.4202117919922,21331600,0.0,0.0
2020-10-06 00:00:00-04:00,200.91930371705843,202.22783403176666,197.07064369081667,198.11940002441406,28554300,0.0,0.0
2020-10-07 00:00:00-04:00,199.2258515006656,202.16045722958788,198.89871897520425,201.89105224609375,25681100,0.0,0.0
2020-10-08 00:00:00-04:00,202.5452665523372,203.1995461208105,200.43813839108978,202.6126251220703,19925800,0.0,0.0
2020-10-09 00:00:00-04:00,203.23801420440313,207.6928407781501,203.23801420440313,207.6447296142578,26458000,0.0,0.0
2020-10-12 00:00:00-04:00,210.51201907002442,215.39020139678786,208.6069369769455,213.0232696533203,40461400,0.0,0.0
2020-10-13 00:00:00-04:00,214.29332182209097,216.6891171954783,212.08995645120993,214.4280242919922,28950800,0.0,0.0
2020-10-14 00:00:00-04:00,214.5627398694277,215.73658204233402,210.8391669742481,212.5037078857422,23421700,0.0,0.0
2020-10-15 00:00:00-04:00,208.88596650177243,212.02261820240022,207.83719579947217,211.34910583496094,22733100,0.0,0.0
2020-10-16 00:00:00-04:00,211.82055715143417,213.87958906415912,211.02197335384307,211.34910583496094,26057900,0.0,0.0
2020-10-19 00:00:00-04:00,212.08036327672104,213.88923779727742,205.63386205841044,206.1149444580078,27625800,0.0,0.0
2020-10-20 00:00:00-04:00,207.6351696086239,209.14576073086545,205.02769650520895,206.52867126464844,22753500,0.0,0.0
2020-10-21 00:00:00-04:00,205.05658991391422,208.71281966855295,205.05658991391422,206.67303466796875,22724900,0.0,0.0
2020-10-22 00:00:00-04:00,205.8359130903989,207.88532885700985,203.69028965057882,206.7595977783203,22351500,0.0,0.0
2020-10-23 00:00:00-04:00,206.89427917029462,208.09698507380116,205.09503583671875,208.0488739013672,18879600,0.0,0.0
2020-10-26 00:00:00-04:00,205.75894182990785,208.15472270981957,200.2264944052897,202.13157653808594,37111600,0.0,0.0
2020-10-27 00:00:00-04:00,203.58439813657571,206.54786677822875,202.37207606195386,205.1815948486328,36700300,0.0,0.0
2020-10-28 00:00:00-04:00,199.8127897181453,200.93852092709872,194.4535386798898,195.01158142089844,51195600,0.0,0.0
2020-10-29 00:00:00-04:00,196.348979241108,199.51449499676707,195.6754521309309,196.97438049316406,31432600,0.0,0.0
2020-10-30 00:00:00-04:00,195.80052251573846,196.56062619243986,192.0673186660171,194.8094940185547,36953700,0.0,0.0
2020-11-02 00:00:00-05:00,196.56059324381778,197.51314145198387,192.5483687548508,194.6747589111328,30842200,0.0,0.0
2020-11-03 00:00:00-05:00,196.17579759608554,200.24575094427385,195.43492652465187,198.61968994140625,27512000,0.0,0.0
2020-11-04 00:00:00-05:00,205.92249417257187,210.05980533830936,204.38302477274965,208.20281982421875,42311800,0.0,0.0
2020-11-05 00:00:00-05:00,213.63907556087898,215.6403801987278,212.78274943674145,214.84178161621094,36080100,0.0,0.0
2020-11-06 00:00:00-05:00,213.8507262075923,215.87127799998143,209.78077353708855,215.2554931640625,25231900,0.0,0.0
2020-11-09 00:00:00-05:00,215.9482666319052,219.4890259925746,209.63646799316797,210.12716674804688,44395000,0.0,0.0
2020-11-10 00:00:00-05:00,206.3843582836946,208.30868796466146,201.78521152070147,203.02639770507812,44045100,0.0,0.0
2020-11-11 00:00:00-05:00,204.35415712865384,209.79038173346626,204.17134348922855,208.3567657470703,29440800,0.0,0.0
2020-11-12 00:00:00-05:00,208.99183904081778,210.81994643144864,206.34588563352682,207.28880310058594,21593900,0.0,0.0
2020-11-13 00:00:00-05:00,208.17399473872575,209.19388716599173,206.05723493175304,208.3183135986328,18621100,0.0,0.0
2020-11-16 00:00:00-05:00,206.7403530282765,209.50177608318282,206.4036041455115,209.0110626220703,24953300,0.0,0.0
2020-11-17 00:00:00-05:00,207.92382066792086,209.44402814330667,205.9802436469447,206.3458709716797,24154100,0.0,0.0
2020-11-18 00:00:00-05:00,206.1046720245794,207.57099540862455,203.480731114143,203.6254425048828,28372800,0.56,0.0
2020-11-19 00:00:00-05:00,203.91487189418262,205.50659431946275,202.51606857025564,204.9181365966797,24792700,0.0,0.0
2020-11-20 00:00:00-05:00,204.7059143171039,205.75741620286792,202.58361274659725,202.9598388671875,22843100,0.0,0.0
2020-11-23 00:00:00-05:00,203.50004337850964,204.79271612955355,200.80858207029695,202.68971252441406,25683500,0.0,0.0
2020-11-24 00:00:00-05:00,202.18807747793556,206.68350759361277,201.48386241377628,206.30728149414062,33979700,0.0,0.0
2020-11-25 00:00:00-05:00,207.51313829161182,207.68677431464604,204.95673204200565,206.31692504882812,21012900,0.0,0.0
2020-11-27 00:00:00-05:00,207.26232115526653,208.63217039041172,206.48091490938825,207.62889099121094,14512200,0.0,0.0
2020-11-30 00:00:00-05:00,206.53879651260684,207.17547659970663,203.39391807067915,206.50985717773438,33064800,0.0,0.0
2020-12-01 00:00:00-05:00,206.93430563642607,209.6450793350196,205.81528367505194,208.57427978515625,30904500,0.0,0.0
2020-12-02 00:00:00-05:00,207.29123044098043,207.8603902699916,205.28468665337226,207.763916015625,23724500,0.0,0.0
2020-12-03 00:00:00-05:00,207.03078693135419,208.73828134614044,206.10468402437849,206.67385864257812,25120900,0.0,0.0
2020-12-04 00:00:00-05:00,206.65454142969554,207.77357804384908,205.65126214807344,206.7895965576172,24666000,0.0,0.0
2020-12-07 00:00:00-05:00,206.7992528831903,207.92793111579616,205.4679993041687,206.72207641601562,24620000,0.0,0.0
2020-12-08 00:00:00-05:00,206.41339913079136,209.28815280657466,205.3715388338167,208.38134765625,23284100,0.0,0.0
2020-12-09 00:00:00-05:00,207.56137609469448,207.6288963083449,203.75087791569962,204.32003784179688,32440600,0.0,0.0
2020-12-10 00:00:00-05:00,204.29109033322288,205.55482374295858,202.93088265652304,203.08523559570312,26733300,0.0,0.0
2020-12-11 00:00:00-05:00,202.63184297396953,205.7863632435943,201.72503781169945,205.7284698486328,30979400,0.0,0.0
2020-12-14 00:00:00-05:00,205.574140986377,208.57430844591977,205.3619093549052,206.63528442382812,28798400,0.0,0.0
2020-12-15 00:00:00-05:00,207.5709983765578,207.81216931133375,204.74448208653865,206.56773376464844,27000600,0.0,0.0
2020-12-16 00:00:00-05:00,207.1658268638192,212.33653214174262,207.13688753009188,211.5358428955078,35023300,0.0,0.0
2020-12-17 00:00:00-05:00,212.1050031641586,213.08898467251527,210.22387286870122,211.6708984375,32515800,0.0,0.0
2020-12-18 00:00:00-05:00,210.8702392578125,211.93139738087152,208.3910094174399,210.8702392578125,63354900,0.0,0.0
2020-12-21 00:00:00-05:00,209.8669583764434,216.0891657865848,209.60648963539475,214.7289581298828,37181900,0.0,0.0
2020-12-22 00:00:00-05:00,214.8254561818475,217.66162915201497,214.0151252532019,216.03131103515625,22612200,0.0,0.0
2020-12-23 00:00:00-05:00,215.23058669970848,215.66469143243353,213.00216964780174,213.2144012451172,18699600,0.0,0.0
2020-12-24 00:00:00-05:00,213.60028482209808,215.71294469525253,213.38805320891043,214.88331604003906,10550600,0.0,0.0
2020-12-28 00:00:00-05:00,216.523306337677,218.0475087218652,215.1438153757314,217.0153045654297,17933500,0.0,0.0
2020-12-29 00:00:00-05:00,218.31757662938773,219.1568467796806,215.68399411922664,216.23385620117188,17403200,0.0,0.0
2020-12-30 00:00:00-05:00,217.27568877326047,217.66157105526693,213.6484836418235,213.85105895996094,20272300,0.0,0.0
2020-12-31 00:00:00-05:00,213.87039840086666,215.12449030176415,211.9217329770077,214.56497192382812,20942100,0.0,0.0
2021-01-04 00:00:00-05:00,214.67108011672624,215.12448267035043,207.2237201668687,210.00201416015625,37130100,0.0,0.0
2021-01-05 00:00:00-05:00,209.58719281314148,210.80270379708463,208.08228847102743,210.20458984375,23823000,0.0,0.0
2021-01-06 00:00:00-05:00,204.67697391501935,208.84441527827818,204.4551007475954,204.754150390625,35930700,0.0,0.0
2021-01-07 00:00:00-05:00,206.48090458530808,211.59373143430213,206.1625718994566,210.580810546875,27694500,0.0,0.0
2021-01-08 00:00:00-05:00,210.95702552858702,212.78993339989754,209.3653033034142,211.86383056640625,22956200,0.0,0.0
2021-01-11 00:00:00-05:00,210.7544373653858,211.17890052490347,209.0758825218125,209.80905151367188,23031300,0.0,0.0
2021-01-12 00:00:00-05:00,208.85399202678016,209.43280805430751,205.7863053526331,207.3394317626953,23249300,0.0,0.0
2021-01-13 00:00:00-05:00,206.46163298922275,209.1048572059806,206.3748002592561,208.69969177246094,20087100,0.0,0.0
2021-01-14 00:00:00-05:00,208.28486838376134,209.78013111431568,205.22682271567444,205.49693298339844,29480800,0.0,0.0
2021-01-15 00:00:00-05:00,205.97929960679494,206.93432719678094,204.54191537229212,205.1400146484375,31746500,0.0,0.0
2021-01-19 00:00:00-05:00,206.2011712058109,209.31709589356913,205.1207300132549,208.79617309570312,30480900,0.0,0.0
2021-01-20 00:00:00-05:00,210.01164538751647,217.81593324197758,209.61612152485435,216.41714477539062,37777300,0.0,0.0
2021-01-21 00:00:00-05:00,216.76444885263814,218.30794883439074,214.56497094658008,217.02491760253906,30709400,0.0,0.0
2021-01-22 00:00:00-05:00,219.06040382451215,221.94481374827697,217.82560971130675,217.97030639648438,30172700,0.0,0.0
2021-01-25 00:00:00-05:00,221.0283347746538,221.6650295786433,216.30139031573844,221.42385864257812,33152100,0.0,0.0
2021-01-26 00:00:00-05:00,223.67158218627512,225.90964090519284,221.95444623265263,224.12498474121094,49169600,0.0,0.0
2021-01-27 00:00:00-05:00,229.5947281242748,231.94855878459933,222.01231340498785,224.67483520507812,69870600,0.0,0.0
2021-01-28 00:00:00-05:00,227.28912486787857,234.07085003331895,226.78748522733264,230.4918670654297,49111200,0.0,0.0
2021-01-29 00:00:00-05:00,227.6557255174755,229.6140323700672,223.17959346585073,223.76805114746094,42503100,0.0,0.0
2021-02-01 00:00:00-05:00,226.75853744392776,233.93578618771707,224.2214147225328,231.18643188476562,33314200,0.0,0.0
2021-02-02 00:00:00-05:00,232.77815295130395,233.75247807695183,230.2603281954166,231.05136108398438,25916300,0.0,0.0
2021-02-03 00:00:00-05:00,231.10929364997725,236.43433736539887,230.81022932198388,234.41815185546875,27158100,0.0,0.0
2021-02-04 00:00:00-05:00,234.09015750462424,234.64967583453253,231.88102351930485,233.46310424804688,25296100,0.0,0.0
2021-02-05 00:00:00-05:00,233.6753626774804,234.6882836544842,231.9292872805032,233.64642333984375,18054800,0.0,0.0
2021-02-08 00:00:00-05:00,234.5628535104182,235.0741347325014,232.3054970144389,233.90687561035156,22211900,0.0,0.0
2021-02-09 00:00:00-05:00,233.32804184480403,236.11597714944006,232.85535625247002,235.16094970703125,23565000,0.0,0.0
2021-02-10 00:00:00-05:00,236.34754106148685,237.23504842887988,232.38268988590397,234.24453735351562,22186700,0.0,0.0
2021-02-11 00:00:00-05:00,236.1352968662007,236.49222515802117,233.59817378890858,235.8555450439453,15751100,0.0,0.0
2021-02-12 00:00:00-05:00,235.31532862001077,236.63695552738434,234.1577109235517,236.33790588378906,16561100,0.0,0.0
2021-02-16 00:00:00-05:00,236.37646073369578,237.43761875854926,234.34097740959032,235.0934295654297,26728500,0.0,0.0
2021-02-17 00:00:00-05:00,233.33363888424336,236.22467684396685,232.96621007846971,236.11831665039062,21653500,0.56,0.0
2021-02-18 00:00:00-05:00,233.7977910115024,235.85729003006736,232.8888973325426,235.721923828125,16925600,0.0,0.0
2021-02-19 00:00:00-05:00,235.68323559527133,235.7895957994359,232.23137558595567,232.9952392578125,25262600,0.0,0.0
2021-02-22 00:00:00-05:00,229.56272223089456,230.05583876789643,224.708852062903,226.7490234375,36446900,0.0,0.0
2021-02-23 00:00:00-05:00,222.70737444670027,227.05844976056775,221.16031954469048,225.55007934570312,30228700,0.0,0.0
2021-02-24 00:00:00-05:00,222.39794491641797,227.41618718695392,221.42137560177235,226.78770446777344,26339700,0.0,0.0
2021-02-25 00:00:00-05:00,224.39946279317778,226.8263906391963,220.33846205428335,221.41172790527344,39542200,0.0,0.0
2021-02-26 00:00:00-05:00,223.86766895538668,227.5805831932529,221.9435213576159,224.68954467773438,37819200,0.0,0.0
2021-03-01 00:00:00-05:00,228.09302745735494,229.6110763466161,225.43403703032263,229.09861755371094,25324000,0.0,0.0
2021-03-02 00:00:00-05:00,229.16633256873732,229.44674350580195,225.7241503681337,226.1302490234375,22812500,0.0,0.0
2021-03-03 00:00:00-05:00,224.47679360019754,225.84979769588546,219.73894760417375,220.02902221679688,34029500,0.0,0.0
2021-03-04 00:00:00-05:00,219.23616470377033,224.79587148910286,216.83822837187682,219.2264862060547,44727800,0.0,0.0
2021-03-05 00:00:00-05:00,221.92415279805,225.55004839538876,218.9654243512307,223.93531799316406,41872800,0.0,0.0
2021-03-08 00:00:00-05:00,223.71293453599736,225.64674565461442,219.61326440696627,219.86465454101562,35267400,0.0,0.0
2021-03-09 00:00:00-05:00,225.17298846393138,227.5902525456764,224.0030261566908,226.04319763183594,33080500,0.0,0.0
2021-03-10 00:00:00-05:00,229.1566089983526,229.1566089983526,224.3607511116063,224.72817993164062,29746800,0.0,0.0
2021-03-11 00:00:00-05:00,227.18416507754895,231.2548297284497,226.5556675332269,229.2823486328125,29907600,0.0,0.0
2021-03-12 00:00:00-05:00,226.26560726282824,228.01571904818903,225.51142196474382,227.94802856445312,22653700,0.0,0.0
2021-03-15 00:00:00-04:00,227.18415297293328,227.40653713643047,224.13839139075358,227.0391082763672,26034900,0.0,0.0
2021-03-16 00:00:00-04:00,228.46047211752122,232.11537439525682,228.13172772834727,229.84315490722656,28092200,0.0,0.0
2021-03-17 00:00:00-04:00,228.33475184620352,230.65533414161612,225.5113892608555,229.19529724121094,29562100,0.0,0.0
2021-03-18 00:00:00-04:00,224.86356013012343,226.43962095239084,222.70736481006173,223.08445739746094,34833000,0.0,0.0
2021-03-19 00:00:00-04:00,223.37454008172645,224.77655027756867,221.75980946954306,222.72671508789062,46430700,0.0,0.0
2021-03-22 00:00:00-04:00,222.64935259908694,229.05992657806183,222.5236501521513,228.1800537109375,30127000,0.0,0.0
2021-03-23 00:00:00-04:00,229.6303892737012,233.07257044463407,229.224290739875,229.7174072265625,31638400,0.0,0.0
2021-03-24 00:00:00-04:00,229.97852178181688,230.12355173222502,227.53225159286734,227.66761779785156,25620100,0.0,0.0
2021-03-25 00:00:00-04:00,227.5128800646398,229.09860458484349,223.9063264752013,224.6508331298828,34061900,0.0,0.0
2021-03-26 00:00:00-04:00,223.8869864994922,228.87622275520403,223.8869864994922,228.65382385253906,25479900,0.0,0.0
2021-03-29 00:00:00-04:00,228.7601934748005,228.96325014346309,224.2060763388015,227.4548797607422,25227500,0.0,0.0
2021-03-30 00:00:00-04:00,225.8014880077065,226.1109049149975,223.45191422743258,224.17709350585938,24792000,0.0,0.0
2021-03-31 00:00:00-04:00,225.20196533174683,231.1871127848177,224.69917033669375,227.96731567382812,43623500,0.0,0.0
2021-04-01 00:00:00-04:00,230.5779761914017,234.80334887949442,230.17187761588366,234.32957458496094,30338000,0.0,0.0
2021-04-05 00:00:00-04:00,234.72602212026308,241.68775495440264,234.66801013894693,240.82720947265625,36910600,0.0,0.0
2021-04-06 00:00:00-04:00,239.4155001585095,241.14625471940562,238.70966318992367,239.6572265625,22931900,0.0,0.0
2021-04-07 00:00:00-04:00,239.60887057598896,242.6256112789347,239.00939383471342,241.62969970703125,22719800,0.0,0.0
2021-04-08 00:00:00-04:00,244.40475536671238,245.72941144065413,243.66023385442372,244.86886596679688,23625200,0.0,0.0
2021-04-09 00:00:00-04:00,244.5014532484366,247.51820923296117,244.08569085612123,247.38284301757812,24326800,0.0,0.0
2021-04-12 00:00:00-04:00,246.28054259623266,249.1425897885859,246.19350987554677,247.44082641601562,27148700,0.0,0.0
2021-04-13 00:00:00-04:00,248.74619533297331,250.61231644351227,248.3304034135431,249.9354705810547,23837500,0.0,0.0
2021-04-14 00:00:00-04:00,248.95884376923271,250.2641426143906,246.71561588229466,247.13137817382812,23070900,0.0,0.0
2021-04-15 00:00:00-04:00,249.3939233605565,251.3277343204478,249.20055996913547,250.91197204589844,25627500,0.0,0.0
2021-04-16 00:00:00-04:00,250.88301758388405,252.36238209170304,249.07490868628523,252.11097717285156,24878600,0.0,0.0
2021-04-19 00:00:00-04:00,251.57914882611817,252.82646520516678,249.28758747207132,250.1771240234375,23209300,0.0,0.0
2021-04-20 00:00:00-04:00,249.28763286491557,251.5888731356024,248.3400546629798,249.71307373046875,19722900,0.0,0.0
2021-04-21 00:00:00-04:00,250.37054318159065,252.05294951511846,248.73647032593425,251.9562530517578,24030400,0.0,0.0
2021-04-22 00:00:00-04:00,251.59849034240358,253.11653917054838,247.17973955535945,248.65911865234375,25606200,0.0,0.0
2021-04-23 00:00:00-04:00,249.3455995756145,252.85547132537891,248.75577186597636,252.5073699951172,21462600,0.0,0.0
2021-04-26 00:00:00-04:00,253.0005552714497,253.75474055583118,251.5598751851928,252.89418029785156,19763300,0.0,0.0
2021-04-27 00:00:00-04:00,252.92313986559907,254.47987313939635,251.51146602986665,253.3002471923828,31014200,0.0,0.0
2021-04-28 00:00:00-04:00,247.6051993509469,248.04999721965194,244.57879453424712,246.13551330566406,46903100,0.0,0.0
2021-04-29 00:00:00-04:00,247.0056881116654,247.62450704800176,240.75947202449527,244.15330505371094,40589000,0.0,0.0
2021-04-30 00:00:00-04:00,241.4750367583464,244.70449828122986,241.33967054941743,243.8342742919922,30945100,0.0,0.0
2021-05-03 00:00:00-04:00,245.0139001224866,245.9324723466982,242.80935629199922,243.52487182617188,19626600,0.0,0.0
2021-05-04 00:00:00-04:00,242.66430613687115,242.89636879848177,237.62672133374875,239.58953857421875,32756100,0.0,0.0
2021-05-05 00:00:00-04:00,240.81752988826238,241.24297075441083,237.68476488082388,238.31324768066406,21901300,0.0,0.0
2021-05-06 00:00:00-04:00,238.29391295145285,241.59106501428482,236.59216418699629,241.46536254882812,26491100,0.0,0.0
2021-05-07 00:00:00-04:00,243.80524259654717,245.88409850126487,242.85767923394673,244.10499572753906,27032900,0.0,0.0
2021-05-10 00:00:00-04:00,242.5676094591956,243.39914888697365,238.94171336489754,238.99972534179688,29299900,0.0,0.0
2021-05-11 00:00:00-04:00,236.45676717461123,238.43892660322572,234.54229821975156,238.08116149902344,33641600,0.0,0.0
2021-05-12 00:00:00-04:00,234.15554329136458,236.29241130423097,230.191238914293,231.0904541015625,36684400,0.0,0.0
2021-05-13 00:00:00-04:00,233.79778600308975,237.4720303748559,233.4303571397704,234.98707580566406,29624300,0.0,0.0
2021-05-14 00:00:00-04:00,237.45266721502668,240.9335183497134,237.36564925626627,239.93760681152344,23901100,0.0,0.0
2021-05-17 00:00:00-04:00,238.39057338540377,238.42924311687713,235.46085066217177,237.06590270996094,24970200,0.0,0.0
2021-05-18 00:00:00-04:00,238.11987780037194,238.25524401215927,234.86139546394529,235.0354461669922,20168000,0.0,0.0
2021-05-19 00:00:00-04:00,231.92448304457386,235.7235033869886,231.23640313623346,235.6168975830078,25739800,0.56,0.0
2021-05-20 00:00:00-04:00,236.43096653820805,240.2978185698106,236.33404680110684,238.87318420410156,21800700,0.0,0.0
2021-05-21 00:00:00-04:00,239.92956310394896,240.66610284863518,237.18690008815358,237.60362243652344,21863100,0.0,0.0
2021-05-24 00:00:00-04:00,240.14279819726076,243.40880466874205,239.8714406276493,243.04052734375,21411500,0.0,0.0
2021-05-25 00:00:00-04:00,243.999936919978,244.94968824715602,243.07925855674293,243.95147705078125,17704300,0.0,0.0
2021-05-26 00:00:00-04:00,243.67047696563944,245.1338855108844,243.01146990813845,243.7286376953125,17771600,0.0,0.0
2021-05-27 00:00:00-04:00,243.41848850624666,243.71891904215312,241.5577445653837,241.6158905029297,24426200,0.0,0.0
2021-05-28 00:00:00-04:00,243.25371117130643,244.30038230069232,241.85814966545857,241.9744415283203,18270200,0.0,0.0
2021-06-01 00:00:00-04:00,243.47658686265473,243.53473278883763,239.3383773786353,239.76478576660156,23213300,0.0,0.0
2021-06-02 00:00:00-04:00,240.4723095990206,241.57712675444566,238.25297444018346,239.6679229736328,19406700,0.0,0.0
2021-06-03 00:00:00-04:00,237.65205485600995,238.73748483604143,235.50056701139442,238.12693786621094,25307700,0.0,0.0
2021-06-04 00:00:00-04:00,240.11371338493953,243.8836609923926,239.87142879631688,243.05020141601562,25281100,0.0,0.0
2021-06-07 00:00:00-04:00,242.2651882796942,246.24834728727228,242.10043654311272,245.97698974609375,23079200,0.0,0.0
2021-06-08 00:00:00-04:00,247.28533321311315,248.1091066867152,244.71710783462723,244.7752685546875,22455000,0.0,0.0
2021-06-09 00:00:00-04:00,245.97697502416761,247.64389398471312,245.3955009512483,245.76376342773438,17937600,0.0,0.0
2021-06-10 00:00:00-04:00,246.44216202928786,249.51432854393602,245.84130103923167,249.30111694335938,24563600,0.0,0.0
2021-06-11 00:00:00-04:00,250.02796621364502,250.51253533585495,248.69055070422525,249.9310760498047,18999700,0.0,0.0
2021-06-14 00:00:00-04:00,249.9407641590007,251.9275154393582,248.87470610316913,251.86936950683594,19150500,0.0,0.0
2021-06-15 00:00:00-04:00,251.75302408011953,251.966235670972,249.72752875489684,250.38653564453125,18038900,0.0,0.0
2021-06-16 00:00:00-04:00,251.39446201803466,252.53803808161632,246.5681575606938,249.4368133544922,27220000,0.0,0.0
2021-06-17 00:00:00-04:00,248.1672051721215,253.67190258856678,248.10905925105502,252.84812927246094,27565500,0.0,0.0
2021-06-18 00:00:00-04:00,251.61736242477812,254.2049449265617,250.76451605351934,251.42352294921875,37202200,0.0,0.0
2021-06-21 00:00:00-04:00,251.80153438075388,255.3873285471839,249.96017742223518,254.52481079101562,26696100,0.0,0.0
2021-06-22 00:00:00-04:00,254.61204404349655,257.587306057869,254.3019126543764,257.3159484863281,24694100,0.0,0.0
2021-06-23 00:00:00-04:00,257.78106316534377,258.59513571313266,256.26920992291423,257.0832824707031,19518700,0.0,0.0
2021-06-24 00:00:00-04:00,257.94586104279284,259.58370718389216,257.2771532301189,258.4595031738281,21446900,0.0,0.0
2021-06-25 00:00:00-04:00,258.01374328624,259.00225386982646,256.5891085646179,256.841064453125,25611100,0.0,0.0
2021-06-28 00:00:00-04:00,257.9749306096631,260.60128716387084,257.7035730643105,260.4268493652344,19590000,0.0,0.0
2021-06-29 00:00:00-04:00,260.5721903554941,263.2663934434633,259.70967271287435,263.02410888671875,19937800,0.0,0.0
2021-06-30 00:00:00-04:00,262.336040026262,262.9853461031413,261.27968286365405,262.53955078125,21656500,0.0,0.0
2021-07-01 00:00:00-04:00,261.289411887782,263.4506013495194,261.27974061448015,263.218017578125,16725300,0.0,0.0
2021-07-02 00:00:00-04:00,264.4002529358793,269.4203809943576,264.0901216581383,269.0811767578125,26458000,0.0,0.0
2021-07-06 00:00:00-04:00,269.4495188196341,270.7481605850909,265.83462233410813,269.0909423828125,31565600,0.0,0.0
2021-07-07 00:00:00-04:00,270.7772818675907,272.0274787717085,268.5967203160117,271.2909240722656,23260000,0.0,0.0
2021-07-08 00:00:00-04:00,268.35439706096736,270.12793676331876,266.3870474385027,268.8583679199219,24618600,0.0,0.0
2021-07-09 00:00:00-04:00,267.21078617893124,269.46886517575774,266.82313681336774,269.3622741699219,23916700,0.0,0.0
2021-07-12 00:00:00-04:00,270.54462431878187,271.13578442629563,268.0442311924346,268.76141357421875,18931700,0.0,0.0
2021-07-13 00:00:00-04:00,268.95523209497554,274.12075544543404,268.82926896816707,272.3084716796875,26120100,0.0,0.0
2021-07-14 00:00:00-04:00,273.6361940946692,274.90576285138275,271.8917274782308,273.791259765625,23113700,0.0,0.0
2021-07-15 00:00:00-04:00,273.2970295449207,273.7912995945101,271.19398619785545,272.3569641113281,22604200,0.0,0.0
2021-07-16 00:00:00-04:00,273.3648409129834,275.3321904324174,270.8353746304237,272.0855712890625,26186800,0.0,0.0
2021-07-19 00:00:00-04:00,270.32172742963587,271.71728888837185,265.9800069586817,268.46099853515625,32935600,0.0,0.0
2021-07-20 00:00:00-04:00,269.4495407659648,272.298809949743,267.73417649236615,270.6997375488281,26259700,0.0,0.0
2021-07-21 00:00:00-04:00,270.2926996026849,272.831837532653,268.7324009418103,272.7155456542969,24364300,0.0,0.0
2021-07-22 00:00:00-04:00,275.08013834153695,277.5805310527632,274.6731169262417,277.3091735839844,23384100,0.0,0.0
2021-07-23 00:00:00-04:00,278.50124995779606,281.04038740226895,277.65810442516977,280.73028564453125,22768100,0.0,0.0
2021-07-26 00:00:00-04:00,280.08094944988113,280.7496571969808,277.7937974154402,280.12939453125,23176100,0.0,0.0
2021-07-27 00:00:00-04:00,280.4976629230343,280.6430277382962,274.2176662977109,277.6968688964844,33604100,0.0,0.0
2021-07-28 00:00:00-04:00,280.0712515550925,281.19545546676426,275.0704946690018,277.3867492675781,33566900,0.0,0.0
2021-07-29 00:00:00-04:00,277.4061566502324,279.712710695351,277.2510909624528,277.65814208984375,18168300,0.0,0.0
2021-07-30 00:00:00-04:00,276.36914236850606,277.8131487640664,275.1480188214822,276.1171569824219,20944800,0.0,0.0
2021-08-02 00:00:00-04:00,277.522481263286,277.9198315896451,274.9833431748171,276.030029296875,16267400,0.0,0.0
2021-08-03 00:00:00-04:00,276.61142453637285,278.3655622265693,275.2352353463116,278.2589416503906,17879000,0.0,0.0
2021-08-04 00:00:00-04:00,277.38675778162667,278.71447248399744,275.8652035942845,277.6678161621094,16191300,0.0,0.0
2021-08-05 00:00:00-04:00,278.02642050082994,280.69155102008517,277.2704937547623,280.5849304199219,13900200,0.0,0.0
2021-08-06 00:00:00-04:00,279.60603944201995,280.5654766856176,278.74349234669677,280.5267028808594,16589300,0.0,0.0
2021-08-09 00:00:00-04:00,280.80789139751,282.5523289356802,278.9277602676487,279.43170166015625,16117600,0.0,0.0
2021-08-10 00:00:00-04:00,279.8871893038026,280.3233134627436,276.3983143353152,277.60003662109375,18616600,0.0,0.0
2021-08-11 00:00:00-04:00,278.3462246650516,279.7514871404294,277.03788194241645,278.0942687988281,13955900,0.0,0.0
2021-08-12 00:00:00-04:00,277.784114118174,281.0210324731041,277.50305573152406,280.865966796875,14561300,0.0,0.0
2021-08-13 00:00:00-04:00,280.54614271809214,283.86057886978705,280.3716753608308,283.8121337890625,18249000,0.0,0.0
2021-08-16 00:00:00-04:00,284.141598902553,285.72129872098003,281.0694181446876,285.5080871582031,22507600,0.0,0.0
2021-08-17 00:00:00-04:00,283.36638642170044,284.37426904696963,282.096787928393,284.0350646972656,20075300,0.0,0.0
2021-08-18 00:00:00-04:00,283.5689657375722,286.26832663173434,281.85028818269654,282.2969665527344,21813000,0.56,0.0
2021-08-19 00:00:00-04:00,280.31618774619443,288.8415116764135,280.26764991169944,288.16180419921875,29850500,0.0,0.0
2021-08-20 00:00:00-04:00,291.0261609315284,296.96863616381444,289.4143082325147,295.53155517578125,40817600,0.0,0.0
2021-08-23 00:00:00-04:00,294.4537863785516,296.5414165302766,293.09440137038445,295.81317138671875,22830200,0.0,0.0
2021-08-24 00:00:00-04:00,296.1723579127363,296.7840884168337,293.2399688914723,293.84197998046875,18175800,0.0,0.0
2021-08-25 00:00:00-04:00,295.47330963483773,295.7549060463655,291.705879753197,293.249755859375,20006100,0.0,0.0
2021-08-26 00:00:00-04:00,292.2593717706494,293.657605009389,290.27856604274746,290.41448974609375,17666100,0.0,0.0
2021-08-27 00:00:00-04:00,290.31734813239905,292.1428207230575,288.2199985366875,291.02618408203125,22605700,0.0,0.0
2021-08-30 00:00:00-04:00,292.38558023402715,295.3956662396167,292.32732299018244,294.783935546875,16348100,0.0,0.0
2021-08-31 00:00:00-04:00,295.5898670496247,295.6675334947297,292.7545528691658,293.12353515625,26285300,0.0,0.0
2021-09-01 00:00:00-04:00,294.0848845637136,296.3375972692619,292.7449083917516,293.0750427246094,18983800,0.0,0.0
2021-09-02 00:00:00-04:00,293.43426438203664,294.5605908301483,291.47283843482785,292.4147033691406,16285600,0.0,0.0
2021-09-03 00:00:00-04:00,292.2593565497962,293.8226716672976,291.55055018077155,292.405029296875,14747900,0.0,0.0
2021-09-07 00:00:00-04:00,292.27881120532527,292.3564776599139,289.5503213901356,291.4728698730469,17180400,0.0,0.0
2021-09-08 00:00:00-04:00,291.08443302777687,291.89034460223945,288.8414403919211,291.501953125,15046800,0.0,0.0
2021-09-09 00:00:00-04:00,292.0943231689544,293.3760419262117,288.38512023463784,288.62786865234375,19927000,0.0,0.0
2021-09-10 00:00:00-04:00,289.76392129871317,291.2204116894065,286.81209247651026,287.13250732421875,19633400,0.0,0.0
2021-09-13 00:00:00-04:00,288.91908965563766,289.8803933226824,285.5497411934658,288.3753356933594,23652900,0.0,0.0
2021-09-14 00:00:00-04:00,290.870838052277,292.6477729197862,289.45319570500504,291.09417724609375,21853400,0.0,0.0
2021-09-15 00:00:00-04:00,294.46355422482094,296.4637988441718,293.06532094864116,295.9783020019531,28356300,0.0,0.0
2021-09-16 00:00:00-04:00,294.94905670941716,296.454085096136,292.0360756003799,296.36669921875,19550800,0.0,0.0
2021-09-17 00:00:00-04:00,295.3471347187819,295.66754956676783,290.84171021613025,291.1718444824219,41372500,0.0,0.0
2021-09-20 00:00:00-04:00,287.7345129883881,290.05520185574835,281.1220491144486,285.7633972167969,38278700,0.0,0.0
2021-09-21 00:00:00-04:00,287.1130998945458,288.90944398064477,285.5400950040545,286.2489013671875,22364100,0.0,0.0
2021-09-22 00:00:00-04:00,288.1229360686381,291.51169418527275,285.96732913269386,289.91925048828125,26626300,0.0,0.0
2021-09-23 00:00:00-04:00,290.18151331921575,292.1720388266623,288.8997943461147,290.87091064453125,18604600,0.0,0.0
2021-09-24 00:00:00-04:00,289.57945349834876,291.1038910429422,288.31714394519224,290.6669616699219,14999000,0.0,0.0
2021-09-27 00:00:00-04:00,287.5501270971836,287.87054202290034,284.44293498761084,285.63726806640625,23571700,0.0,0.0
2021-09-28 00:00:00-04:00,281.3939510654787,282.3455355207805,274.5484576093365,275.2961120605469,43186200,0.0,0.0
2021-09-29 00:00:00-04:00,276.8303060131279,278.45184887583616,274.80093276374777,275.76220703125,26353700,0.0,0.0
2021-09-30 00:00:00-04:00,277.42259845518674,279.4811003337077,273.45123782495057,273.7425537109375,32343600,0.0,0.0
2021-10-01 00:00:00-04:00,273.9367475024316,281.56877366071757,273.1308357414354,280.71429443359375,30086300,0.0,0.0
2021-10-04 00:00:00-04:00,279.0635814947327,279.4034352138225,272.12098251493916,274.89801025390625,31350700,0.0,0.0
2021-10-05 00:00:00-04:00,275.8107835497118,281.9766002517798,275.8107835497118,280.3841857910156,24993000,0.0,0.0
2021-10-06 00:00:00-04:00,277.49057010387935,285.1128763474515,277.2284124803731,284.6079406738281,28002600,0.0,0.0
2021-10-07 00:00:00-04:00,286.61786966801316,288.0355415897374,285.39443794207716,286.2974548339844,20430500,0.0,0.0
2021-10-08 00:00:00-04:00,287.62771125951105,288.0355415897374,285.2390754178181,286.2974548339844,17685700,0.0,0.0
2021-10-11 00:00:00-04:00,284.42346580912283,289.3269717647659,284.2583838545495,285.6954650878906,19298600,0.0,0.0
2021-10-12 00:00:00-04:00,286.77331056676746,286.87041587501443,283.8700485341742,284.3846740722656,17974100,0.0,0.0
2021-10-13 00:00:00-04:00,286.3557332608353,288.6569834089462,284.9769092762647,287.7151184082031,23416300,0.0,0.0
2021-10-14 00:00:00-04:00,290.53096683103433,294.4731982060417,289.19099101376537,293.9682922363281,27262900,0.0,0.0
2021-10-15 00:00:00-04:00,293.57020251326225,295.6190144253903,291.8029870432012,295.3859558105469,25384800,0.0,0.0
2021-10-18 00:00:00-04:00,294.7645805226375,299.26997612485764,293.91010127936016,298.3766784667969,22729300,0.0,0.0
2021-10-19 00:00:00-04:00,299.40588216647706,300.32830830606736,298.30865465847006,299.28936767578125,17682100,0.0,0.0
2021-10-20 00:00:00-04:00,300.2409100982718,300.7167170922215,297.23082413872754,298.4931335449219,16537100,0.0,0.0
2021-10-21 00:00:00-04:00,298.26010831483455,301.99840985819577,297.47357626035097,301.7459716796875,16918100,0.0,0.0
2021-10-22 00:00:00-04:00,301.3964053856401,302.06639333549975,298.87181611698935,300.1923828125,17449300,0.0,0.0
2021-10-25 00:00:00-04:00,300.38656389761695,300.425411938426,297.5706884026041,299.1922607421875,17554500,0.0,0.0
2021-10-26 00:00:00-04:00,301.9790668554543,303.3384522267201,299.6486877000873,301.1148681640625,28107300,0.0,0.0
2021-10-27 00:00:00-04:00,306.83398322982805,316.64102469624345,306.83398322982805,313.7960205078125,52588700,0.0,0.0
2021-10-28 00:00:00-04:00,314.92239465607844,315.44673958606427,312.03854198972346,314.94183349609375,26297900,0.0,0.0
2021-10-29 00:00:00-04:00,314.72818243443317,322.3698978624627,314.5048432230782,322.00091552734375,34766000,0.0,0.0
2021-11-01 00:00:00-04:00,321.74846062208786,321.874694545215,316.90321150510107,319.8161926269531,27073200,0.0,0.0
2021-11-02 00:00:00-04:00,320.7288929925852,323.7778271139183,320.4278873477877,323.46710205078125,26487100,0.0,0.0
2021-11-03 00:00:00-04:00,324.2147538453636,325.18574743557576,321.05902467717414,324.3118591308594,21500100,0.0,0.0
2021-11-04 00:00:00-04:00,323.2340758588148,326.77819659570866,319.9521127279951,326.68109130859375,23992200,0.0,0.0
2021-11-05 00:00:00-04:00,328.6910186783147,328.9628956726154,324.7196588251079,326.31207275390625,22570100,0.0,0.0
2021-11-08 00:00:00-05:00,327.51609350301896,327.8559471522163,324.7390663351599,327.215087890625,20897000,0.0,0.0
2021-11-09 00:00:00-05:00,327.33167942431567,328.89499472568826,324.82652865961444,326.2053527832031,21307400,0.0,0.0
2021-11-10 00:00:00-05:00,324.86531548600317,324.92357272775905,320.3502014556965,321.20465087890625,25500900,0.0,0.0
2021-11-11 00:00:00-05:00,321.64158832784085,324.088481215165,320.923062639293,322.787353515625,16849800,0.0,0.0
2021-11-12 00:00:00-05:00,324.2342929246427,327.4482803313161,324.1080589777081,326.95306396484375,23831000,0.0,0.0
2021-11-15 00:00:00-05:00,327.7492308602587,328.0793651715048,324.34103339663125,326.3218688964844,16723000,0.0,0.0
2021-11-16 00:00:00-05:00,325.9431262382948,330.7884044776103,325.7780739195618,329.66204833984375,20886800,0.0,0.0
2021-11-17 00:00:00-05:00,329.71071172324827,332.8722146599983,328.79630542199965,329.88580322265625,19053400,0.62,0.0
2021-11-18 00:00:00-05:00,328.9713476663331,333.12509451765436,327.9402138531985,331.9772033691406,22463500,0.0,0.0
2021-11-19 00:00:00-05:00,333.3098859816224,335.7028915745306,332.8818648594332,333.7670593261719,21963400,0.0,0.0
2021-11-22 00:00:00-05:00,335.2359926275546,340.14849893917426,330.3040416031067,330.576416015625,31031100,0.0,0.0
2021-11-23 00:00:00-05:00,327.87216592713355,330.20683802746316,324.4772076163446,328.4850158691406,30427600,0.0,0.0
2021-11-24 00:00:00-05:00,327.12312025923825,328.9519327535902,324.8176599269324,328.708740234375,21661300,0.0,0.0
2021-11-26 00:00:00-05:00,325.24573087514545,328.7282352207839,319.1853616823268,320.702880859375,24217200,0.0,0.0
2021-11-29 00:00:00-05:00,325.8195783761422,329.7982040185201,325.62501250616555,327.46356201171875,28563500,0.0,0.0
2021-11-30 00:00:00-05:00,326.1892252243376,328.5822309778373,320.0315748453176,321.5880126953125,42885600,0.0,0.0
2021-12-01 00:00:00-05:00,326.00445640096814,330.0414464781885,320.4207653890021,321.0919494628906,33337600,0.0,0.0
2021-12-02 00:00:00-05:00,321.3059161713447,324.40905481774183,318.8739911937033,320.5179748535156,30766000,0.0,0.0
2021-12-03 00:00:00-05:00,322.9499026171155,323.64059069106463,309.37004173706174,314.2144470214844,41779300,0.0,0.0
2021-12-06 00:00:00-05:00,315.12886594094084,318.5335610767089,310.53739017038447,317.307861328125,30032600,0.0,0.0
2021-12-07 00:00:00-05:00,322.6094861976196,326.65618363904804,321.1114119500236,325.8001708984375,31021900,0.0,0.0
2021-12-08 00:00:00-05:00,326.1795542041268,326.3643829061841,321.7923513604336,325.84881591796875,24761000,0.0,0.0
2021-12-09 00:00:00-05:00,325.30401993120887,327.3273684732717,323.0763683143852,324.0296936035156,22214200,0.0,0.0
2021-12-10 00:00:00-05:00,325.85850760694785,333.6601123753168,325.6736789307053,333.212646484375,38095700,0.0,0.0
2021-12-13 00:00:00-05:00,331.40328654019635,334.42861676910195,329.84684855560926,330.15814208984375,28899400,0.0,0.0
2021-12-14 00:00:00-05:00,324.14644522036787,325.5277917874379,315.2844944098965,319.3993225097656,44438700,0.0,0.0
2021-12-15 00:00:00-05:00,319.66190648845094,326.06274913300945,315.66383640024435,325.5374450683594,35381100,0.0,0.0
2021-12-16 00:00:00-05:00,326.56858868880596,327.59001493914315,314.2241357585092,316.0529479980469,35034800,0.0,0.0
2021-12-17 00:00:00-05:00,312.14243841653024,316.0724374792518,308.6112786111731,314.98291015625,47750300,0.0,0.0
2021-12-20 00:00:00-05:00,311.33499437035266,314.01011159320444,308.9225440197021,311.1988220214844,28326500,0.0,0.0
2021-12-21 00:00:00-05:00,314.4868794889813,318.805981458776,311.09189137730567,318.3779602050781,24740600,0.0,0.0
2021-12-22 00:00:00-05:00,319.36035671028753,324.52576267281427,316.8798052590248,324.126953125,24831500,0.0,0.0
2021-12-23 00:00:00-05:00,323.6892397112023,327.2301370037353,323.66979499703837,325.576416015625,19617800,0.0,0.0
2021-12-27 00:00:00-05:00,326.3253793104447,333.1542429444219,326.29619740117903,333.12506103515625,19947000,0.0,0.0
2021-12-28 00:00:00-05:00,333.8060207410828,334.44805250573944,331.0530946934616,331.957763671875,15661500,0.0,0.0
2021-12-29 00:00:00-05:00,332.0064086237529,334.9247187951422,330.4305258810565,332.63873291015625,15042000,0.0,0.0
2021-12-30 00:00:00-05:00,332.59979299362385,333.78657357656004,329.59393726748044,330.080322265625,15994500,0.0,0.0
2021-12-31 00:00:00-05:00,329.29244795777277,330.1192788736192,326.7048756786573,327.1620788574219,18000800,0.0,0.0
2022-01-03 00:00:00-05:00,326.21849472143583,328.79632983161406,320.8001575458787,325.63482666015625,28865100,0.0,0.0
2022-01-04 00:00:00-05:00,325.712585604074,326.0725354624278,317.2397667073394,320.05108642578125,32674300,0.0,0.0
2022-01-05 00:00:00-05:00,316.98679350262677,317.1910965612106,307.3758515806079,307.76495361328125,40054300,0.0,0.0
2022-01-06 00:00:00-05:00,304.62296646871727,310.0218586119927,303.0081644576789,305.3330993652344,39646100,0.0,0.0
2022-01-07 00:00:00-05:00,305.5957294780859,307.8817452139908,301.64628513715576,305.4887390136719,32720000,0.0,0.0
2022-01-10 00:00:00-05:00,301.0626833710114,306.1502829422008,296.3933976083123,305.7125244140625,44289500,0.0,0.0
2022-01-11 00:00:00-05:00,304.8466991075708,307.9887275354808,301.4517409536046,306.40313720703125,29386800,0.0,0.0
2022-01-12 00:00:00-05:00,310.9654481070807,314.6035989823471,308.44594728470446,309.6035461425781,34372200,0.0,0.0
2022-01-13 00:00:00-05:00,311.7435931335858,312.1424323832411,295.72207055768473,296.5002746582031,45366000,0.0,0.0
2022-01-14 00:00:00-05:00,295.9653318801247,302.35643918716585,295.47894678254033,301.7533264160156,39846400,0.0,0.0
2022-01-18 00:00:00-05:00,295.79012917896046,301.36408130254927,293.5235588517555,294.4087829589844,42333200,0.0,0.0
2022-01-19 00:00:00-05:00,297.9497639039901,305.3622673575025,294.4575227878917,295.0703430175781,45933900,0.0,0.0
2022-01-20 00:00:00-05:00,300.654013313696,303.16374670375416,292.9399547929001,293.3874206542969,35380700,0.0,0.0
2022-01-21 00:00:00-05:00,294.44783070331806,295.82914784018726,287.5606006771118,287.96917724609375,57984400,0.0,0.0
2022-01-24 00:00:00-05:00,284.2434912637133,289.01976727435147,268.53322729495335,288.2999267578125,85731500,0.0,0.0
2022-01-25 00:00:00-05:00,283.5819220766219,286.9574354302845,277.40485583875466,280.6344299316406,72848600,0.0,0.0
2022-01-26 00:00:00-05:00,299.60346104770645,300.09958331074847,285.05082830215923,288.630615234375,90428900,0.0,0.0
2022-01-27 00:00:00-05:00,294.4185725358936,298.932209910728,289.8173597366347,291.67535400390625,53481300,0.0,0.0
2022-01-28 00:00:00-05:00,292.054717253725,300.0800689146986,286.43210842901533,299.8660583496094,49743700,0.0,0.0
2022-01-31 00:00:00-05:00,300.53739297723274,303.8739879472291,298.02762900448124,302.5121154785156,46444500,0.0,0.0
2022-02-01 00:00:00-05:00,301.9575732884717,302.17158390005085,296.82134829715966,300.3525085449219,40950400,0.0,0.0
2022-02-02 00:00:00-05:00,301.19874289576546,306.53924004083257,300.46916548527736,304.9244384765625,36636000,0.0,0.0
2022-02-03 00:00:00-05:00,301.062676020826,302.7553165599209,291.7921760838247,293.04705810546875,43730000,0.0,0.0
2022-02-04 00:00:00-05:00,292.0353300953145,300.3914224555143,291.8018747496891,297.60931396484375,35096500,0.0,0.0
2022-02-07 00:00:00-05:00,297.8330493495718,299.45755887264727,291.733761520673,292.75518798828125,28533300,0.0,0.0
2022-02-08 00:00:00-05:00,293.04700938052804,297.2396463763231,291.7824200528577,296.2668762207031,32421200,0.0,0.0
2022-02-09 00:00:00-05:00,301.4322400322935,303.436143889823,299.0197893926343,302.7357482910156,31284700,0.0,0.0
2022-02-10 00:00:00-05:00,295.76101154707897,300.7026702927466,292.5119631728677,294.1462097167969,45386200,0.0,0.0
2022-02-11 00:00:00-05:00,294.9342053892207,296.0042585685843,286.20845532798745,287.0061340332031,39175600,0.0,0.0
2022-02-14 00:00:00-05:00,285.7706452442049,288.679247863717,283.4165583613439,286.9671630859375,36359500,0.0,0.0
2022-02-15 00:00:00-05:00,291.84077258338215,292.60923960221265,288.9321697438567,292.2882385253906,27058300,0.0,0.0
2022-02-16 00:00:00-05:00,290.8455137721883,293.2824672069494,286.2737867487392,291.947021484375,29982100,0.62,0.0
2022-02-17 00:00:00-05:00,288.88621849493984,289.31512471612086,282.6866227036371,283.3982238769531,32461600,0.0,0.0
2022-02-18 00:00:00-05:00,285.6596375190909,286.4492079631023,279.0896213190084,280.66876220703125,34264000,0.0,0.0
2022-02-22 00:00:00-05:00,277.8127349051109,284.1878144144707,277.3253441421195,280.4641418457031,41736100,0.0,0.0
2022-02-23 00:00:00-05:00,282.86208392715645,284.34377082174444,273.03629965616943,273.2019958496094,37811200,0.0,0.0
2022-02-24 00:00:00-05:00,265.6376972494891,287.71649070941305,264.67264340429557,287.1608581542969,56989700,0.0,0.0
2022-02-25 00:00:00-05:00,287.69702717357785,290.12422359753356,284.2950194983155,289.8122863769531,32546700,0.0,0.0
2022-02-28 00:00:00-05:00,286.8879725712154,291.59618439508904,285.61101104501586,291.2550048828125,34627500,0.0,0.0
2022-03-01 00:00:00-05:00,288.9251949366631,292.4051716010198,284.7823740737529,287.51177978515625,31217800,0.0,0.0
2022-03-02 00:00:00-05:00,287.9113880900415,293.86731725235705,286.2932773237327,292.6195983886719,31873000,0.0,0.0
2022-03-03 00:00:00-05:00,295.25153300697923,295.48547100816484,286.6344398224137,288.4573059082031,27314500,0.0,0.0
2022-03-04 00:00:00-05:00,286.86838289929244,288.20382845448023,279.92794514669146,282.5500793457031,32356500,0.0,0.0
2022-03-07 00:00:00-05:00,281.25370554415764,282.3844556560814,271.5058905254741,271.8763122558594,43157200,0.0,0.0
2022-03-08 00:00:00-05:00,270.7942998058096,276.79895765959355,263.1910156960027,268.89349365234375,48159500,0.0,0.0
2022-03-09 00:00:00-05:00,276.2920648815301,282.29672236396794,273.6991425767522,281.2244567871094,35204500,0.0,0.0
2022-03-10 00:00:00-05:00,275.8826825228667,279.3724173704505,273.5042129976453,278.38787841796875,30628000,0.0,0.0
2022-03-11 00:00:00-05:00,280.6980284032416,282.20895734014323,272.38314470175277,273.00701904296875,27209300,0.0,0.0
2022-03-14 00:00:00-04:00,273.2702392726219,278.2026312310251,268.8642376481267,269.4685974121094,30660700,0.0,0.0
2022-03-15 00:00:00-04:00,273.2799462556572,280.5615638325432,271.7008052928567,279.908447265625,34245100,0.0,0.0
2022-03-16 00:00:00-04:00,281.8190374929418,287.14136537848043,276.05810557225556,286.9659118652344,37826300,0.0,0.0
2022-03-17 00:00:00-04:00,285.8937030703345,288.1551737681547,282.0725461188908,287.7750244140625,30816600,0.0,0.0
2022-03-18 00:00:00-04:00,287.92118502466127,293.409209212463,285.34777752908354,292.85357666015625,43390600,0.0,0.0
2022-03-21 00:00:00-04:00,291.35242032316927,292.5708970455594,287.46302239668256,291.6156005859375,28351200,0.0,0.0
2022-03-22 00:00:00-04:00,292.2394505433956,297.3083257004259,291.23542689570303,296.39202880859375,27599700,0.0,0.0
2022-03-23 00:00:00-04:00,292.9316131142483,295.583020120207,290.2119642602753,291.93731689453125,25715400,0.0,0.0
2022-03-24 00:00:00-04:00,291.59615286917006,296.5285448908371,290.79682489779265,296.4310607910156,24484500,0.0,0.0
2022-03-25 00:00:00-04:00,297.53256612739574,297.7957464215104,291.74236167311045,296.0216369628906,22566500,0.0,0.0
2022-03-28 00:00:00-04:00,296.65521098671854,302.962047847687,296.65521098671854,302.8645935058594,29578200,0.0,0.0
2022-03-29 00:00:00-04:00,305.99366879267336,307.8555050551628,301.25621516316215,307.4558410644531,30393400,0.0,0.0
2022-03-30 00:00:00-04:00,305.84740040145147,307.9821738994421,303.72235448816923,305.9448547363281,28163600,0.0,0.0
2022-03-31 00:00:00-04:00,305.98387553082625,307.19262469552484,300.1254595450532,300.53485107421875,33422100,0.0,0.0
2022-04-01 00:00:00-04:00,301.5681559167176,302.30899939577387,297.8347557615202,301.6169128417969,27110500,0.0,0.0
2022-04-04 00:00:00-04:00,302.27000828188045,307.1634009699958,301.8995865319646,307.0269470214844,24289600,0.0,0.0
2022-04-05 00:00:00-04:00,305.3697818354029,306.92943814434017,302.05553077139234,303.0400695800781,23156700,0.0,0.0
2022-04-06 00:00:00-04:00,297.4935298817285,299.25788178865815,289.22737312175093,291.947021484375,40110400,0.0,0.0
2022-04-07 00:00:00-04:00,289.178714941532,295.9924288513205,288.876535023368,293.7699279785156,31411200,0.0,0.0
2022-04-08 00:00:00-04:00,292.8633584995333,293.52620278513484,288.80826385848826,289.4808654785156,24361900,0.0,0.0
2022-04-11 00:00:00-04:00,284.43145248395456,285.2307505657463,277.8126789267604,278.0661315917969,34569300,0.0,0.0
2022-04-12 00:00:00-04:00,281.9457616678411,283.4079337629206,273.4164244465442,274.94683837890625,30966700,0.0,0.0
2022-04-13 00:00:00-04:00,275.5999723230315,281.30242005382,274.20601222966815,280.36663818359375,21907200,0.0,0.0
2022-04-14 00:00:00-04:00,280.82480674477745,281.03925987078986,272.2759834561352,272.7731018066406,28221600,0.0,0.0
2022-04-18 00:00:00-04:00,271.87629487230055,275.3367570834857,271.32066231224934,273.4456787109375,20778000,0.0,0.0
2022-04-19 00:00:00-04:00,272.3343838194587,278.9531566768283,271.38884483983446,278.1050720214844,22297700,0.0,0.0
2022-04-20 00:00:00-04:00,282.101771947732,282.39422425874454,278.17340352836885,279.138427734375,22906700,0.0,0.0
2022-04-21 00:00:00-04:00,281.3024038192042,285.9033732252405,272.9972769858195,273.7283630371094,29454600,0.0,0.0
2022-04-22 00:00:00-04:00,274.57642624284045,276.0581130561113,266.48575226772533,267.1193542480469,29405800,0.0,0.0
2022-04-25 00:00:00-04:00,266.39803633315773,274.02080482203013,263.9415679894354,273.6406555175781,35678900,0.0,0.0
2022-04-26 00:00:00-04:00,270.5018646305653,271.34016243652076,263.1910034243338,263.40545654296875,46518400,0.0,0.0
2022-04-27 00:00:00-04:00,274.98591651979507,283.63222521902594,272.12005601490773,276.0776672363281,63477700,0.0,0.0
2022-04-28 00:00:00-04:00,277.9979262014816,283.6419191689695,274.36198065629725,282.3259582519531,33646600,0.0,0.0
2022-04-29 00:00:00-04:00,281.3316860148559,282.5696776095096,269.5270958430355,270.5213623046875,37073900,0.0,0.0
2022-05-02 00:00:00-04:00,270.70657918377503,277.7542605844876,269.2541641761208,277.2961120605469,35151100,0.0,0.0
2022-05-03 00:00:00-04:00,276.79896688296844,276.9646928393328,273.08505147312025,274.6739501953125,25978600,0.0,0.0
2022-05-04 00:00:00-04:00,275.46352508638273,283.54447277162893,269.75131926588415,282.66717529296875,33599300,0.0,0.0
2022-05-05 00:00:00-04:00,278.33911462820026,279.12868525425324,267.42155005496926,270.35565185546875,43260400,0.0,0.0
2022-05-06 00:00:00-04:00,267.8796661979223,272.2076978652137,264.42893181498096,267.80169677734375,37780300,0.0,0.0
2022-05-09 00:00:00-04:00,263.2494978241472,265.4914834457657,256.67947982600253,257.9076843261719,47726000,0.0,0.0
2022-05-10 00:00:00-04:00,264.8383871382154,266.84643464097286,258.38533839168707,262.70361328125,39336400,0.0,0.0
2022-05-11 00:00:00-04:00,258.97992740025,264.5166788733009,252.76081701589987,253.9792938232422,48975900,0.0,0.0
2022-05-12 00:00:00-04:00,251.1914465609955,253.32622042112627,243.71487425735856,248.91046142578125,51033800,0.0,0.0
2022-05-13 00:00:00-04:00,250.86002705080753,256.4065362115502,248.9104640346722,254.53494262695312,34925100,0.0,0.0
2022-05-16 00:00:00-04:00,253.404193134665,259.1164282550163,249.32961356037617,254.90536499023438,32550900,0.0,0.0
2022-05-17 00:00:00-04:00,259.3990398579375,261.5630555538275,255.84109402969457,260.0911560058594,28828800,0.0,0.0
2022-05-18 00:00:00-04:00,256.96462907264123,257.55086612903364,246.9693931124063,248.24932861328125,31356000,0.62,0.0
2022-05-19 00:00:00-04:00,248.0734561306582,251.75696064928601,246.09982214872184,247.33090209960938,32692300,0.0,0.0
2022-05-20 00:00:00-04:00,251.3367857647458,252.60697094594747,240.78463865997372,246.76419067382812,39199300,0.0,0.0
2022-05-23 00:00:00-04:00,249.62700248301093,255.49907920391797,247.6142629878309,254.6685791015625,33175400,0.0,0.0
2022-05-24 00:00:00-04:00,251.97193543806088,255.33296663068452,247.6826631718346,253.66221618652344,29043900,0.0,0.0
2022-05-25 00:00:00-04:00,252.21617401226834,258.5083603731719,251.22934212125796,256.4956359863281,28547900,0.0,0.0
2022-05-26 00:00:00-04:00,256.2513925154789,260.98032015992106,255.43067249294842,259.798095703125,25002100,0.0,0.0
2022-05-27 00:00:00-04:00,262.3188585448169,267.06731562839224,261.41995783588675,266.9696044921875,26910800,0.0,0.0
2022-05-31 00:00:00-04:00,266.27596136768364,268.46454814999765,262.75856845520855,265.631103515625,37827700,0.0,0.0
2022-06-01 00:00:00-04:00,268.8846905955963,271.3175402469702,263.8430992924874,266.1684875488281,25292200,0.0,0.0
2022-06-02 00:00:00-04:00,258.3813599596805,268.34727041092106,255.59675637137263,268.27886962890625,44008200,0.0,0.0
2022-06-03 00:00:00-04:00,264.1068396667638,267.1747962824876,262.2504474211242,263.823486328125,28059000,0.0,0.0
2022-06-06 00:00:00-04:00,265.81671120246483,267.8880562545602,261.0877840528828,262.5826721191406,22400300,0.0,0.0
2022-06-07 00:00:00-04:00,260.52113323788575,266.862190534899,259.83718498016987,266.24664306640625,22860700,0.0,0.0
2022-06-08 00:00:00-04:00,265.4747759645389,266.7351813240234,263.4229609139792,264.2046203613281,17372300,0.0,0.0
2022-06-09 00:00:00-04:00,261.6349682995289,266.45182722597934,258.5572606402289,258.7135925292969,26439700,0.0,0.0
2022-06-10 00:00:00-04:00,254.60017757455358,254.60017757455358,246.73492150280825,247.1843719482422,31422800,0.0,0.0
2022-06-13 00:00:00-04:00,239.4851805295695,243.30545685676884,235.98733310322459,236.70057678222656,46135800,0.0,0.0
2022-06-14 00:00:00-04:00,238.26384714045005,240.10070925355024,235.96776949907485,238.87939453125,28651500,0.0,0.0
2022-06-15 00:00:00-04:00,242.61174847888114,249.4413464461291,240.76512103312788,245.98257446289062,33111700,0.0,0.0
2022-06-16 00:00:00-04:00,240.33520565588944,241.74216268049113,237.44314057965514,239.348388671875,33169200,0.0,0.0
2022-06-17 00:00:00-04:00,239.0846034844519,244.75150764110145,238.42998048259105,241.96690368652344,43084800,0.0,0.0
2022-06-21 00:00:00-04:00,244.51696346314722,248.90393114963194,243.78417465701486,247.9171142578125,29928300,0.0,0.0
2022-06-22 00:00:00-04:00,246.1095868286238,251.26843424817747,244.6244638607428,247.32113647460938,25939900,0.0,0.0
2022-06-23 00:00:00-04:00,249.7051226545584,253.41790737395362,247.8096398760689,252.9196014404297,25861400,0.0,0.0
2022-06-24 00:00:00-04:00,255.80194348120352,261.8303665392892,255.7140123924243,261.5567932128906,33923200,0.0,0.0
2022-06-27 00:00:00-04:00,262.0550996833187,262.14303078226516,257.2382406428297,258.8113098144531,24615100,0.0,0.0
2022-06-28 00:00:00-04:00,257.9221419564602,260.78489654166776,250.43792167575154,250.59425354003906,27295500,0.0,0.0
2022-06-29 00:00:00-04:00,251.6787647282544,255.9582563004503,249.8907581797154,254.28750610351562,20069800,0.0,0.0
2022-06-30 00:00:00-04:00,251.15118613733407,253.57428565271542,247.09642660004045,250.9362335205078,31730900,0.0,0.0
2022-07-01 00:00:00-04:00,250.50633991832885,253.80875014835922,248.7671738970016,253.62310791015625,22837700,0.0,0.0
2022-07-05 00:00:00-04:00,250.2816351962551,256.9451367607204,248.89422319352843,256.818115234375,22941000,0.0,0.0
2022-07-06 00:00:00-04:00,257.6973828261266,261.84007244359304,256.37835708328197,260.1009216308594,23824400,0.0,0.0
2022-07-07 00:00:00-04:00,259.0359936333195,262.8855804850251,258.9382824803674,262.24072265625,20859900,0.0,0.0
2022-07-08 00:00:00-04:00,258.7135359828816,261.94757482439326,257.2479583876133,261.5176696777344,19658800,0.0,0.0
2022-07-11 00:00:00-04:00,259.5537647819491,260.4135750044537,256.16339436476625,258.43994140625,19455200,0.0,0.0
2022-07-12 00:00:00-04:00,259.77854920606694,259.8371699313609,246.25614034660703,247.84873962402344,35868500,0.0,0.0
2022-07-13 00:00:00-04:00,244.44859236387242,247.73148701005059,242.4163228297024,246.9205322265625,29497400,0.0,0.0
2022-07-14 00:00:00-04:00,244.81988208668008,249.28500115876392,240.29612738205486,248.24932861328125,25102800,0.0,0.0
2022-07-15 00:00:00-04:00,249.85166836754718,254.3949529263988,248.9234722103075,250.82872009277344,29774100,0.0,0.0
2022-07-18 00:00:00-04:00,253.789205440495,254.85418832606308,247.48722430252386,248.41542053222656,20975000,0.0,0.0
2022-07-19 00:00:00-04:00,251.66895606639244,253.75986095270025,247.85846051642795,253.57421875,25012600,0.0,0.0
2022-07-20 00:00:00-04:00,253.93573497770862,258.79168319801533,252.9684633205692,256.2513427734375,22788300,0.0,0.0
2022-07-21 00:00:00-04:00,253.82832050457455,258.8112911394695,251.1316477290945,258.7624206542969,22404700,0.0,0.0
2022-07-22 00:00:00-04:00,259.1532104358892,259.2411415200037,253.1248175148645,254.38519287109375,21881300,0.0,0.0
2022-07-25 00:00:00-04:00,255.01052009346162,255.49904599402382,250.91667066137012,252.8903045654297,21056000,0.0,0.0
2022-07-26 00:00:00-04:00,253.89667859982464,253.91623871980474,243.8428365645717,246.11935424804688,39348000,0.0,0.0
2022-07-27 00:00:00-04:00,255.1668665380829,263.85284204135934,252.9098791339182,262.5729064941406,45994000,0.0,0.0
2022-07-28 00:00:00-04:00,263.5597258949392,271.4640714641904,261.72286372035086,270.06689453125,33459300,0.0,0.0
2022-07-29 00:00:00-04:00,271.327330019347,275.528641347026,270.2818773091578,274.29754638671875,32152800,0.0,0.0
2022-08-01 00:00:00-04:00,271.4445457557554,274.8251367286238,269.5099724039233,271.63018798828125,21539600,0.0,0.0
2022-08-02 00:00:00-04:00,269.6662805978078,271.5129227011394,266.1293580650753,268.51336669921875,22754200,0.0,0.0
2022-08-03 00:00:00-04:00,270.4088660501321,276.99418564890556,270.26228442614376,275.9878234863281,23518900,0.0,0.0
2022-08-04 00:00:00-04:00,275.3331648933384,277.2872683484146,273.7405956239433,277.1407165527344,18098700,0.0,0.0
2022-08-05 00:00:00-04:00,272.7440003491173,277.1407333901582,272.2847848165851,276.417724609375,16774600,0.0,0.0
2022-08-08 00:00:00-04:00,277.5315607614773,279.3586727325531,272.91012468234504,273.8871765136719,18739200,0.0,0.0
2022-08-09 00:00:00-04:00,273.2227847117655,276.5838155339825,271.23934089655916,275.82171630859375,23405200,0.0,0.0
2022-08-10 00:00:00-04:00,281.5570506992945,283.15940026226946,280.35526616412074,282.5243225097656,24687800,0.0,0.0
2022-08-11 00:00:00-04:00,284.17553591957807,284.52726027253226,279.9351344778462,280.43341064453125,20065900,0.0,0.0
2022-08-12 00:00:00-04:00,281.85996159203745,285.21124267578125,280.35529321713346,285.21124267578125,22619700,0.0,0.0
2022-08-15 00:00:00-04:00,284.32209329350565,287.42911107438584,283.4525028196031,286.73541259765625,18085700,0.0,0.0
2022-08-16 00:00:00-04:00,285.2893498697751,287.2923239805232,283.75540118161075,285.9928283691406,18102900,0.0,0.0
2022-08-17 00:00:00-04:00,283.6918866931279,287.22654620657715,283.4275334962736,285.2389221191406,18253400,0.62,0.0
2022-08-18 00:00:00-04:00,284.13254783525645,285.8166455815832,283.04570254636616,284.11297607421875,17186200,0.0,0.0
2022-08-19 00:00:00-04:00,282.8694145780961,283.21211455626116,279.5991382584274,280.17681884765625,20570000,0.0,0.0
2022-08-22 00:00:00-04:00,276.191780334642,276.5638529031188,271.4332434991886,271.9521789550781,25061100,0.0,0.0
2022-08-23 00:00:00-04:00,270.66949462890625,273.03896194737587,269.65119559556206,270.66949462890625,17527400,0.0,0.0
2022-08-24 00:00:00-04:00,269.6610085134701,271.4430244316459,269.3672528796194,270.0330810546875,18137000,0.0,0.0
2022-08-25 00:00:00-04:00,271.54088479493174,273.1956094206998,268.7895442970541,273.0291748046875,16583400,0.0,0.0
2022-08-26 00:00:00-04:00,273.2543867966453,274.48809473855994,262.3861154474646,262.4938049316406,27549300,0.0,0.0
2022-08-29 00:00:00-04:00,260.3005650968234,261.8181979316552,258.342313758695,259.6935119628906,20338500,0.0,0.0
2022-08-30 00:00:00-04:00,261.1034593568575,261.47550201720145,255.2189044329555,257.4806823730469,22767100,0.0,0.0
2022-08-31 00:00:00-04:00,259.85014825608414,261.5342155439782,255.87487096875032,256.011962890625,24791800,0.0,0.0
2022-09-01 00:00:00-04:00,253.46626383334169,255.44411686039697,250.07849729586817,254.96432495117188,23263400,0.0,0.0
2022-09-02 00:00:00-04:00,256.23721883460826,259.21373957862966,249.15812895739882,250.71493530273438,22855400,0.0,0.0
2022-09-06 00:00:00-04:00,250.8520254014025,252.44797525069836,246.68094020616354,247.96359252929688,21328200,0.0,0.0
2022-09-07 00:00:00-04:00,249.38332474051592,253.4271039157159,247.93422281842027,252.7025604248047,24126700,0.0,0.0
2022-09-08 00:00:00-04:00,252.13471463130423,254.9937454645158,249.47147610526244,253.1236114501953,20319900,0.0,0.0
2022-09-09 00:00:00-04:00,255.06227583640336,259.6935517170331,254.85666778097755,258.9396057128906,22084700,0.0,0.0
2022-09-12 00:00:00-04:00,260.23205814335745,261.8672114032807,259.62500491841365,261.0838928222656,18747700,0.0,0.0
2022-09-13 00:00:00-04:00,253.43689095320934,254.96432464482666,246.33822967440065,246.72988891601562,33353300,0.0,0.0
2022-09-14 00:00:00-04:00,248.23773036455412,248.92311534672746,244.6443409420498,246.955078125,23913000,0.0,0.0
2022-09-15 00:00:00-04:00,244.55623484084325,246.15219960227225,238.92626196066945,240.25787353515625,31530900,0.0,0.0
2022-09-16 00:00:00-04:00,239.16124972888457,240.17954887293567,237.00717607223177,239.63124084472656,39791800,0.0,0.0
2022-09-19 00:00:00-04:00,237.40859148270187,240.02285510855026,235.8224127511306,239.41580200195312,26826900,0.0,0.0
2022-09-20 00:00:00-04:00,237.01696522076853,238.4268936780499,234.63768200232818,237.38902282714844,26660300,0.0,0.0
2022-09-21 00:00:00-04:00,239.17105337813675,242.4902891041455,233.91313789195507,233.96209716796875,28625600,0.0,0.0
2022-09-22 00:00:00-04:00,232.90462550627097,238.76959382847815,232.61089974845348,235.94970703125,31061200,0.0,0.0
2022-09-23 00:00:00-04:00,234.53976160325183,236.09658280757657,230.29035968717196,232.95358276367188,34176000,0.0,0.0
2022-09-26 00:00:00-04:00,232.10177910919674,236.40992675018475,231.95490127172198,232.49342346191406,27694200,0.0,0.0
2022-09-27 00:00:00-04:00,234.9705839342444,236.75259989953264,229.60497922142935,231.47511291503906,27018700,0.0,0.0
2022-09-28 00:00:00-04:00,231.8667567155219,237.27153481149165,229.83017344834093,236.037841796875,29029700,0.0,0.0
2022-09-29 00:00:00-04:00,233.90335789912527,234.94122883953057,229.5168785708888,232.54237365722656,27484200,0.0,0.0
2022-09-30 00:00:00-04:00,233.31587853761883,235.51891157089977,227.87194152137735,228.03839111328125,35694800,0.0,0.0
2022-10-03 00:00:00-04:00,230.49599493124364,236.56657155468633,229.76165062340124,235.71473693847656,28880400,0.0,0.0
2022-10-04 00:00:00-04:00,239.97393462690772,245.13393168782224,239.86623019314112,243.68482971191406,34888400,0.0,0.0
2022-10-05 00:00:00-04:00,240.85513801638095,245.34932142534083,239.00459102796964,243.9981231689453,20347100,0.0,0.0
2022-10-06 00:00:00-04:00,242.75464577699583,245.11434247606232,240.94327206074857,241.63844299316406,20239900,0.0,0.0
2022-10-07 00:00:00-04:00,235.87139983946656,236.28264582394613,228.30276156963245,229.35043334960938,37769600,0.0,0.0
2022-10-10 00:00:00-04:00,228.1852652907987,229.66373983539455,221.99718320956242,224.46458435058594,29743600,0.0,0.0
2022-10-11 00:00:00-04:00,222.86860200727992,224.27854550032873,219.43187594817857,220.70474243164062,30474000,0.0,0.0
2022-10-12 00:00:00-04:00,220.69492820055035,223.10358401151333,219.28499973345657,221.03762817382812,21903900,0.0,0.0
2022-10-13 00:00:00-04:00,215.260813649644,231.1716079398188,214.55584187664203,229.35043334960938,42551800,0.0,0.0
2022-10-14 00:00:00-04:00,230.62326425216398,232.2877899192671,223.57356209482342,223.78897094726562,30198600,0.0,0.0
2022-10-17 00:00:00-04:00,230.89741980026062,233.97187376822876,230.2316065839964,232.57171630859375,28142300,0.0,0.0
2022-10-18 00:00:00-04:00,238.16254566937874,238.83812986679797,230.45681608847852,233.521484375,26329600,0.0,0.0
2022-10-19 00:00:00-04:00,232.0919481353956,234.60830834251115,229.39935247453639,231.54364013671875,19985700,0.0,0.0
2022-10-20 00:00:00-04:00,230.84846242588492,236.27281204109534,229.96724036243702,231.22052001953125,21811000,0.0,0.0
2022-10-21 00:00:00-04:00,229.83998021019283,237.92755339567935,229.60498465550126,237.06591796875,26299700,0.0,0.0
2022-10-24 00:00:00-04:00,238.67168249474804,242.66651726478315,236.26304156622302,242.08883666992188,24911200,0.0,0.0
2022-10-25 00:00:00-04:00,242.0986216482708,245.7997156975737,240.6984790313292,245.4276580810547,34775500,0.0,0.0
2022-10-26 00:00:00-04:00,226.3444857065967,233.32565671091658,225.25765558472068,226.49136352539062,82543200,0.0,0.0
2022-10-27 00:00:00-04:00,226.21719686136822,228.8118889501119,221.06700101900176,222.01675415039062,40424600,0.0,0.0
2022-10-28 00:00:00-04:00,221.51741001672517,231.6611531534628,221.33137373801566,230.94638061523438,40647700,0.0,0.0
2022-10-31 00:00:00-04:00,228.8804498149715,230.01623936925662,226.32493078796733,227.28448486328125,28357300,0.0,0.0
2022-11-01 00:00:00-04:00,229.7029374465118,230.81914035220967,222.58468811494055,223.4071502685547,30592300,0.0,0.0
2022-11-02 00:00:00-04:00,224.67020238397998,226.47179018805932,215.44682462164948,215.50558471679688,38407000,0.0,0.0
2022-11-03 00:00:00-04:00,215.49576989713026,215.80909728979998,209.51331132332834,209.77767944335938,36633900,0.0,0.0
2022-11-04 00:00:00-04:00,213.008792003022,216.96445312693717,208.9747840925836,216.7686309814453,36789100,0.0,0.0
2022-11-07 00:00:00-05:00,217.35612373452656,223.64210905753552,216.66093790033182,223.11337280273438,33498000,0.0,0.0
2022-11-08 00:00:00-05:00,223.92607969462247,226.81449797422775,221.1257791561612,224.092529296875,28192500,0.0,0.0
2022-11-09 00:00:00-05:00,222.62380163631366,223.85750955796684,219.64726613540492,219.82350158691406,27852900,0.0,0.0
2022-11-10 00:00:00-05:00,230.5155569432471,238.25065895632184,230.0945400625486,237.907958984375,46268000,0.0,0.0
2022-11-11 00:00:00-05:00,237.91777362051934,242.8134024168077,236.87988776587653,241.95176696777344,34620200,0.0,0.0
2022-11-14 00:00:00-05:00,236.93864547897454,238.81856512501489,234.21667709082797,236.50782775878906,31123300,0.0,0.0
2022-11-15 00:00:00-05:00,240.53202842828813,241.8440533099723,235.0195458330885,236.91905212402344,31390100,0.0,0.0
2022-11-16 00:00:00-05:00,238.39186999771098,239.38358350898213,236.06480717183115,237.35107421875,24093300,0.68,0.0
2022-11-17 00:00:00-05:00,233.47264075020115,238.84355351183237,233.3253639763413,237.30198669433594,23123500,0.0,0.0
2022-11-18 00:00:00-05:00,239.09882143559938,239.3246657828085,234.6999806378717,236.85031127929688,27613500,0.0,0.0
2022-11-21 00:00:00-05:00,237.05648905453265,240.23780185752938,236.8208462425614,237.66526794433594,26394700,0.0,0.0
2022-11-22 00:00:00-05:00,239.17737646147847,240.8662199512073,236.34955769689049,240.59129333496094,19665700,0.0,0.0
2022-11-23 00:00:00-05:00,240.66986581127168,243.78243988838923,239.84508589442336,243.09512329101562,19508500,0.0,0.0
2022-11-25 00:00:00-05:00,242.82996678375363,244.19478627730362,242.26047170971742,243.0067138671875,9200800,0.0,0.0
2022-11-28 00:00:00-05:00,241.6222587467849,242.18192539702906,236.43790722800586,237.38050842285156,24778200,0.0,0.0
2022-11-29 00:00:00-05:00,237.02704966267706,238.3918693092864,233.89484887777672,235.9764404296875,17956300,0.0,0.0
2022-11-30 00:00:00-05:00,236.21208578979417,250.7047032506518,235.51494083530574,250.5181427001953,47594200,0.0,0.0
2022-12-01 00:00:00-05:00,249.27117147020317,251.480412997738,246.37461335279977,250.07632446289062,26041500,0.0,0.0
2022-12-02 00:00:00-05:00,245.2945303274655,251.42148344936865,245.16688047663357,250.40032958984375,21528500,0.0,0.0
2022-12-05 00:00:00-05:00,247.4448272057783,249.22205159608075,243.56638455022468,245.66761779785156,23435300,0.0,0.0
2022-12-06 00:00:00-05:00,246.27642932789132,247.2975832452608,239.36394979574598,240.67967224121094,22463700,0.0,0.0
2022-12-07 00:00:00-05:00,240.39492629319693,241.70083524943195,237.82239217411686,239.94325256347656,20481500,0.0,0.0
2022-12-08 00:00:00-05:00,240.40472694227282,244.23408754539898,238.65697278896897,242.91835021972656,22611800,0.0,0.0
2022-12-09 00:00:00-05:00,240.26725425451173,243.81185967062763,239.73704295172024,240.97421264648438,20609700,0.0,0.0
2022-12-12 00:00:00-05:00,242.96745501103524,247.96524636882398,242.69252839292668,247.935791015625,30665100,0.0,0.0
2022-12-13 00:00:00-05:00,256.94949571953015,259.13911012222144,248.48565156116547,252.2659149169922,42196900,0.0,0.0
2022-12-14 00:00:00-05:00,252.47215028378815,257.83323517087837,249.70322678422994,252.56051635742188,35410900,0.0,0.0
2022-12-15 00:00:00-05:00,249.1238764690628,249.5951770987246,242.8594450460343,244.4991912841797,35560400,0.0,0.0
2022-12-16 00:00:00-05:00,244.0475385389959,245.314163694285,239.09882936779724,240.25746154785156,86102000,0.0,0.0
2022-12-19 00:00:00-05:00,240.4243701377892,240.76803589280172,234.3857831687953,236.09425354003906,29696400,0.0,0.0
2022-12-20 00:00:00-05:00,235.06329699213606,238.50972342913573,234.1010537480817,237.41983032226562,25150800,0.0,0.0
2022-12-21 00:00:00-05:00,237.311811174577,241.17061240909877,235.76043092550097,240.00216674804688,23690600,0.0,0.0
2022-12-22 00:00:00-05:00,236.88960853508948,237.60639548988934,229.63347779502695,233.87522888183594,28651700,0.0,0.0
2022-12-23 00:00:00-05:00,231.83290694581507,234.5429046080073,229.70221793529785,234.4054412841797,21207000,0.0,0.0
2022-12-27 00:00:00-05:00,234.37595081143152,234.60178017051703,231.55794560399602,232.66748046875,16688600,0.0,0.0
2022-12-28 00:00:00-05:00,232.5987434032064,235.37747982698158,229.92801493167607,230.281494140625,17457100,0.0,0.0
2022-12-29 00:00:00-05:00,231.38122952010986,237.5376536034291,231.38122952010986,236.64413452148438,19770700,0.0,0.0
2022-12-30 00:00:00-05:00,233.8948571328509,235.6131560642394,232.37293222571697,235.47569274902344,21938500,0.0,0.0
2023-01-03 00:00:00-05:00,238.67661840759735,241.2982496784464,233.09950356417312,235.24002075195312,25740000,0.0,0.0
2023-01-04 00:00:00-05:00,228.07226219993836,228.6515707937887,221.86675636636124,224.9498748779297,50623400,0.0,0.0
2023-01-05 00:00:00-05:00,223.0842848228225,223.42795059014287,217.74282764687024,218.28286743164062,39585600,0.0,0.0
2023-01-06 00:00:00-05:00,218.96037666884743,221.67037414337992,215.376502057129,220.85540771484375,43613600,0.0,0.0
2023-01-09 00:00:00-05:00,222.34787609092098,227.05111407181693,222.30860727948638,223.0057373046875,27369800,0.0,0.0
2023-01-10 00:00:00-05:00,223.63414061358225,227.11983564696362,223.21193722037137,224.70440673828125,27033900,0.0,0.0
2023-01-11 00:00:00-05:00,227.10019792483945,231.67578608133306,226.92346579858452,231.49905395507812,28669300,0.0,0.0
2023-01-12 00:00:00-05:00,230.99828080713587,235.55422702400872,229.32907915113603,234.1894073486328,27269500,0.0,0.0
2023-01-13 00:00:00-05:00,232.70679301554,235.03385615133408,230.6644699962523,234.89639282226562,21333300,0.0,0.0
2023-01-17 00:00:00-05:00,233.65918727061418,236.54593172373328,232.79512362957803,235.99607849121094,29831300,0.0,0.0
2023-01-18 00:00:00-05:00,237.19396675189898,237.98929120508885,231.25355950265987,231.53829956054688,30028700,0.0,0.0
2023-01-19 00:00:00-05:00,229.54511601112426,231.25360161671026,226.5012659624361,227.72862243652344,28623000,0.0,0.0
2023-01-20 00:00:00-05:00,230.60553401218095,236.37902316517145,230.26186823597817,235.86843872070312,35389800,0.0,0.0
2023-01-23 00:00:00-05:00,236.73252881398713,240.72879380573647,235.308783281462,238.1857147216797,31934000,0.0,0.0
2023-01-24 00:00:00-05:00,238.10711498113173,239.5308452494921,236.0844342572351,237.6554412841797,40234400,0.0,0.0
2023-01-25 00:00:00-05:00,230.23241286471827,238.8926465935646,226.71726242697446,236.25137329101562,66526600,0.0,0.0
2023-01-26 00:00:00-05:00,239.23628611084743,243.81187403333118,237.61618177352415,243.5074920654297,33454500,0.0,0.0
2023-01-27 00:00:00-05:00,244.47956294350342,245.30434278619185,242.35868764883875,243.6645965576172,26498900,0.0,0.0
2023-01-30 00:00:00-05:00,240.0807204276458,241.1509865733433,237.81256824363442,238.31333923339844,25867400,0.0,0.0
2023-01-31 00:00:00-05:00,239.03991858279355,243.45840142159702,238.5489760451487,243.32093811035156,26541100,0.0,0.0
2023-02-01 00:00:00-05:00,243.50747876870054,250.55740584151195,241.02331092985187,248.1714324951172,31259900,0.0,0.0
2023-02-02 00:00:00-05:00,254.13149875716766,259.8951592726371,252.5899320193859,259.8067932128906,39940400,0.0,0.0
2023-02-03 00:00:00-05:00,254.8384743854471,259.414062675439,252.44267227712933,253.67002868652344,29077300,0.0,0.0
2023-02-06 00:00:00-05:00,252.77649801588666,253.62090480368727,250.1646801008737,252.11862182617188,22518000,0.0,0.0
2023-02-07 00:00:00-05:00,255.81054419875986,263.90126847590375,255.36868388280342,262.71319580078125,50841400,0.0,0.0
2023-02-08 00:00:00-05:00,268.2509904236017,271.74649858000214,261.38759398871423,261.898193359375,54686000,0.0,0.0
2023-02-09 00:00:00-05:00,268.84012651357125,269.0168886035488,258.039390489122,258.84454345703125,42375100,0.0,0.0
2023-02-10 00:00:00-05:00,256.7924175253064,259.30604106753316,255.938182254322,258.333984375,25818500,0.0,0.0
2023-02-13 00:00:00-05:00,262.79176011403075,269.6256724767286,262.3106160068339,266.40509033203125,44630900,0.0,0.0
2023-02-14 00:00:00-05:00,267.730597042681,269.9889205644407,264.4019924983087,267.2396545410156,37047900,0.0,0.0
2023-02-15 00:00:00-05:00,264.11926290338346,266.4915362093455,262.012751737167,265.1036071777344,28922400,0.68,0.0
2023-02-16 00:00:00-05:00,259.88658706642394,262.5640049267377,257.79978182996587,258.0458679199219,29603600,0.0,0.0
2023-02-17 00:00:00-05:00,255.32913826506194,256.0181614019457,251.99219593879457,254.0199432373047,30000100,0.0,0.0
2023-02-21 00:00:00-05:00,250.4959553706836,251.49015281418258,247.65120069336206,248.71429443359375,28397400,0.0,0.0
2023-02-22 00:00:00-05:00,250.1120590242694,250.35814511839848,246.42076761233298,247.57244873046875,22491100,0.0,0.0
2023-02-23 00:00:00-05:00,251.55904328555934,252.81900287001184,246.55857211355595,250.7814178466797,29219100,0.0,0.0
2023-02-24 00:00:00-05:00,246.04671856075686,247.07043006861863,244.21583748216142,245.31829833984375,24990900,0.0,0.0
2023-02-27 00:00:00-05:00,248.50758636453622,248.8619509386829,245.48564193779885,246.24359130859375,21190000,0.0,0.0
2023-02-28 00:00:00-05:00,245.17065572399935,247.55276726085282,244.83596722815324,245.51516723632812,22491000,0.0,0.0
2023-03-01 00:00:00-05:00,246.8342018468034,247.00153859615037,241.9420088680049,242.4145050048828,27565300,0.0,0.0
2023-03-02 00:00:00-05:00,242.69011807533903,247.46417946735576,241.76483192375827,247.17872619628906,24808200,0.0,0.0
2023-03-03 00:00:00-05:00,248.24181531401277,251.61810937843563,247.4543367942358,251.29327392578125,30760100,0.0,0.0
2023-03-06 00:00:00-05:00,252.41544255316742,256.0476760120962,251.97249055035027,252.8485565185547,24109800,0.0,0.0
2023-03-07 00:00:00-05:00,252.287461805782,253.65571496313456,249.4230309703386,250.17112731933594,21473200,0.0,0.0
2023-03-08 00:00:00-05:00,250.06283815522548,250.55501034221174,246.88341003286706,249.72816467285156,17340200,0.0,0.0
2023-03-09 00:00:00-05:00,251.81497135817295,255.4964095052503,247.6413460307902,248.36976623535156,26653400,0.0,0.0
2023-03-10 00:00:00-05:00,247.1491888076624,248.8324092868265,243.72367456979757,244.6981658935547,28333900,0.0,0.0
2023-03-13 00:00:00-04:00,243.52678799195508,253.87225680008146,241.88293471762614,249.94471740722656,33339700,0.0,0.0
2023-03-14 00:00:00-04:00,252.7304240608025,256.98279906760126,251.85435814781437,256.7071838378906,33620300,0.0,0.0
2023-03-15 00:00:00-04:00,255.9099408023377,262.30818122437796,255.15197617301396,261.2844543457031,46028000,0.0,0.0
2023-03-16 00:00:00-04:00,261.0579509308683,272.23026506647096,259.1581735865581,271.87591552734375,54768800,0.0,0.0
2023-03-17 00:00:00-04:00,273.9036927174477,278.89429618396935,271.9940621060292,275.05535888671875,69527400,0.0,0.0
2023-03-20 00:00:00-04:00,272.64365226984904,273.1358243426621,265.62527370516693,267.968017578125,43466600,0.0,0.0
2023-03-21 00:00:00-04:00,270.57658976474096,270.6947062847507,265.30048823245505,269.4938049316406,34558700,0.0,0.0
2023-03-22 00:00:00-04:00,269.1197685728432,276.64017464446556,267.91886713354575,268.02716064453125,34873300,0.0,0.0
2023-03-23 00:00:00-04:00,273.58872562295534,276.6598758012789,270.89163117862455,273.3131103515625,36610900,0.0,0.0
2023-03-24 00:00:00-04:00,272.8996671709077,276.23660953799197,270.9703603082994,276.17755126953125,28172000,0.0,0.0
2023-03-27 00:00:00-04:00,276.1086255385682,277.05358782445194,271.20657923339166,272.0531311035156,26840200,0.0,0.0
2023-03-28 00:00:00-04:00,271.4723730848255,271.8168996614657,267.79090429530686,270.921142578125,21878600,0.0,0.0
2023-03-29 00:00:00-04:00,274.592656630297,276.7385498713233,274.0512793223978,276.118408203125,25087000,0.0,0.0
2023-03-30 00:00:00-04:00,279.7802016370314,280.00658160899906,277.07325471108254,279.6029968261719,25053400,0.0,0.0
2023-03-31 00:00:00-04:00,279.28803758659916,284.7412837418121,278.56945538558534,283.7864685058594,32766000,0.0,0.0
2023-04-03 00:00:00-04:00,282.0343397141944,283.7569423716875,279.5045974988717,282.7332458496094,24883300,0.0,0.0
2023-04-04 00:00:00-04:00,282.7332562405726,285.90284644844036,281.1976813612138,282.68402099609375,25824300,0.0,0.0
2023-04-05 00:00:00-04:00,281.37482777678053,282.65446336729383,278.4907061502915,279.8884582519531,22064800,0.0,0.0
2023-04-06 00:00:00-04:00,278.7761866204537,287.50731719041386,277.61466736506213,287.03485107421875,29770300,0.0,0.0
2023-04-10 00:00:00-04:00,284.68226171417155,285.0661704846128,280.2527115064888,284.8594665527344,23103000,0.0,0.0
2023-04-11 00:00:00-04:00,281.2764599974557,281.50287006217974,277.2308182465234,278.40216064453125,27276600,0.0,0.0
2023-04-12 00:00:00-04:00,280.331454092245,282.51669989305793,277.5457425781535,279.0517883300781,27403400,0.0,0.0
2023-04-13 00:00:00-04:00,279.1501860013685,285.3613958990932,278.7367782331064,285.3023376464844,24222700,0.0,0.0
2023-04-14 00:00:00-04:00,282.5068611754226,283.96370179651217,279.24868340268176,281.66033935546875,20987900,0.0,0.0
2023-04-17 00:00:00-04:00,285.390939367987,287.03480758768944,281.6799721234841,284.27862548828125,23836200,0.0,0.0
2023-04-18 00:00:00-04:00,287.00538372178283,287.1924116129721,282.51677441287234,283.85546875,20161800,0.0,0.0
2023-04-19 00:00:00-04:00,281.51263430866226,284.52472565141113,280.08535300849246,283.93414306640625,17150300,0.0,0.0
2023-04-20 00:00:00-04:00,280.78424603946644,284.50506674858116,280.6168942704113,281.6307678222656,23244400,0.0,0.0
2023-04-21 00:00:00-04:00,280.54799661030216,281.78825008105144,278.6285130858529,281.2862548828125,21676400,0.0,0.0
2023-04-24 00:00:00-04:00,277.67370102270286,280.48894155472334,274.35646528671094,277.35870361328125,26611000,0.0,0.0
2023-04-25 00:00:00-04:00,275.1340884128389,277.19136442128627,271.05888853978684,271.1081237792969,45772200,0.0,0.0
2023-04-26 00:00:00-04:00,292.05501404925786,294.88007785035614,288.1471653314123,290.7458190917969,64599200,0.0,0.0
2023-04-27 00:00:00-04:00,291.336431237466,300.42194142413604,290.62770202416357,300.0577087402344,46462600,0.0,0.0
2023-04-28 00:00:00-04:00,299.2505571443168,304.0935148750173,298.5615040334557,302.4496765136719,36446700,0.0,0.0
2023-05-01 00:00:00-04:00,302.1642355165898,303.76872187468587,300.37272129835924,300.77630615234375,21294100,0.0,0.0
2023-05-02 00:00:00-04:00,302.9418469765617,304.33959922450805,299.1521149683054,300.6286315917969,26404400,0.0,0.0
2023-05-03 00:00:00-04:00,301.81967570546,303.77851145251077,299.32928557023496,299.6344299316406,22360800,0.0,0.0
2023-05-04 00:00:00-04:00,301.44562423928016,302.9418469765617,298.65008970357985,300.6286315917969,22519900,0.0,0.0
2023-05-05 00:00:00-04:00,300.93374972200786,307.08590178354325,299.50643842780966,305.78656005859375,28181200,0.0,0.0
2023-05-08 00:00:00-04:00,305.2747115147881,305.3436228273613,301.2979520150605,303.81787109375,21318600,0.0,0.0
2023-05-09 00:00:00-04:00,303.1781312029214,305.1862025609974,301.51458645644766,302.19378662109375,21340800,0.0,0.0
2023-05-10 00:00:00-04:00,303.7883902256099,308.09982387729104,302.8532809885263,307.4206237792969,30078000,0.0,0.0
2023-05-11 00:00:00-04:00,305.2452123832041,306.24923288297435,301.46533339371814,305.2550354003906,31680200,0.0,0.0
2023-05-12 00:00:00-04:00,305.68812438304315,305.78656482552327,301.79998224342324,304.13287353515625,19758100,0.0,0.0
2023-05-15 00:00:00-04:00,304.26085429922443,305.04831778842316,302.77448467056973,304.6152038574219,16336500,0.0,0.0
2023-05-16 00:00:00-04:00,304.97942609367624,308.7986873456042,304.97942609367624,306.8595275878906,26730300,0.0,0.0
2023-05-17 00:00:00-04:00,308.07292647953415,310.1840128280389,306.54383920821226,309.75982666015625,24315000,0.68,0.0
2023-05-18 00:00:00-04:00,310.28263990581155,314.73174727715974,309.48358041459244,314.21875,27276000,0.0,0.0
2023-05-19 00:00:00-04:00,312.46282914333904,314.4456963446299,312.09783032838016,314.0412292480469,27529500,0.0,0.0
2023-05-22 00:00:00-04:00,314.29768758586613,318.2337976929915,313.7156584548846,316.84283447265625,24115700,0.0,0.0
2023-05-23 00:00:00-04:00,315.70835276424714,318.36202974124154,310.9929025046368,311.0027770996094,30797200,0.0,0.0
2023-05-24 00:00:00-04:00,310.4799378174826,312.2260251295259,308.38854073338916,309.61181640625,23384900,0.0,0.0
2023-05-25 00:00:00-04:00,318.8749968584438,322.485576277812,315.67875905674543,321.5188293457031,43301700,0.0,0.0
2023-05-26 00:00:00-04:00,319.64446830879535,328.89780691493297,319.50637450410005,328.39471435546875,36630600,0.0,0.0
2023-05-30 00:00:00-04:00,330.70313021071354,331.20622279832344,326.05671145740513,326.7373962402344,29503100,0.0,0.0
2023-05-31 00:00:00-04:00,327.80283457515725,331.403539726326,322.9097916897827,323.95550537109375,45950600,0.0,0.0
2023-06-01 00:00:00-04:00,321.5287039010863,329.02608115085206,320.33505191131786,328.0888977050781,26773900,0.0,0.0
2023-06-02 00:00:00-04:00,329.73638489709236,332.94249783924806,328.0593291620814,330.870849609375,25864000,0.0,0.0
2023-06-05 00:00:00-04:00,330.6932859235735,333.9881799034305,330.1408504123087,331.403564453125,21307100,0.0,0.0
2023-06-06 00:00:00-04:00,330.8017851103892,330.8412533912164,327.68448335101743,329.174072265625,20396200,0.0,0.0
2023-06-07 00:00:00-04:00,327.17149729188003,329.9731432176181,318.1450620184974,319.01318359375,40717100,0.0,0.0
2023-06-08 00:00:00-04:00,319.5655851097024,322.2291369225087,318.98355595766924,320.8677673339844,23277700,0.0,0.0
2023-06-09 00:00:00-04:00,320.6013944671028,325.5338755296102,320.0292399102611,322.3771057128906,22514900,0.0,0.0
2023-06-12 00:00:00-04:00,324.1429125289751,327.6153984673946,320.76911233845874,327.3687744140625,24260300,0.0,0.0
2023-06-13 00:00:00-04:00,329.95341049295934,332.42952577838406,325.9285189350578,329.7758483886719,22951300,0.0,0.0
2023-06-14 00:00:00-04:00,329.82517898213644,334.46172377002256,328.31584080318265,332.78466796875,26003800,0.0,0.0
2023-06-15 00:00:00-04:00,332.9227084235041,345.1157855402514,332.6464907249022,343.3992919921875,38899100,0.0,0.0
2023-06-16 00:00:00-04:00,346.57583523072196,346.7238036323781,337.332371106431,337.70721435546875,46533600,0.0,0.0
2023-06-20 00:00:00-04:00,334.72804129963237,337.46062508330874,331.3246171835482,333.48504638671875,26375400,0.0,0.0
2023-06-21 00:00:00-04:00,331.82774670017375,333.1693972869812,327.5858247663164,329.0556945800781,25117800,0.0,0.0
2023-06-22 00:00:00-04:00,329.6081394338645,335.52711724274883,328.8386735229286,335.1226501464844,23556800,0.0,0.0
2023-06-23 00:00:00-04:00,329.8448196096955,333.3962115699487,328.9471346567787,330.49591064453125,23084700,0.0,0.0
2023-06-26 00:00:00-04:00,329.21348344649005,331.5711934975028,324.0540979467465,324.1626281738281,21520600,0.0,0.0
2023-06-27 00:00:00-04:00,327.3786061607091,331.61068318067953,324.85317836133345,330.0520324707031,24354100,0.0,0.0
2023-06-28 00:00:00-04:00,330.14082540190753,333.4160000459161,329.30229760192987,331.31475830078125,20259500,0.0,0.0
2023-06-29 00:00:00-04:00,330.19010762744165,331.57119617322525,328.1283343509732,330.5255126953125,16997000,0.0,0.0
2023-06-30 00:00:00-04:00,333.18910383853483,338.1018659336961,332.64654295071426,335.9414367675781,26823800,0.0,0.0
2023-07-03 00:00:00-04:00,334.60964977189394,336.2965498508415,332.0250345348407,333.42584228515625,12508700,0.0,0.0
2023-07-05 00:00:00-04:00,330.5650335205982,337.0364466828848,330.2099093118582,333.5837097167969,18172400,0.0,0.0
2023-07-06 00:00:00-04:00,332.74513862980643,338.3583041195477,330.969457605854,336.6615295410156,28161200,0.0,0.0
2023-07-07 00:00:00-04:00,334.7379385766014,337.1745856915764,332.44925988855226,332.6662902832031,21185300,0.0,0.0
2023-07-10 00:00:00-04:00,330.0816433554904,330.7031407949626,323.1662951750732,327.3490295410156,32791400,0.0,0.0
2023-07-11 00:00:00-04:00,326.58941400885703,328.3650950420955,322.5842420360522,327.9803771972656,26698200,0.0,0.0
2023-07-12 00:00:00-04:00,332.0546721061305,337.03646655154864,331.13723774065795,332.6465759277344,29995300,0.0,0.0
2023-07-13 00:00:00-04:00,334.9746620206647,339.09820909301106,334.4419456196633,338.0328063964844,20567200,0.0,0.0
2023-07-14 00:00:00-04:00,342.8962447343513,346.68438690739697,339.6605380799491,340.5779724121094,28302200,0.0,0.0
2023-07-17 00:00:00-04:00,341.0119974589969,342.30430506599646,337.5790099679338,341.06134033203125,20363900,0.0,0.0
2023-07-18 00:00:00-04:00,341.15998612794135,361.827094682559,337.5494363326708,354.6355285644531,64872700,0.0,0.0
2023-07-19 00:00:00-04:00,356.86503882465547,357.5654427726351,347.6807606209098,350.28509521484375,39732900,0.0,0.0
2023-07-20 00:00:00-04:00,348.7954181942564,353.13599482515014,340.70613848245443,342.1858825683594,33778400,0.0,0.0
2023-07-21 00:00:00-04:00,344.43513130446024,345.56959587744933,335.2409797862232,339.1277770996094,69368900,0.0,0.0
2023-07-24 00:00:00-04:00,341.1797347293557,342.2352929441679,337.6875295682125,340.44970703125,26678100,0.0,0.0
2023-07-25 00:00:00-04:00,342.42268240569985,347.13816315499605,340.4102518285033,346.2404479980469,41637700,0.0,0.0
2023-07-26 00:00:00-04:00,336.8293171664982,340.01571122456374,328.61178568719,333.2088623046875,58383700,0.0,0.0
2023-07-27 00:00:00-04:00,335.8822723979397,336.72077017189247,324.6065967639276,326.2540588378906,39635300,0.0,0.0
2023-07-28 00:00:00-04:00,329.16423615072927,335.418619127257,328.67098799700807,333.8007507324219,28484900,0.0,0.0
2023-07-31 00:00:00-04:00,332.3703157885018,333.1397816268532,328.85836158947654,331.3838195800781,25446000,0.0,0.0
2023-08-01 00:00:00-04:00,330.66372244536,333.9684913237122,329.1938524799162,331.7981872558594,18311900,0.0,0.0
2023-08-02 00:00:00-04:00,329.1247724313431,329.1247724313431,321.9529249093119,323.0775451660156,27761300,0.0,0.0
2023-08-03 00:00:00-04:00,321.597779707483,325.42539000063243,321.5484669368351,322.2488708496094,18253700,0.0,0.0
2023-08-04 00:00:00-04:00,327.3983388650913,330.61432586715995,322.820982393301,323.35369873046875,23727700,0.0,0.0
2023-08-07 00:00:00-04:00,323.9356976976011,326.6386871955914,323.0971700480475,325.6521911621094,17741500,0.0,0.0
2023-08-08 00:00:00-04:00,322.54484054190954,324.3106774509486,318.63832339667346,321.6471252441406,22327600,0.0,0.0
2023-08-09 00:00:00-04:00,322.06139611026583,322.6927379851772,316.7145737837254,317.878662109375,22373300,0.0,0.0
2023-08-10 00:00:00-04:00,321.6175143529931,323.8272865467836,316.842875851902,318.5692443847656,20113700,0.0,0.0
2023-08-11 00:00:00-04:00,315.93526826453797,318.05622897689796,314.8994292384039,316.6751403808594,24342600,0.0,0.0
2023-08-14 00:00:00-04:00,317.0500366268224,319.6839646920239,315.7576988733088,319.66424560546875,18836100,0.0,0.0
2023-08-15 00:00:00-04:00,318.63829206231935,320.7000656335948,316.5666438946888,317.513671875,16966300,0.0,0.0
2023-08-16 00:00:00-04:00,317.1380426957456,320.716745588524,316.1494577370067,316.74261474609375,20698900,0.68,0.0
2023-08-17 00:00:00-04:00,316.8810112071374,318.19581584517493,312.6004217100495,313.2627868652344,21257200,0.0,0.0
2023-08-18 00:00:00-04:00,310.90000542142724,314.74561454363595,307.99356387048624,312.8673095703125,24744800,0.0,0.0
2023-08-21 00:00:00-04:00,314.30079649101214,319.08554388527233,313.42097159988043,318.2057189941406,24040000,0.0,0.0
2023-08-22 00:00:00-04:00,321.7843590357293,322.357724957099,317.7904679139887,318.779052734375,16102000,0.0,0.0
2023-08-23 00:00:00-04:00,320.1235498834675,325.44214114565574,319.76764365334907,323.2672424316406,21166400,0.0,0.0
2023-08-24 00:00:00-04:00,329.0504512030628,329.1789720519846,316.30757886325165,316.3174743652344,23281400,0.0,0.0
2023-08-25 00:00:00-04:00,317.8003790491066,321.64595850158366,315.16084417438077,319.29315185546875,21684100,0.0,0.0
2023-08-28 00:00:00-04:00,321.9425618021561,322.4269587484768,318.0475348868792,320.00494384765625,14808500,0.0,0.0
2023-08-29 00:00:00-04:00,318.2056753742059,325.22463338047504,318.2056753742059,324.6611328125,19284600,0.0,0.0
2023-08-30 00:00:00-04:00,324.91820935696705,326.0451804445671,322.72354969246516,325.0368347167969,15222100,0.0,0.0
2023-08-31 00:00:00-04:00,325.44218047674366,327.1326523087655,323.0497916021966,324.01861572265625,26411000,0.0,0.0
2023-09-01 00:00:00-04:00,327.52806921372286,328.20029972236824,323.0497807085255,324.9083251953125,14931200,0.0,0.0
2023-09-05 00:00:00-04:00,325.24444329366247,331.0276711915423,324.9083280364007,329.74249267578125,18553900,0.0,0.0
2023-09-06 00:00:00-04:00,329.5744010359564,330.64205933119945,326.41091765065016,329.0801086425781,17535800,0.0,0.0
2023-09-07 00:00:00-04:00,327.50826429163334,329.2778093480337,325.27405300686524,326.1440124511719,18381000,0.0,0.0
2023-09-08 00:00:00-04:00,326.32200676390556,332.3227247289634,325.69919341024064,330.45428466796875,19530100,0.0,0.0
2023-09-11 00:00:00-04:00,333.39034548000865,334.5568985327326,331.60100931332755,334.0823669433594,16583300,0.0,0.0
2023-09-12 00:00:00-04:00,331.9865748697913,332.94550339059816,327.69612019842117,327.9827880859375,17565500,0.0,0.0
2023-09-13 00:00:00-04:00,327.52803797035625,333.0048063818992,327.38965178199726,332.22381591796875,16544400,0.0,0.0
2023-09-14 00:00:00-04:00,335.27855480966366,336.9690265009899,332.7280191029121,334.8337097167969,20267000,0.0,0.0
2023-09-15 00:00:00-04:00,333.074062392952,333.5485638717136,325.88703033061086,326.4505310058594,37666900,0.0,0.0
2023-09-18 00:00:00-04:00,324.0580844389393,326.62841094537885,322.6345199175024,325.3037109375,16834200,0.0,0.0
2023-09-19 00:00:00-04:00,322.446705559853,325.6299497048408,320.8056512322667,324.89837646484375,16505900,0.0,0.0
2023-09-20 00:00:00-04:00,325.7486204721018,325.827693989748,316.8513563606588,317.1083679199219,21436500,0.0,0.0
2023-09-21 00:00:00-04:00,315.6156002828941,321.6360782353787,311.40421928226147,315.88250732421875,35529500,0.0,0.0
2023-09-22 00:00:00-04:00,317.6520947233704,317.78061558235316,312.54109771841047,313.39129638671875,21447900,0.0,0.0
2023-09-25 00:00:00-04:00,312.9760849775433,314.04377354761226,311.404238631424,313.9152526855469,17836000,0.0,0.0
2023-09-26 00:00:00-04:00,311.5327326754824,312.27417127506453,306.48104866233854,308.5768737792969,26297600,0.0,0.0
2023-09-27 00:00:00-04:00,308.7350248311766,310.7121944558891,306.1548329521496,309.2194519042969,19410100,0.0,0.0
2023-09-28 00:00:00-04:00,307.4400098031896,311.87877653956156,305.9176107720618,310.0597839355469,19683600,0.0,0.0
2023-09-29 00:00:00-04:00,314.12283006246753,315.82319717862225,311.38446094140835,312.1456604003906,24140300,0.0,0.0
2023-10-02 00:00:00-04:00,312.66960950158256,318.21558609786393,311.58216015238867,318.1265869140625,20570000,0.0,0.0
2023-10-03 00:00:00-04:00,317.1676656330005,317.7213009072656,307.657484158639,309.8126220703125,21033500,0.0,0.0
2023-10-04 00:00:00-04:00,310.4453144529802,316.38671934680445,310.4156581127954,315.31903076171875,20720100,0.0,0.0
2023-10-05 00:00:00-04:00,315.4475094779053,316.327364401189,311.3053368933147,315.71441650390625,16965600,0.0,0.0
2023-10-06 00:00:00-04:00,312.93649686639475,325.4322228400408,312.6893506739022,323.5242614746094,25645500,0.0,0.0
2023-10-09 00:00:00-04:00,321.0429214154338,326.5295551178962,319.49083600200555,326.0550537109375,19891200,0.0,0.0
2023-10-10 00:00:00-04:00,327.18208954564545,327.32050592957563,323.9296665539326,324.6414489746094,20557100,0.0,0.0
2023-10-11 00:00:00-04:00,327.4291569039612,329.0207940895387,325.38280933566625,328.6253662109375,20063200,0.0,0.0
2023-10-12 00:00:00-04:00,326.7964993042076,329.82156651499986,324.9676113079431,327.3797607421875,19313100,0.0,0.0
2023-10-13 00:00:00-04:00,328.5858665652145,330.019296623983,322.6345659293272,323.98895263671875,21072400,0.0,0.0
2023-10-16 00:00:00-04:00,327.2710189684246,332.3029426566613,326.82617386510276,328.8428955078125,22158000,0.0,0.0
2023-10-17 00:00:00-04:00,325.8276948133406,329.65351356385685,323.67258696373347,328.2695007324219,18338500,0.0,0.0
2023-10-18 00:00:00-04:00,328.6945419118804,331.75916074567095,324.55236929454276,326.3417053222656,23153600,0.0,0.0
2023-10-19 00:00:00-04:00,328.35847607866697,333.0344936244933,327.13264042852785,327.5379638671875,25052100,0.0,0.0
2023-10-20 00:00:00-04:00,327.93341266679295,328.1311417316229,321.73499566730453,322.9410705566406,25012600,0.0,0.0
2023-10-23 00:00:00-04:00,321.7547029032871,328.93183835802176,320.6870445710428,325.5607604980469,24374700,0.0,0.0
2023-10-24 00:00:00-04:00,327.5181575017648,328.0520017824309,323.86041156041205,326.7569580078125,31153600,0.0,0.0
2023-10-25 00:00:00-04:00,341.08153951297123,342.24809258313576,333.7660175404183,336.7812194824219,55053800,0.0,0.0
2023-10-26 00:00:00-04:00,336.6526551102611,337.73020885432555,323.20789664024323,324.1470642089844,37828500,0.0,0.0
2023-10-27 00:00:00-04:00,326.6580837937659,332.8762909295408,324.65125776087774,326.045166015625,29856500,0.0,0.0
2023-10-30 00:00:00-04:00,329.60405903742685,335.5751196269722,328.0420781717034,333.45953369140625,22828100,0.0,0.0
2023-10-31 00:00:00-04:00,334.9819700053902,335.1302516935357,330.86945356194263,334.2503967285156,20265300,0.0,0.0
2023-11-01 00:00:00-04:00,335.9112561909914,343.45416345864317,335.7728398301243,342.11956787109375,28158800,0.0,0.0
2023-11-02 00:00:00-04:00,343.2762139918915,344.8480603761851,340.83440806099617,344.3439025878906,24348100,0.0,0.0
2023-11-03 00:00:00-04:00,345.6389081595281,350.3445814577073,343.3651450199177,348.772705078125,23624000,0.0,0.0
2023-11-06 00:00:00-05:00,349.41534633116447,353.45865496757824,349.3164818069367,352.4601745605469,23828300,0.0,0.0
2023-11-07 00:00:00-05:00,355.2973536323188,358.3224205581765,353.5475694831932,356.4144592285156,25833900,0.0,0.0
2023-11-08 00:00:00-05:00,357.55137827923454,359.7163816170377,356.4342725186346,359.0540466308594,26767800,0.0,0.0
2023-11-09 00:00:00-05:00,358.1643000917095,360.6258970276353,356.2464429567003,356.57269287109375,24847300,0.0,0.0
2023-11-10 00:00:00-05:00,357.36351801413326,365.8752490282028,356.9483292832311,365.4501647949219,28042100,0.0,0.0
2023-11-13 00:00:00-05:00,364.0167223614231,364.2638685791425,361.7231982203745,362.4942932128906,19986500,0.0,0.0
2023-11-14 00:00:00-05:00,366.77487775321134,367.70414993309754,363.15665355329156,366.0433044433594,27683900,0.0,0.0
2023-11-15 00:00:00-05:00,367.78673199342217,369.6193319212851,363.65595302337914,366.19189453125,26860100,0.75,0.0
2023-11-16 00:00:00-05:00,367.4697650343208,372.8090670130161,366.6971049772861,372.6307678222656,27182300,0.0,0.0
2023-11-17 00:00:00-05:00,370.0948424049753,370.84770155077825,363.5470476915022,366.3702392578125,40157000,0.0,0.0
2023-11-20 00:00:00-05:00,367.7273146646205,375.3053322916461,367.5093833628424,373.8887939453125,52465100,0.0,0.0
2023-11-21 00:00:00-05:00,372.13548017935176,372.6802933507884,367.62827122388927,369.5599365234375,28423100,0.0,0.0
2023-11-22 00:00:00-05:00,374.44353505087355,376.2167020543969,371.4420444315091,374.2949523925781,23345300,0.0,0.0
2023-11-24 00:00:00-05:00,373.7798105540461,374.4138035112927,371.61044336899096,373.8788757324219,10176600,0.0,0.0
2023-11-27 00:00:00-05:00,373.2349912204299,377.05868938301023,372.6604615641083,375.0477600097656,22179200,0.0,0.0
2023-11-28 00:00:00-05:00,374.7902561506727,379.3965000397917,374.6020413692927,379.0993347167969,20453100,0.0,0.0
2023-11-29 00:00:00-05:00,380.1493603159181,380.68425789892774,373.88881549531266,375.2855529785156,28963400,0.0,0.0
2023-11-30 00:00:00-05:00,374.92890903622725,376.5138612366037,371.9373340529728,375.344970703125,30554400,0.0,0.0
2023-12-01 00:00:00-05:00,373.2151890748226,374.60201085324076,367.8164543800959,370.9863586425781,33020400,0.0,0.0
2023-12-04 00:00:00-05:00,365.6272685167618,366.0432999492324,359.4855901354516,365.6669006347656,32063300,0.0,0.0
2023-12-05 00:00:00-05:00,363.002209215325,369.5698044164444,362.1800014727598,369.01507568359375,23065000,0.0,0.0
2023-12-06 00:00:00-05:00,370.02553259484574,370.659495392555,364.56736412162047,365.3301086425781,21182100,0.0,0.0
2023-12-07 00:00:00-05:00,364.76549002661096,367.95519561310016,362.8734567838674,367.45989990234375,23118900,0.0,0.0
2023-12-08 00:00:00-05:00,365.7263114622475,370.93680102116286,364.765436714598,370.708984375,20144800,0.0,0.0
2023-12-11 00:00:00-05:00,365.0131044942587,368.10374460980563,362.6554922898368,367.8065490722656,27708800,0.0,0.0
2023-12-12 00:00:00-05:00,367.3607883950642,370.8972065792804,366.9744432787704,370.8575744628906,24838300,0.0,0.0
2023-12-13 00:00:00-05:00,372.48215648382853,374.086939898613,367.28155178547297,370.8476867675781,30955500,0.0,0.0
2023-12-14 00:00:00-05:00,369.79766017755225,370.24343838413614,360.70403869901645,362.4870910644531,43277500,0.0,0.0
2023-12-15 00:00:00-05:00,363.39844407099264,368.8962139906386,362.8337997442001,367.241943359375,78478200,0.0,0.0
2023-12-18 00:00:00-05:00,365.9739856872879,369.4905728812435,365.2112110016812,369.14385986328125,21802900,0.0,0.0
2023-12-19 00:00:00-05:00,367.9947723838569,369.7481384277344,366.3603026960237,369.7481384277344,20603700,0.0,0.0
2023-12-20 00:00:00-05:00,371.47172920429006,372.49203701128664,367.04378498295705,367.1329345703125,26316700,0.0,0.0
2023-12-21 00:00:00-05:00,369.0547222595686,370.88732235937965,366.5584428639484,370.0255126953125,17708000,0.0,0.0
2023-12-22 00:00:00-05:00,370.16416841117154,371.6500554361655,369.20329359245756,371.0556945800781,17091100,0.0,0.0
2023-12-26 00:00:00-05:00,371.47174615266005,373.393495737859,369.98585916804944,371.13494873046875,12673100,0.0,0.0
2023-12-27 00:00:00-05:00,370.17407704899347,371.53118233613856,369.3023518404904,370.5505065917969,14905400,0.0,0.0
2023-12-28 00:00:00-05:00,371.83826458273074,372.9180055102288,370.6396575319042,371.7491149902344,14327000,0.0,0.0
2023-12-29 00:00:00-05:00,372.4623210093037,373.6114105209222,369.9660418684788,372.501953125,18723000,0.0,0.0
2024-01-02 00:00:00-05:00,370.3424737462839,372.3632885983454,363.319184585885,367.380615234375,25258600,0.0,0.0
2024-01-03 00:00:00-05:00,365.5381225658885,369.7481357898977,365.04282689247566,367.1131591796875,23083500,0.0,0.0
2024-01-04 00:00:00-05:00,367.18247442785434,369.58960392636413,363.7154050293527,364.4781494140625,20901500,0.0,0.0
2024-01-05 00:00:00-05:00,365.4984700948147,368.5593935584056,363.0517083951845,364.2899475097656,20987000,0.0,0.0
2024-01-08 00:00:00-05:00,365.8253710003868,371.66988411040546,365.53812127674354,371.1646728515625,23134000,0.0,0.0
2024-01-09 00:00:00-05:00,368.50986917545833,372.4524030948654,367.69757707621847,372.2543029785156,20830000,0.0,0.0
2024-01-10 00:00:00-05:00,372.828831535822,380.5554615818058,372.77931406448965,379.1686096191406,25514200,0.0,0.0
2024-01-11 00:00:00-05:00,382.3682747948277,387.00423522356067,376.8011560453087,381.01116943359375,27850800,0.0,0.0
2024-01-12 00:00:00-05:00,381.8630294927209,385.0230181492978,381.03093643070736,384.81500244140625,21645700,0.0,0.0
2024-01-16 00:00:00-05:00,389.9562027545636,390.32271672497956,383.9730224089054,386.59808349609375,27202300,0.0,0.0
2024-01-17 00:00:00-05:00,384.32963163268903,386.4395657529972,381.1894438434919,385.80560302734375,22234100,0.0,0.0
2024-01-18 00:00:00-05:00,388.0344497047316,390.2830812145117,386.4494974787357,390.1642150878906,23392100,0.0,0.0
2024-01-19 00:00:00-05:00,392.0364126276258,394.9190368652344,389.79766667261197,394.9190368652344,29272000,0.0,0.0
2024-01-22 00:00:00-05:00,396.2563743199646,396.8507352261163,389.8868786582818,392.7794189453125,27016900,0.0,0.0
2024-01-23 00:00:00-05:00,392.02652441578425,395.6223758316309,390.22364091426874,395.1468811035156,20525900,0.0,0.0
2024-01-24 00:00:00-05:00,397.7620686193911,401.81358370975624,396.68232764982235,398.7724609375,24867000,0.0,0.0
2024-01-25 00:00:00-05:00,400.5159168098495,403.18061005906736,398.74274976275865,401.06072998046875,21021200,0.0,0.0
2024-01-26 00:00:00-05:00,400.5654097210854,402.34849224643625,398.6436601299057,400.1295471191406,17803300,0.0,0.0
2024-01-29 00:00:00-05:00,402.2394836390935,406.12261467024774,400.5257498805,405.86505126953125,24510200,0.0,0.0
2024-01-30 00:00:00-05:00,408.3812111979871,409.16375662074074,402.6258777098208,404.7457275390625,33477600,0.0,0.0
2024-01-31 00:00:00-05:00,403.1310461052013,411.41240548584386,393.47278047208044,393.83929443359375,47871100,0.0,0.0
2024-02-01 00:00:00-05:00,398.0493222591689,404.161284395668,398.01960572688716,399.9809875488281,30657700,0.0,0.0
2024-02-02 00:00:00-05:00,400.0106970175581,408.7675210638453,399.7630491761005,407.3509826660156,28245000,0.0,0.0
2024-02-05 00:00:00-05:00,406.0433872498531,407.29154202131053,400.18898875911304,401.8333740234375,25352300,0.0,0.0
2024-02-06 00:00:00-05:00,402.0611803021498,404.1315123814108,399.11912308836935,401.6748352050781,18382600,0.0,0.0
2024-02-07 00:00:00-05:00,403.60656325348486,410.4020057606588,403.5669311328783,410.15435791015625,22340500,0.0,0.0
2024-02-08 00:00:00-05:00,410.15431205814707,411.6501145817078,408.6486241783777,410.2137451171875,21225300,0.0,0.0
2024-02-09 00:00:00-05:00,411.34304822902254,416.8606491715924,411.18454998916735,416.5931701660156,22032800,0.0,0.0
2024-02-12 00:00:00-05:00,416.6030882773996,416.78138746189904,410.847755055397,411.35296630859375,21202900,0.0,0.0
2024-02-13 00:00:00-05:00,401.1300494611104,406.21178774325523,399.59464501524405,402.4970703125,27824900,0.0,0.0
2024-02-14 00:00:00-05:00,404.9781660710295,406.7347443342126,401.5046846687993,406.38739013671875,20401200,0.75,0.0
2024-02-15 00:00:00-05:00,405.0476293953427,406.03011869599004,401.22679392364836,403.4795837402344,21825500,0.0,0.0
2024-02-16 00:00:00-05:00,404.86897976610464,405.19649639829663,400.3832375883185,400.99853515625,22281100,0.0,0.0
2024-02-20 00:00:00-05:00,400.1847314590158,401.4252604899609,394.9943773768075,399.7381591796875,24307900,0.0,0.0
2024-02-21 00:00:00-05:00,397.1379710817067,399.2419032387698,394.21031077919827,399.1327209472656,18631100,0.0,0.0
2024-02-22 00:00:00-05:00,407.08207646174907,409.70205797134184,405.4743557171247,408.531005859375,27009900,0.0,0.0
2024-02-23 00:00:00-05:00,412.5205590554713,412.7090915973696,405.87131159465224,407.2309265136719,16295900,0.0,0.0
2024-02-26 00:00:00-05:00,408.34246112673543,409.0371695148512,404.27351975281573,404.4521789550781,16193500,0.0,0.0
2024-02-27 00:00:00-05:00,404.89872387010075,405.2262404801438,400.7901076502163,404.3926086425781,14835800,0.0,0.0
2024-02-28 00:00:00-05:00,405.0872739909664,406.1987830728558,402.24895832016676,404.6307678222656,13183100,0.0,0.0
2024-02-29 00:00:00-05:00,405.5438348800808,411.06170550216336,402.84444253870316,410.5059509277344,31947300,0.0,0.0
2024-03-01 00:00:00-05:00,408.153876143975,412.71902889421233,407.76684684717014,412.3518371582031,17800300,0.0,0.0
2024-03-04 00:00:00-05:00,410.307447886493,414.18782621068357,409.19593875466035,411.7762451171875,17596000,0.0,0.0
2024-03-05 00:00:00-05:00,410.8234857245891,411.1112969231929,397.6044321579871,399.59918212890625,26919200,0.0,0.0
2024-03-06 00:00:00-05:00,399.916733159736,402.09014214632543,395.3714487406788,399.04339599609375,22344100,0.0,0.0
2024-03-07 00:00:00-05:00,403.04293193355477,406.6752047214003,399.1923248157397,406.0400695800781,18718500,0.0,0.0
2024-03-08 00:00:00-05:00,404.8689575439801,407.3103404061873,401.2664565057241,403.14215087890625,17971700,0.0,0.0
2024-03-11 00:00:00-04:00,400.70079606171487,402.6062316222378,398.21973809181884,401.45501708984375,16120800,0.0,0.0
2024-03-12 00:00:00-04:00,404.5315189350478,412.4212950799544,403.70782104780903,412.13348388671875,22457000,0.0,0.0
2024-03-13 00:00:00-04:00,414.9321647542621,415.0115452878592,408.3325562328795,411.95489501953125,17115900,0.0,0.0
2024-03-14 00:00:00-04:00,417.05592096351893,424.5785058716351,414.8229687362819,421.9981994628906,34157300,0.0,0.0
2024-03-15 00:00:00-04:00,416.1131423873529,419.39806083838096,409.6623914264508,413.264892578125,45049800,0.0,0.0
2024-03-18 00:00:00-04:00,411.111304092611,417.54221722990445,410.6448639845401,414.1580505371094,20106000,0.0,0.0
2024-03-19 00:00:00-04:00,414.6641794557911,418.4751112612702,412.40145573236146,418.2170715332031,19837900,0.0,0.0
2024-03-20 00:00:00-04:00,418.8025799169323,422.7325672103819,417.472736496582,422.00811767578125,17860100,0.0,0.0
2024-03-21 00:00:00-04:00,426.57326646256405,427.55578606152034,423.9235133811952,426.11676025390625,21296200,0.0,0.0
2024-03-22 00:00:00-04:00,426.44426419825527,426.6030252593982,422.8417631107263,425.49151611328125,17636500,0.0,0.0
2024-03-25 00:00:00-04:00,422.0180389961963,424.1716107025241,418.41553787360243,419.65606689453125,18060500,0.0,0.0
2024-03-26 00:00:00-04:00,422.3851872487767,422.76231287812396,418.15748537548563,418.4552001953125,16725600,0.0,0.0
2024-03-27 00:00:00-04:00,421.2240807902947,421.2340147133464,415.83523039825434,418.23687744140625,16705000,0.0,0.0
2024-03-28 00:00:00-04:00,417.7704594727013,418.6735682140503,415.94440442920035,417.53228759765625,21871200,0.0,0.0
2024-04-01 00:00:00-04:00,420.73785184065474,424.6480018954086,419.02094870327977,421.3531494140625,16316000,0.0,0.0
2024-04-02 00:00:00-04:00,416.9269168072685,419.17973696688534,414.6741269340057,418.2468566894531,17912000,0.0,0.0
2024-04-03 00:00:00-04:00,416.54979735190346,420.0530500088036,415.91463197146663,417.26434326171875,16502300,0.0,0.0
2024-04-04 00:00:00-04:00,421.76992047315406,425.4220608182633,414.4061573873391,414.71380615234375,19370900,0.0,0.0
2024-04-05 00:00:00-04:00,416.8276974614869,423.2784485638512,415.1504997519638,422.2959289550781,16544300,0.0,0.0
2024-04-08 00:00:00-04:00,421.9485777283347,424.0425761054586,420.09272093696904,421.3729553222656,14272400,0.0,0.0
2024-04-09 00:00:00-04:00,423.2089317196758,424.49906970382636,418.42544485426635,423.0501403808594,12512300,0.0,0.0
2024-04-10 00:00:00-04:00,418.9911394928746,420.8171944866389,416.5200154975315,420.05303955078125,16216600,0.0,0.0
2024-04-11 00:00:00-04:00,422.5936541739285,426.1167444183971,419.15984809671994,424.6876525878906,17966400,0.0,0.0
2024-04-12 00:00:00-04:00,420.8370731015467,421.9585162359949,416.58950274190113,418.703369140625,19232100,0.0,0.0
2024-04-15 00:00:00-04:00,423.36774724307367,423.5860815606245,410.2975202475589,410.5059509277344,20273500,0.0,0.0
2024-04-16 00:00:00-04:00,411.4289086182102,415.2298762897989,410.59527673352017,411.4388122558594,16765600,0.0,0.0
2024-04-17 00:00:00-04:00,414.0885872118868,415.70624190109544,407.22100522560083,408.7195739746094,15855500,0.0,0.0
2024-04-18 00:00:00-04:00,407.5187363707615,408.76919927263555,400.88935677884103,401.2069091796875,21029900,0.0,0.0
2024-04-19 00:00:00-04:00,400.9687488676842,402.4077746386735,394.7561698730406,396.095947265625,30276500,0.0,0.0
2024-04-22 00:00:00-04:00,397.04865981007964,399.7976914523607,392.7514806878664,397.9219970703125,20286900,0.0,0.0
2024-04-23 00:00:00-04:00,401.1771473553241,405.10716505974153,400.0060952402287,404.48193359375,15734500,0.0,0.0
2024-04-24 00:00:00-04:00,406.45684392489727,409.3447990752087,403.6979086365787,405.96063232421875,15065300,0.0,0.0
2024-04-25 00:00:00-04:00,391.0444908759172,396.8601062584313,385.0899520019121,396.01654052734375,40586500,0.0,0.0
2024-04-26 00:00:00-04:00,409.04710666417816,409.87080464048637,402.6856699602139,403.2414245605469,29694700,0.0,0.0
2024-04-29 00:00:00-04:00,402.1795096483343,403.24140976178137,396.1654273618807,399.2022399902344,19582100,0.0,0.0
2024-04-30 00:00:00-04:00,398.4479657229549,399.11290256766176,386.221335381575,386.3800964355469,28781400,0.0,0.0
2024-05-01 00:00:00-04:00,389.635268755834,398.6762601059751,387.35270744745037,391.9476318359375,23562500,0.0,0.0
2024-05-02 00:00:00-04:00,394.6469936602289,396.8997833087663,391.6597902856064,394.82562255859375,17709400,0.0,0.0
2024-05-03 00:00:00-04:00,399.23197820235123,404.0650740320478,398.8151471589616,403.57879638671875,17446700,0.0,0.0
2024-05-06 00:00:00-04:00,405.66292597330005,410.7937370714025,403.29101993493754,410.4067077636719,16996600,0.0,0.0
2024-05-07 00:00:00-04:00,411.5182242956741,411.52815821970637,405.99041958064737,406.238525390625,20018200,0.0,0.0
2024-05-08 00:00:00-04:00,405.07737479693975,409.1066104061556,403.6284151762591,407.4294128417969,11792300,0.0,0.0
2024-05-09 00:00:00-04:00,407.45918232898305,409.5928860565961,406.0003190785622,409.1959228515625,14689700,0.0,0.0
2024-05-10 00:00:00-04:00,409.8112151541409,412.23273004632824,408.6798382335046,411.5975646972656,13402300,0.0,0.0
2024-05-13 00:00:00-04:00,414.84283115281045,415.18025140614657,407.7073059282806,410.5853271484375,15440200,0.0,0.0
2024-05-14 00:00:00-04:00,408.8981987547859,414.3267549073316,408.43175863614476,413.40380859375,15109300,0.0,0.0
2024-05-15 00:00:00-04:00,415.48169669269,421.3575004372611,414.85533751236306,420.6317138671875,22239500,0.75,0.0
2024-05-16 00:00:00-04:00,419.35914332573157,422.9582208339026,417.91755229509,418.5538330078125,17530100,0.0,0.0
2024-05-17 00:00:00-04:00,420.09485405964773,420.4726599302369,415.6109428181483,417.7783203125,15352200,0.0,0.0
2024-05-20 00:00:00-04:00,417.778343258253,424.30037978174784,417.55961512858175,422.878662109375,16272100,0.0,0.0
2024-05-21 00:00:00-04:00,424.36004826198655,430.46453247000767,422.3915253519068,426.5572814941406,21453300,0.0,0.0
2024-05-22 00:00:00-04:00,427.60118209872775,429.9077641693655,424.6583193119375,428.0286865234375,18073700,0.0,0.0
2024-05-23 00:00:00-04:00,430.4645069803894,431.09086617504613,422.95820916796526,424.529052734375,17211700,0.0,0.0
2024-05-24 00:00:00-04:00,424.71796179341015,428.565562226306,421.95405016489985,427.6707763671875,11845800,0.0,0.0
2024-05-28 00:00:00-04:00,427.1438244451224,428.32694058725485,424.1313596453095,427.829833984375,15718000,0.0,0.0
2024-05-29 00:00:00-04:00,423.22665032702537,428.44627000677747,423.22665032702537,426.6865234375,15517100,0.0,0.0
2024-05-30 00:00:00-04:00,421.84466424386284,421.84466424386284,411.84288150879064,412.2704162597656,28424800,0.0,0.0
2024-05-31 00:00:00-04:00,414.3383733012913,414.3383733012913,402.1692127903504,412.7277526855469,47995300,0.0,0.0
2024-06-03 00:00:00-04:00,413.1254229827006,414.02020882309534,406.553688084388,411.1270446777344,17484700,0.0,0.0
2024-06-04 00:00:00-04:00,410.04337212748766,414.03017705380546,407.30928563189894,413.6623229980469,14348900,0.0,0.0
2024-06-05 00:00:00-04:00,415.39223173706347,421.6259378345122,413.89096003424896,421.5563659667969,16988000,0.0,0.0
2024-06-06 00:00:00-04:00,421.5563568996983,422.848821948627,418.14618249774657,422.0633850097656,14861300,0.0,0.0
2024-06-07 00:00:00-04:00,423.73371564550735,423.81323935854607,420.55222098628695,421.3973083496094,13621700,0.0,0.0
2024-06-10 00:00:00-04:00,422.24237348386436,425.6027887352665,421.4370631899479,425.3940124511719,14003000,0.0,0.0
2024-06-11 00:00:00-04:00,423.01786084549974,430.3153823959729,422.78918087724,430.1761779785156,14551100,0.0,0.0
2024-06-12 00:00:00-04:00,432.8009161252906,440.8341457768561,430.7428874309175,438.5076904296875,22366200,0.0,0.0
2024-06-13 00:00:00-04:00,438.2989324414096,440.8242426789463,436.8274858579273,439.0246887207031,15960600,0.0,0.0
2024-06-14 00:00:00-04:00,435.74378876375306,440.5756810111054,434.19281849694386,440.00897216796875,13582000,0.0,0.0
2024-06-17 00:00:00-04:00,440.0288392462003,448.3305259626429,438.16966532085047,445.775390625,20790000,0.0,0.0
2024-06-18 00:00:00-04:00,447.10763493198164,447.53516969127554,442.3155500964385,443.75714111328125,17112500,0.0,0.0
2024-06-20 00:00:00-04:00,443.7173532757514,443.946033241849,438.7164619327626,443.120849609375,19877400,0.0,0.0
2024-06-21 00:00:00-04:00,444.79114029939626,447.97260457820744,443.9261796037789,447.17724609375,34486200,0.0,0.0
2024-06-24 00:00:00-04:00,447.1971472141421,450.1300886970985,443.82677977625036,445.0794982910156,15913700,0.0,0.0
2024-06-25 00:00:00-04:00,445.65606632861267,448.80773551860256,444.1647465305247,448.3404541015625,16747500,0.0,0.0
2024-06-26 00:00:00-04:00,446.4017395883299,450.9751265075422,445.59642930053803,449.54345703125,16507000,0.0,0.0
2024-06-27 00:00:00-04:00,449.56332546408174,453.53025683427376,449.15569440393773,450.2294616699219,14806300,0.0,0.0
2024-06-28 00:00:00-04:00,450.4482280145607,452.74485831487965,443.82676378238773,444.3636474609375,28362300,0.0,0.0
2024-07-01 00:00:00-04:00,446.0637277902953,454.72331684606445,443.0810879907853,454.0870361328125,17662800,0.0,0.0
2024-07-02 00:00:00-04:00,450.57745029839504,456.9304570935814,450.48794440717063,456.62225341796875,13979800,0.0,0.0
2024-07-03 00:00:00-04:00,455.5385808076234,458.3521910129211,455.23037712106725,458.1036376953125,9932800,0.0,0.0
2024-07-05 00:00:00-04:00,456.95033221316646,465.6397765538939,456.3140515175161,464.8543395996094,16000300,0.0,0.0
2024-07-08 00:00:00-04:00,463.8501958785038,464.99356542878803,461.77229375422786,463.5419921875,12962300,0.0,0.0
2024-07-09 00:00:00-04:00,464.29759021110544,464.6256672353131,455.3496709136752,456.8807678222656,17207200,0.0,0.0
2024-07-10 00:00:00-04:00,458.55104934272356,463.7607172108967,456.20469022907776,463.55194091796875,18196100,0.0,0.0
2024-07-11 00:00:00-04:00,460.30084022096906,462.0904118522062,448.9369602373819,452.0687561035156,23111200,0.0,0.0
2024-07-12 00:00:00-04:00,451.70090017355875,453.71915189160546,448.0422026334216,450.9254150390625,16324300,0.0,0.0
2024-07-15 00:00:00-04:00,450.6768844175797,454.61399099803907,448.8177103695207,451.33306884765625,14429400,0.0,0.0
2024-07-16 00:00:00-04:00,451.5915769633523,451.671100679191,444.0753266658107,446.91876220703125,17175700,0.0,0.0
2024-07-17 00:00:00-04:00,440.0288496296795,442.2757813397234,436.63857872187197,440.9534606933594,21778000,0.0,0.0
2024-07-18 00:00:00-04:00,441.7687136228689,442.07691730431753,431.886231451246,437.8216857910156,20794800,0.0,0.0
2024-07-19 00:00:00-04:00,430.59376141790096,438.58724438350157,429.5001207828966,434.5805358886719,20940400,0.0,0.0
2024-07-22 00:00:00-04:00,439.23349185507885,442.0272287343498,436.37015276462773,440.3768310546875,15808800,0.0,0.0
2024-07-23 00:00:00-04:00,441.33127259326983,445.7953108894537,440.53591409904936,442.2757873535156,13107100,0.0,0.0
2024-07-24 00:00:00-04:00,437.90124163761953,438.9252800797557,425.11564336198785,426.4180603027344,26805800,0.0,0.0
2024-07-25 00:00:00-04:00,426.31863260886945,427.3128458662045,415.0939867790631,415.97882080078125,29943800,0.0,0.0
2024-07-26 00:00:00-04:00,415.7799870015666,426.4379540941027,414.8553456338981,422.8090515136719,23583800,0.0,0.0
2024-07-29 00:00:00-04:00,429.0825299821325,429.6492388018038,422.2423684855505,424.2606201171875,15125800,0.0,0.0
2024-07-30 00:00:00-04:00,425.2448982961915,426.5671885866718,414.9448331085773,420.4726867675781,32687600,0.0,0.0
2024-07-31 00:00:00-04:00,418.0666907004293,419.33928250485553,409.8246539863894,415.92913818359375,42891400,0.0,0.0
2024-08-01 00:00:00-04:00,418.3550170132677,424.9864026383823,410.69956257647107,414.6962890625,30296400,0.0,0.0
2024-08-02 00:00:00-04:00,410.1030126570464,412.59849761680636,402.0001807599968,406.12615966796875,29437900,0.0,0.0
2024-08-05 00:00:00-04:00,386.9179667314658,398.71927263220283,383.34871462184185,392.86334228515625,40709200,0.0,0.0
2024-08-06 00:00:00-04:00,397.6853041219084,403.3225066578681,396.1939842314513,397.29754638671875,24946500,0.0,0.0
2024-08-07 00:00:00-04:00,406.27532907710327,407.70696828580475,395.1699533956427,396.1243896484375,20650900,0.0,0.0
2024-08-08 00:00:00-04:00,400.11118789524573,403.51138026295973,397.62565473832814,400.3597412109375,20203000,0.0,0.0
2024-08-09 00:00:00-04:00,401.6919660750819,405.68869229684987,399.93221959838144,403.6704406738281,19276700,0.0,0.0
2024-08-12 00:00:00-04:00,404.7044554196647,406.39463013243375,401.9007666876047,404.4559020996094,16762900,0.0,0.0
2024-08-13 00:00:00-04:00,407.21979148714996,412.5487901543895,407.19991814538804,411.6142272949219,19414300,0.0,0.0
2024-08-14 00:00:00-04:00,412.3996465083127,415.30276256625774,410.0632696291805,414.4477233886719,18267000,0.0,0.0
2024-08-15 00:00:00-04:00,418.1229861127925,419.42775054091777,415.991550712489,419.34808349609375,20752100,0.75,0.0
2024-08-16 00:00:00-04:00,418.919805326896,419.6568394696199,415.6329698343419,416.7983093261719,22775600,0.0,0.0
2024-08-19 00:00:00-04:00,417.2863590170559,420.06522222853687,414.7963458443911,419.8460998535156,15234000,0.0,0.0
2024-08-20 00:00:00-04:00,420.015435317403,424.15879050030776,419.9556774327427,423.10302734375,16387600,0.0,0.0
2024-08-21 00:00:00-04:00,422.38589043229285,424.69662989295495,420.03533264675815,422.4456787109375,16067300,0.0,0.0
2024-08-22 00:00:00-04:00,422.66478826233237,425.0851042062188,412.953736731063,413.8899841308594,19361900,0.0,0.0
2024-08-23 00:00:00-04:00,415.3142739439322,417.58516466451346,410.44379375355777,415.1250305175781,18493800,0.0,0.0
2024-08-26 00:00:00-04:00,414.70669574720716,415.6130641605339,409.6967906199474,411.83819580078125,13152800,0.0,0.0
2024-08-27 00:00:00-04:00,411.21070203411466,412.70470986954564,408.6111429903849,412.1867980957031,13492900,0.0,0.0
2024-08-28 00:00:00-04:00,413.22267925405737,413.3421950254565,405.68291191971673,408.95977783203125,14882700,0.0,0.0
2024-08-29 00:00:00-04:00,413.2824329478728,420.3640158924635,408.95977368399144,411.4696960449219,17045200,0.0,0.0
2024-08-30 00:00:00-04:00,413.93977626013776,415.822210323597,410.48363692465733,415.4736328125,24308300,0.0,0.0
2024-09-03 00:00:00-04:00,416.2405478075573,418.20267931936957,405.4040060811421,407.80438232421875,20313600,0.0,0.0
2024-09-04 00:00:00-04:00,404.2884945573242,409.5971891641853,402.7546379619835,407.26654052734375,15135800,0.0,0.0
2024-09-05 00:00:00-04:00,405.9916319874654,411.44975138862225,404.50759397621573,406.7585754394531,14195500,0.0,0.0
2024-09-06 00:00:00-04:00,407.4258901774711,409.0095348193582,399.19887738785627,400.0953063964844,19609500,0.0,0.0
2024-09-09 00:00:00-04:00,405.6131601713445,407.01753119323797,400.5434971977151,404.0992431640625,15295100,0.0,0.0
2024-09-10 00:00:00-04:00,406.56934824108026,414.66684525245614,406.0713456246143,412.5453796386719,19594300,0.0,0.0
2024-09-11 00:00:00-04:00,413.84017908445105,422.29625388353406,407.9438146629927,421.3500671386719,19266900,0.0,0.0
2024-09-12 00:00:00-04:00,421.6189886086143,425.6627675750461,418.07321227741465,425.29425048828125,17418800,0.0,0.0
2024-09-13 00:00:00-04:00,424.12890877471926,430.10494036688726,423.76039168984255,428.8699035644531,15874600,0.0,0.0
2024-09-16 00:00:00-04:00,428.87987866290234,431.79816683164466,426.50938123863534,429.6169128417969,13834700,0.0,0.0
2024-09-17 00:00:00-04:00,438.47140586333086,440.08492951868885,430.5431821213062,433.41168212890625,18874200,0.0,0.0
2024-09-18 00:00:00-04:00,433.2622842089649,434.28816840172493,428.6906237541022,429.0890197753906,18898000,0.0,0.0
2024-09-19 00:00:00-04:00,439.46742297057807,439.73633345516527,435.1547030637013,436.93756103515625,21706600,0.0,0.0
2024-09-20 00:00:00-04:00,435.47341133704515,437.4853309751932,432.4853956233,433.53118896484375,55167100,0.0,0.0
2024-09-23 00:00:00-04:00,432.5451724016005,434.7164566201473,428.6707276626035,431.77825927734375,15128900,0.0,0.0
2024-09-24 00:00:00-04:00,431.27028375011014,431.6188916752313,424.39785343692114,427.4555969238281,17015800,0.0,0.0
2024-09-25 00:00:00-04:00,428.11292879639643,431.38979462226376,426.8579828341436,430.3838195800781,13396400,0.0,0.0
2024-09-26 00:00:00-04:00,433.3519348863203,433.56108748494046,427.41575191106693,429.5870361328125,14492000,0.0,0.0
2024-09-27 00:00:00-04:00,429.7961684722898,430.1248672217253,425.762359424982,426.3101501464844,14896100,0.0,0.0
2024-09-30 00:00:00-04:00,426.49940732473704,428.7006008520287,423.67075601092984,428.5810546875,16807300,0.0,0.0
2024-10-01 00:00:00-04:00,426.73847108913304,426.7683500314763,417.1369656739266,419.00946044921875,19092900,0.0,0.0
2024-10-02 00:00:00-04:00,420.89186366215563,421.13092557899313,415.0453180067373,415.4636535644531,16582300,0.0,0.0
2024-10-03 00:00:00-04:00,415.9616796785687,417.8739927473743,412.63502577299244,414.87603759765625,13686400,0.0,0.0
2024-10-04 00:00:00-04:00,416.5692334072243,418.07321108796054,413.3123071245128,414.39794921875,19169700,0.0,0.0
2024-10-07 00:00:00-04:00,414.3381769946468,415.4437282135342,407.3661403625253,407.90399169921875,20919800,0.0,0.0
2024-10-08 00:00:00-04:00,409.25856700863125,413.99956190900485,406.5394920239681,413.0533447265625,19229300,0.0,0.0
2024-10-09 00:00:00-04:00,414.19871346026423,418.70067647812056,412.6449477589923,415.7923278808594,14974300,0.0,0.0
2024-10-10 00:00:00-04:00,413.57128437543724,415.68281071093077,411.49957636636015,414.1788330078125,13848400,0.0,0.0
2024-10-11 00:00:00-04:00,414.47761722865823,415.4636526469778,411.59914761969196,414.6568908691406,14144900,0.0,0.0
2024-10-14 00:00:00-04:00,416.10111495840073,422.3460875183581,415.8521136383557,417.4656677246094,16653100,0.0,0.0
2024-10-15 00:00:00-04:00,420.4934907291295,420.7923105426525,413.60115139482065,417.0672302246094,18900200,0.0,0.0
2024-10-16 00:00:00-04:00,413.51151588006746,414.6967341717602,408.84024879356656,414.45770263671875,15508900,0.0,0.0
2024-10-17 00:00:00-04:00,420.6727515049861,420.81220682616237,413.9298070859751,415.0552978515625,14820000,0.0,0.0
2024-10-18 00:00:00-04:00,415.47364856596283,417.97360109842316,414.5971590742364,416.48956298828125,17145300,0.0,0.0
2024-10-21 00:00:00-04:00,414.457708513249,417.2863598354636,412.09718088424023,417.1070861816406,14206100,0.0,0.0
2024-10-22 00:00:00-04:00,416.8182287379404,428.85992860317606,416.3700446113444,425.8022155761719,25482200,0.0,0.0
2024-10-23 00:00:00-04:00,429.13881136450993,429.3579337373482,420.8421009299413,422.9038391113281,19654400,0.0,0.0
2024-10-24 00:00:00-04:00,423.6309040350223,424.27833177082186,420.71261591698874,423.0333251953125,13581600,0.0,0.0
2024-10-25 00:00:00-04:00,425.0552047565001,430.79217425375066,424.8659613297776,426.43963623046875,16899100,0.0,0.0
2024-10-28 00:00:00-04:00,429.9356180313113,430.21449827781026,424.5970142324742,424.8858642578125,14882400,0.0,0.0
2024-10-29 00:00:00-04:00,426.29025434116863,431.43961494644003,424.09903059516625,430.2244873046875,17644100,0.0,0.0
2024-10-30 00:00:00-04:00,435.69254402246366,436.7483071680008,430.3738795735308,430.8021545410156,29749100,0.0,0.0
2024-10-31 00:00:00-04:00,413.70073237613923,414.4975548257246,404.67692710480617,404.72674560546875,53971000,0.0,0.0
2024-11-01 00:00:00-04:00,407.37612978056814,413.8401943287888,405.8721520793777,408.7306823730469,24230400,0.0,0.0
2024-11-04 00:00:00-05:00,408.1629515330161,408.78050033889826,403.9498686523884,406.82830810546875,19672300,0.0,0.0
2024-11-05 00:00:00-05:00,406.73866209939297,413.24257521436044,406.4498120639611,409.8163146972656,17626000,0.0,0.0
2024-11-06 00:00:00-05:00,410.77248502778195,418.77040570560524,408.8800507986786,418.50146484375,26681800,0.0,0.0
2024-11-07 00:00:00-05:00,419.5970836269586,425.14484007349097,418.2026823789465,423.7304992675781,19901800,0.0,0.0
2024-11-08 00:00:00-05:00,423.6209440547306,424.7962229099081,420.095077093531,420.85205078125,16891400,0.0,0.0
2024-11-11 00:00:00-05:00,420.83211176857736,423.11297221775334,414.3381687204943,416.34014892578125,24503300,0.0,0.0
2024-11-12 00:00:00-05:00,416.57918414479684,422.744458901271,415.533390819855,421.340087890625,19401200,0.0,0.0
2024-11-13 00:00:00-05:00,419.9556581526565,427.6149103778975,416.5393371261829,423.5014343261719,21502200,0.0,0.0
2024-11-14 00:00:00-05:00,423.30222788535474,426.4595778768523,418.3222016749388,425.1846923828125,30246900,0.0,0.0
2024-11-15 00:00:00-05:00,418.14294637599176,421.1110226744225,411.98764100476023,413.3421936035156,28247600,0.0,0.0
2024-11-18 00:00:00-05:00,413.21269235073834,416.72858966014985,410.45376875637714,414.0991516113281,24742000,0.0,0.0
2024-11-19 00:00:00-05:00,411.4597051471197,416.27042741990954,409.9059394231008,416.12103271484375,18133500,0.0,0.0
2024-11-20 00:00:00-05:00,415.2046922657536,415.62302783332285,408.93981090505724,413.8302001953125,19191700,0.0,0.0
2024-11-21 00:00:00-05:00,418.6605301722443,418.9399686403921,409.4689690149979,412.0437927246094,20780200,0.83,0.0
2024-11-22 00:00:00-05:00,410.5467888521348,416.56472079906104,410.2374116400306,416.16552734375,24814600,0.0,0.0
2024-11-25 00:00:00-05:00,417.54278213072394,420.23736087052777,414.0198472532827,417.95196533203125,27691100,0.0,0.0
2024-11-26 00:00:00-05:00,418.75036014607525,428.18146205416855,418.01185069672323,427.133544921875,23458900,0.0,0.0
2024-11-27 00:00:00-05:00,424.2593075311874,426.37509083138485,421.17549451394376,422.1435546875,18332400,0.0,0.0
2024-11-29 00:00:00-05:00,419.24935840992123,424.0297817162198,416.9639323784013,422.61260986328125,16271900,0.0,0.0
2024-12-02 00:00:00-05:00,420.72641076442574,432.13353107658475,420.4669212999132,430.1175842285156,20207200,0.0,0.0
2024-12-03 00:00:00-05:00,428.9798333762607,431.60457529422956,426.88402964452257,430.3371276855469,18302000,0.0,0.0
2024-12-04 00:00:00-05:00,432.1634480898198,438.79017518476684,431.7642546343851,436.544677734375,26009400,0.0,0.0
2024-12-05 00:00:00-05:00,437.0436765362191,443.770179142923,435.2971785217715,441.7342529296875,21697800,0.0,0.0
2024-12-06 00:00:00-05:00,441.4148949698492,445.2073090094776,440.88595677867977,442.682373046875,18821000,0.0,0.0
2024-12-09 00:00:00-05:00,441.7143023543043,447.4328163406456,439.6184986530788,445.12744140625,19144400,0.0,0.0
2024-12-10 00:00:00-05:00,443.500747434082,448.7202622082635,440.71632196493806,442.4428405761719,18469500,0.0,0.0
2024-12-11 00:00:00-05:00,443.1614051498909,449.4488165759074,443.1614051498909,448.0915222167969,19200200,0.0,0.0
2024-12-12 00:00:00-05:00,448.2112581986308,455.24716851093444,448.2112581986308,448.6603698730469,20834800,0.0,0.0
2024-12-13 00:00:00-05:00,447.5426110314286,450.5266178755225,444.6883184556146,446.37493896484375,20177800,0.0,0.0
2024-12-16 00:00:00-05:00,446.37494735046533,451.27512549789225,444.38893932865295,450.6863098144531,23598800,0.0,0.0
2024-12-17 00:00:00-05:00,450.10748972576295,454.3789237624039,448.67036888572403,453.5505676269531,22733500,0.0,0.0
2024-12-18 00:00:00-05:00,450.4168569277278,451.7441820228141,436.1454548251872,436.5147399902344,24444500,0.0,0.0
2024-12-19 00:00:00-05:00,440.73626782337294,442.29314366547726,435.4468858542376,436.15545654296875,22963700,0.0,0.0
2024-12-20 00:00:00-05:00,432.2432815476765,442.85201454579715,427.7722660445124,435.726318359375,64263700,0.0,0.0
2024-12-23 00:00:00-05:00,435.86603695951885,436.7742196281346,431.96385754199804,434.3790283203125,19152500,0.0,0.0
2024-12-24 00:00:00-05:00,433.7802087154167,438.7203153724094,433.32113775673025,438.4508361816406,7164500,0.0,0.0
2024-12-26 00:00:00-05:00,438.20133650274425,440.0576302640168,435.7562575113133,437.2332763671875,8194200,0.0,0.0
2024-12-27 00:00:00-05:00,433.73031978660106,434.3490742197977,425.49682901810996,429.66845703125,18117700,0.0,0.0
2024-12-30 00:00:00-05:00,425.2074080072107,426.6944166190143,421.05572893712207,423.9798583984375,13158700,0.0,0.0
2024-12-31 00:00:00-05:00,425.24732556190753,425.8760697244736,419.81820926028456,420.6565246582031,13246500,0.0,0.0
2025-01-02 00:00:00-05:00,424.67847521686525,425.2174031564215,414.01985416103116,417.74237060546875,16896500,0.0,0.0
2025-01-03 00:00:00-05:00,420.2373611517797,423.1814700735548,418.7004647827294,422.5028381347656,16662900,0.0,0.0
2025-01-06 00:00:00-05:00,427.1435291929144,433.450889550372,424.6285829292995,426.99383544921875,20573600,0.0,0.0
2025-01-07 00:00:00-05:00,428.1415176926379,429.7882097463078,419.957914728963,421.5247802734375,18139100,0.0,0.0
2025-01-08 00:00:00-05:00,422.61261379874435,426.11559975123726,420.69647292951623,423.7104187011719,15054600,0.0,0.0
2025-01-10 00:00:00-05:00,423.7802594986814,423.86008600637365,414.1894746460312,418.11163330078125,20201100,0.0,0.0
2025-01-13 00:00:00-05:00,414.4090535363967,417.66253969684465,411.4649750549722,416.35516357421875,17604800,0.0,0.0
2025-01-14 00:00:00-05:00,416.9739281792526,418.9000587938386,409.89811945983064,414.8382263183594,16935900,0.0,0.0
2025-01-15 00:00:00-05:00,418.29128437786517,427.29322350331137,417.4329894853562,425.4569091796875,19637800,0.0,0.0
2025-01-16 00:00:00-05:00,427.84212760615685,428.6305247845027,423.5407549144398,423.7303466796875,15300000,0.0,0.0
2025-01-17 00:00:00-05:00,433.22135040368397,433.61058460419247,427.31321381371214,428.1714782714844,26197500,0.0,0.0
2025-01-21 00:00:00-05:00,429.33912735658424,430.03770829379437,424.7483264493822,427.64251708984375,26085700,0.0,0.0
2025-01-22 00:00:00-05:00,436.68440364505375,446.37496460039233,435.1275277712005,445.30712890625,27803800,0.0,0.0
2025-01-23 00:00:00-05:00,441.1155043659929,445.85599903960934,440.61650492666485,445.8160705566406,18389300,0.0,0.0
2025-01-24 00:00:00-05:00,444.2691915941594,445.7562002010948,440.5167060042179,443.17138671875,15549500,0.0,0.0
2025-01-27 00:00:00-05:00,423.16152296669173,434.32913308449037,422.6525337820519,433.6903991699219,35647800,0.0,0.0
2025-01-28 00:00:00-05:00,433.73032267022137,447.4827461239755,430.51676503368185,446.30511474609375,23491700,0.0,0.0
2025-01-29 00:00:00-05:00,445.79611510422404,445.98573732495043,439.51869372032735,441.44482421875,23581400,0.0,0.0
2025-01-30 00:00:00-05:00,417.9319804505241,422.0137922192137,412.33322134699057,414.1595458984375,54586300,0.0,0.0
2025-01-31 00:00:00-05:00,418.141600337115,419.84816997012905,414.0797374049759,414.22943115234375,34223400,0.0,0.0
2025-02-03 00:00:00-05:00,410.7763492208031,414.57872255523336,407.8422300476431,410.09771728515625,25679100,0.0,0.0
2025-02-04 00:00:00-05:00,411.86416676091864,413.09171636714575,408.9200578355856,411.5447998046875,20532100,0.0,0.0
2025-02-05 00:00:00-05:00,411.5248607564065,413.0018796658512,409.5787506797878,412.4629821777344,16316700,0.0,0.0
2025-02-06 00:00:00-05:00,413.1715497090401,417.36315732347487,413.1715497090401,414.9879150390625,16309800,0.0,0.0
2025-02-07 00:00:00-05:00,415.6465973451397,417.8122379259866,407.2833615993766,408.9300537109375,22886800,0.0,0.0
2025-02-10 00:00:00-05:00,412.8821197108573,414.62861779989964,410.0977246861568,411.3951110839844,20817900,0.0,0.0
2025-02-11 00:00:00-05:00,408.8202828688126,411.6645553606299,408.48093644203584,410.6166687011719,18140600,0.0,0.0
2025-02-12 00:00:00-05:00,406.3951110778186,409.92803560329327,403.56079794352274,408.2214660644531,19121700,0.0,0.0
2025-02-13 00:00:00-05:00,406.185550721702,410.17754630619044,405.54681680905935,409.7184753417969,23891700,0.0,0.0
2025-02-14 00:00:00-05:00,406.9739674594389,408.0917213200678,405.06778596420224,407.6126708984375,22758500,0.0,0.0
2025-02-18 00:00:00-05:00,407.18354917543536,409.7783523938356,405.6865508328786,408.8202819824219,21423100,0.0,0.0
2025-02-19 00:00:00-05:00,407.06380569744374,414.6585628844229,406.8342549807474,413.94000244140625,24114200,0.0,0.0
2025-02-20 00:00:00-05:00,415.2900085449219,419.30999755859375,412.5400085449219,416.1300048828125,23508700,0.83,0.0
2025-02-21 00:00:00-05:00,417.3399963378906,418.04998779296875,407.8900146484375,408.2099914550781,27524800,0.0,0.0
2025-02-24 00:00:00-05:00,408.510009765625,409.3699951171875,399.32000732421875,404.0,26443700,0.0,0.0
2025-02-25 00:00:00-05:00,401.1000061035156,401.9200134277344,396.70001220703125,397.8999938964844,29387400,0.0,0.0
2025-02-26 00:00:00-05:00,398.010009765625,403.6000061035156,394.25,399.7300109863281,19619000,0.0,0.0
2025-02-27 00:00:00-05:00,401.2699890136719,405.739990234375,392.1700134277344,392.5299987792969,21127400,0.0,0.0
2025-02-28 00:00:00-05:00,392.6600036621094,397.6300048828125,386.57000732421875,396.989990234375,32845700,0.0,0.0
2025-03-03 00:00:00-05:00,398.82000732421875,398.82000732421875,386.1600036621094,388.489990234375,23007700,0.0,0.0
2025-03-04 00:00:00-05:00,383.3999938964844,392.5799865722656,381.0,388.6099853515625,29342900,0.0,0.0
2025-03-05 00:00:00-05:00,389.3399963378906,401.6700134277344,388.80999755859375,401.0199890136719,23433100,0.0,0.0
2025-03-06 00:00:00-05:00,394.2799987792969,402.1499938964844,392.67999267578125,396.8900146484375,23304600,0.0,0.0
2025-03-07 00:00:00-05:00,392.32000732421875,394.79998779296875,385.5400085449219,393.30999755859375,22034100,0.0,0.0
2025-03-10 00:00:00-04:00,385.8399963378906,386.3999938964844,377.2200012207031,380.1600036621094,32840100,0.0,0.0
2025-03-11 00:00:00-04:00,379.0,386.0,376.9100036621094,380.45001220703125,30380200,0.0,0.0
2025-03-12 00:00:00-04:00,382.95001220703125,385.2200012207031,378.95001220703125,383.2699890136719,24253600,0.0,0.0
2025-03-13 00:00:00-04:00,383.1600036621094,385.32000732421875,377.45001220703125,378.7699890136719,20473000,0.0,0.0
2025-03-14 00:00:00-04:00,379.7799987792969,390.2300109863281,379.510009765625,388.55999755859375,19952800,0.0,0.0
2025-03-17 00:00:00-04:00,386.70001220703125,392.7099914550781,385.57000732421875,388.70001220703125,22474300,0.0,0.0
2025-03-18 00:00:00-04:00,387.07000732421875,387.3699951171875,381.1000061035156,383.5199890136719,19486900,0.0,0.0
2025-03-19 00:00:00-04:00,385.5299987792969,389.67999267578125,384.0,387.82000732421875,19185500,0.0,0.0
2025-03-20 00:00:00-04:00,385.739990234375,391.7900085449219,383.2799987792969,386.8399963378906,18470500,0.0,0.0
2025-03-21 00:00:00-04:00,383.2200012207031,391.739990234375,382.79998779296875,391.260009765625,39675900,0.0,0.0
2025-03-24 00:00:00-04:00,395.3999938964844,395.3999938964844,389.80999755859375,393.0799865722656,21004500,0.0,0.0
2025-03-25 00:00:00-04:00,393.9200134277344,396.3599853515625,392.6400146484375,395.1600036621094,15775000,0.0,0.0
2025-03-26 00:00:00-04:00,395.0,395.30999755859375,388.57000732421875,389.9700012207031,16108400,0.0,0.0
2025-03-27 00:00:00-04:00,390.1300048828125,392.239990234375,387.3999938964844,390.5799865722656,13766800,0.0,0.0
2025-03-28 00:00:00-04:00,388.0799865722656,389.1300048828125,376.92999267578125,378.79998779296875,21632000,0.0,0.0
2025-03-31 00:00:00-04:00,372.5400085449219,377.07000732421875,367.239990234375,375.3900146484375,35184700,0.0,0.0
2025-04-01 00:00:00-04:00,374.6499938964844,382.8500061035156,373.2300109863281,382.19000244140625,19689500,0.0,0.0
2025-04-02 00:00:00-04:00,377.9700012207031,385.0799865722656,376.6199951171875,382.1400146484375,16092600,0.0,0.0
2025-04-03 00:00:00-04:00,374.7900085449219,377.4800109863281,369.3500061035156,373.1099853515625,30198000,0.0,0.0
2025-04-04 00:00:00-04:00,364.1300048828125,374.5899963378906,359.4800109863281,359.8399963378906,49209900,0.0,0.0
2025-04-07 00:00:00-04:00,350.8800048828125,371.0,344.7900085449219,357.8599853515625,50425000,0.0,0.0
2025-04-08 00:00:00-04:00,368.260009765625,373.6499938964844,350.25,354.55999755859375,35868900,0.0,0.0
2025-04-09 00:00:00-04:00,353.5400085449219,393.2300109863281,353.1000061035156,390.489990234375,50199700,0.0,0.0
2025-04-10 00:00:00-04:00,382.05999755859375,383.8999938964844,367.79998779296875,381.3500061035156,38024400,0.0,0.0
2025-04-11 00:00:00-04:00,380.6400146484375,390.04998779296875,378.8900146484375,388.45001220703125,23828700,0.0,0.0
2025-04-14 00:00:00-04:00,393.2200012207031,394.6400146484375,384.2099914550781,388.3349914550781,12191971,0.0,0.0
