Date,Open,High,Low,Close,Volume,Dividends,Stock Splits
2020-04-14 00:00:00-04:00,6.849763610018782,7.106816454510555,6.822115458062838,7.072692394256592,530948000,0.0,0.0
2020-04-15 00:00:00-04:00,6.904561298379728,7.078171789754281,6.859228516671217,6.995227336883545,366148000,0.0,0.0
2020-04-16 00:00:00-04:00,7.150655027784946,7.447561001787736,7.137453790728576,7.340455532073975,745620000,0.0,0.0
2020-04-17 00:00:00-04:00,7.42265265770683,7.4440738466150815,7.147167873331114,7.281174182891846,539120000,0.0,0.0
2020-04-20 00:00:00-04:00,7.154640403627989,7.310565790669369,7.1055710638254,7.14990758895874,449388000,0.0,0.0
2020-04-21 00:00:00-04:00,7.031842995013919,7.09311684107269,6.653237765638514,6.713017463684082,735160000,0.0,0.0
2020-04-22 00:00:00-04:00,6.905308579945586,7.170332420198244,6.859726852955732,7.127490043640137,483356000,0.0,0.0
2020-04-23 00:00:00-04:00,7.1695851787187115,7.301598496548493,7.049029054031035,7.074186325073242,424160000,0.0,0.0
2020-04-24 00:00:00-04:00,7.0639747533807835,7.215167334081631,6.989249772263602,7.213174819946289,352328000,0.0,0.0
2020-04-27 00:00:00-04:00,7.3476801931543365,7.559649225821632,7.323020809287246,7.399738311767578,479388000,0.0,0.0
2020-04-28 00:00:00-04:00,7.547193933556048,7.577084020311435,7.251782578633784,7.257262229919434,442904000,0.0,0.0
2020-04-29 00:00:00-04:00,7.392016050247552,7.486916543753276,7.316793177918443,7.43411111831665,379160000,0.0,0.0
2020-04-30 00:00:00-04:00,7.380060330024743,7.434111435420304,7.26622999714843,7.280178546905518,375916000,0.0,0.0
2020-05-01 00:00:00-04:00,7.08265391928893,7.195986328412858,6.995226087969712,7.043548107147217,342096000,0.0,0.0
2020-05-04 00:00:00-04:00,6.9962232042594215,7.269217561570689,6.9962232042594215,7.255517959594727,317556000,0.0,0.0
2020-05-05 00:00:00-04:00,7.359635859684535,7.47919526462796,7.255519152599655,7.316544532775879,368896000,0.0,0.0
2020-05-06 00:00:00-04:00,7.396001104345691,7.522285825794979,7.358140487441627,7.417421817779541,323464000,0.0,0.0
2020-05-07 00:00:00-04:00,7.556657681105391,7.657037804676626,7.505346889739748,7.593770980834961,373732000,0.0,0.0
2020-05-08 00:00:00-04:00,7.665506930129137,7.79004806782445,7.6316318204905835,7.783821105957031,339216000,0.0,0.0
2020-05-11 00:00:00-04:00,7.77884013356439,8.082720844345966,7.750195726006368,8.035893440246582,469060000,0.0,0.0
2020-05-12 00:00:00-04:00,8.093681320047256,8.142501245204809,7.76414539997321,7.77385950088501,493060000,0.0,0.0
2020-05-13 00:00:00-04:00,7.888437040614922,8.048845829380504,7.566871676430131,7.751441955566406,625852000,0.0,0.0
2020-05-14 00:00:00-04:00,7.812965860813262,8.006502944362586,7.659281913440745,8.001023292541504,602312000,0.0,0.0
2020-05-15 00:00:00-04:00,7.860788181491247,8.469295953031287,7.845096065259283,8.459582328796387,987660000,0.0,0.0
2020-05-18 00:00:00-04:00,8.728341623199956,8.883769110100179,8.648635365841923,8.71812915802002,774460000,0.0,0.0
2020-05-19 00:00:00-04:00,8.757983872797709,9.054142566130526,8.730584663711264,8.773178100585938,717320000,0.0,0.0
2020-05-20 00:00:00-04:00,8.957996530775512,9.009805697784032,8.856121765358052,8.937073707580566,587536000,0.0,0.0
2020-05-21 00:00:00-04:00,9.018274002825928,9.019269784718198,8.705426507238712,8.743038177490234,761068000,0.0,0.0
2020-05-22 00:00:00-04:00,8.792854928040327,9.059622838486286,8.68126653165921,8.993117332458496,1038764000,0.0,0.0
2020-05-26 00:00:00-04:00,9.123136729161354,9.148045528175322,8.640166375836815,8.685748100280762,770780000,0.0,0.0
2020-05-27 00:00:00-04:00,8.593339012702568,8.601060122818971,7.967395095749297,8.493955612182617,1175892000,0.0,0.0
2020-05-28 00:00:00-04:00,8.381370278290833,8.728342326374072,8.348491420727514,8.455846786499023,734896000,0.0,0.0
2020-05-29 00:00:00-04:00,8.523096665387579,8.842918395996094,8.453851825358742,8.842918395996094,745256000,0.0,0.0
2020-06-01 00:00:00-04:00,8.800825188704158,8.808297353850003,8.657602672309377,8.773923873901367,389876000,0.0,0.0
2020-06-02 00:00:00-04:00,8.763960479468725,8.804809388620695,8.6262176271479,8.792853355407715,391320000,0.0,0.0
2020-06-03 00:00:00-04:00,8.789866411031502,8.833704572769488,8.668064600878465,8.737309455871582,365440000,0.0,0.0
2020-06-04 00:00:00-04:00,8.699932882157166,8.914490713590434,8.64959535968153,8.738309860229492,424280000,0.004,0.0
2020-06-05 00:00:00-04:00,8.766214611092508,8.968062702221557,8.67999265362139,8.891310691833496,481748000,0.0,0.0
2020-06-08 00:00:00-04:00,8.848699907443434,8.861159516512084,8.657816072835747,8.77668285369873,387736000,0.0,0.0
2020-06-09 00:00:00-04:00,8.771699486873592,9.080452938826516,8.723106342386192,9.016907691955566,468488000,0.0,0.0
2020-06-10 00:00:00-04:00,9.138265701793136,9.469446785903406,9.124060778733396,9.336625099182129,632180000,0.0,0.0
2020-06-11 00:00:00-04:00,9.120573115586287,9.231465258271147,8.757744374933589,8.767961502075195,583652000,0.0,0.0
2020-06-12 00:00:00-04:00,9.133032174458457,9.15770233076544,8.675258754258273,8.90377140045166,570908000,0.0,0.0
2020-06-15 00:00:00-04:00,8.786899549623122,9.15271886327654,8.715628726053437,9.144246101379395,400004000,0.0,0.0
2020-06-16 00:00:00-04:00,9.195331790102433,9.236947471992163,8.81032351724379,9.039334297180176,535716000,0.0,0.0
2020-06-17 00:00:00-04:00,9.084439533349283,9.269093077702948,9.041078537240452,9.20629596710205,408304000,0.0,0.0
2020-06-18 00:00:00-04:00,9.1973234632541,9.25264498918956,9.085185106546142,9.188352584838867,254408000,0.0,0.0
2020-06-19 00:00:00-04:00,9.21277640019517,9.414624551280685,9.19757523890359,9.231465339660645,524160000,0.0,0.0
2020-06-22 00:00:00-04:00,9.270088876055398,9.500594923420252,9.243424348527348,9.496109008789062,398468000,0.0,0.0
2020-06-23 00:00:00-04:00,9.520283127566138,9.611489140165338,9.377245254661855,9.419608116149902,375108000,0.0,0.0
2020-06-24 00:00:00-04:00,9.445773236990211,9.525765883557868,9.11509025800938,9.205798149108887,449372000,0.0,0.0
2020-06-25 00:00:00-04:00,9.325659519889186,9.47442952287716,9.152717480888574,9.459477424621582,376072000,0.0,0.0
2020-06-26 00:00:00-04:00,9.469448669975863,9.469448669975863,9.095654643529448,9.125557899475098,592084000,0.0,0.0
2020-06-29 00:00:00-04:00,9.140260702990933,9.174898933320014,8.87137761386688,9.17041301727295,342248000,0.0,0.0
2020-06-30 00:00:00-04:00,9.284046779822662,9.49561395128113,9.236699879621224,9.467206001281738,367892000,0.0,0.0
2020-07-01 00:00:00-04:00,9.490129655526301,9.544953070141963,9.382726259130546,9.499349594116211,326648000,0.0,0.0
2020-07-02 00:00:00-04:00,9.607999601931159,9.706183063471682,9.547444974602962,9.58133602142334,364056000,0.0,0.0
2020-07-06 00:00:00-04:00,9.710421352284722,9.87688411587141,9.681265272621609,9.807607650756836,315892000,0.0,0.0
2020-07-07 00:00:00-04:00,9.91426254954942,10.037614299989889,9.819069687770009,9.840002059936523,357800000,0.0,0.0
2020-07-08 00:00:00-04:00,9.961607483001048,10.192114491729383,9.933448599888964,10.18314266204834,365480000,0.0,0.0
2020-07-09 00:00:00-04:00,10.346867718441027,10.536007212490864,10.20058920891485,10.475203514099121,494548000,0.0,0.0
2020-07-10 00:00:00-04:00,10.554694866902343,10.620980703875492,10.345370220590507,10.445547103881836,497676000,0.0,0.0
2020-07-13 00:00:00-04:00,10.560926145450688,10.75754119269287,9.992758651355837,10.01992130279541,457076000,0.0,0.0
2020-07-14 00:00:00-04:00,10.042597249487693,10.369293366563943,9.754028084827254,10.343626022338867,542676000,0.0,0.0
2020-07-15 00:00:00-04:00,10.380756728353095,10.399445665317455,10.023409234001255,10.194357872009277,403984000,0.0,0.0
2020-07-16 00:00:00-04:00,9.982791736655608,10.173924635784381,9.863675893315522,10.102156639099121,344964000,0.0,0.0
2020-07-17 00:00:00-04:00,10.192613661861978,10.215539455329925,10.055307009529447,10.16869068145752,266284000,0.0,0.0
2020-07-20 00:00:00-04:00,10.241207637017371,10.497381084457215,10.12408521745937,10.476946830749512,284852000,0.0,0.0
2020-07-21 00:00:00-04:00,10.479188735913805,10.526038461641557,10.253666681461006,10.295282363891602,277036000,0.0,0.0
2020-07-22 00:00:00-04:00,10.334158203285151,10.568402096059184,10.258402407968518,10.405179023742676,367292000,0.0,0.0
2020-07-23 00:00:00-04:00,10.416391380696087,10.51307953896417,9.998988320073043,10.097171783447266,411660000,0.0,0.0
2020-07-24 00:00:00-04:00,9.843243017021607,10.331417940202419,9.745558600800747,10.161715507507324,473292000,0.0,0.0
2020-07-27 00:00:00-04:00,10.199340109355491,10.408165653283532,10.184886129879237,10.387981414794922,292132000,0.0,0.0
2020-07-28 00:00:00-04:00,10.34088674251749,10.348611377375835,10.176417421816467,10.182646751403809,271636000,0.0,0.0
2020-07-29 00:00:00-04:00,10.357332306514728,10.482428412987407,10.313723200733138,10.431841850280762,284508000,0.0,0.0
2020-07-30 00:00:00-04:00,10.341631901222561,10.588834427546475,10.262138332516479,10.579863548278809,308880000,0.0,0.0
2020-07-31 00:00:00-04:00,10.529275592466844,10.731872772894086,10.399444531154126,10.580610275268555,386080000,0.0,0.0
2020-08-03 00:00:00-04:00,10.697984346886285,11.06305652459791,10.680789762062144,10.974841117858887,412720000,0.0,0.0
2020-08-04 00:00:00-04:00,11.014461932684958,11.19163990020752,10.870925002443792,11.19163990020752,310336000,0.0,0.0
2020-08-05 00:00:00-04:00,11.207841067392527,11.33517968343868,11.130340896809908,11.250452995300293,249924000,0.0,0.0
2020-08-06 00:00:00-04:00,11.313250492854555,11.321474197857144,11.142800874406491,11.299046516418457,244316000,0.0,0.0
2020-08-07 00:00:00-04:00,11.276118212824818,11.467750174407499,11.002003012203462,11.163481712341309,342516000,0.0,0.0
2020-08-10 00:00:00-04:00,11.297799346575667,11.371560768390546,10.821585021376052,11.129093170166016,427796000,0.0,0.0
2020-08-11 00:00:00-04:00,11.038134020681973,11.100932076184446,10.761028249179992,10.815104484558105,354512000,0.0,0.0
2020-08-12 00:00:00-04:00,10.955403185697175,11.430121223626369,10.9230074421119,11.403457641601562,464412000,0.0,0.0
2020-08-13 00:00:00-04:00,11.508867898189042,11.684053420908599,11.319230292306688,11.40619945526123,374460000,0.0,0.0
2020-08-14 00:00:00-04:00,11.49291769186189,11.66710599919739,11.403706060721607,11.526808738708496,366436000,0.0,0.0
2020-08-17 00:00:00-04:00,11.81313615176341,12.369840308327603,11.779246050700161,12.297324180603027,621300000,0.0,0.0
2020-08-18 00:00:00-04:00,12.40995959388531,12.45581213323748,12.047379937885205,12.221318244934082,503448000,0.0,0.0
2020-08-19 00:00:00-04:00,12.256954369804536,12.275394249767562,12.059092119307362,12.099462509155273,622624000,0.0,0.0
2020-08-20 00:00:00-04:00,11.936488900057252,12.335202123816478,11.840547906754143,12.101954460144043,921388000,0.0,0.0
2020-08-21 00:00:00-04:00,12.162507651881219,12.767555823919658,12.156028313230228,12.642708778381348,999868000,0.0,0.0
2020-08-24 00:00:00-04:00,12.842314360697754,12.870972315704087,12.467274157202104,12.679340362548828,490564000,0.0,0.0
2020-08-25 00:00:00-04:00,12.590129976948981,12.720210137156435,12.533313125792226,12.708996772766113,289076000,0.0,0.0
2020-08-26 00:00:00-04:00,12.758086660677401,12.827114055891018,12.636977395177562,12.731921195983887,321244000,0.0,0.0
2020-08-27 00:00:00-04:00,12.740392863056682,12.808673075097298,12.526084179489208,12.58763599395752,317604000,0.0,0.0
2020-08-28 00:00:00-04:00,12.634237491842033,13.10571590176592,12.601841745411164,13.105466842651367,537160000,0.0,0.0
2020-08-31 00:00:00-04:00,13.140352862145061,13.531341412382233,12.99581968925175,13.331486701965332,500840000,0.0,0.0
2020-09-01 00:00:00-04:00,13.440668375562096,13.952919461457986,13.397295350607912,13.78067398071289,511316000,0.004,0.0
2020-09-02 00:00:00-04:00,14.660846685338182,14.683780290429024,13.859441849310095,14.30463981628418,874012000,0.0,0.0
2020-09-03 00:00:00-04:00,13.788398488115515,13.843985707642728,12.841170701150945,12.977521896362305,945128000,0.0,0.0
2020-09-04 00:00:00-04:00,12.746449138943373,13.136558157746384,11.670597925820415,12.585670471191406,1463684000,0.0,0.0
2020-09-08 00:00:00-04:00,11.700262173598233,12.513383047384341,11.670100837220135,11.878241539001465,795728000,0.0,0.0
2020-09-09 00:00:00-04:00,12.363819819147611,12.77187599848752,12.196060642842799,12.677901268005371,736200000,0.0,0.0
2020-09-10 00:00:00-04:00,12.951350382295354,13.027128843860567,12.13149916342981,12.275827407836914,698684000,0.0,0.0
2020-09-11 00:00:00-04:00,12.449067906040254,12.615580420951083,11.861038495172767,12.12900447845459,636928000,0.0,0.0
2020-09-14 00:00:00-04:00,13.042831711985079,13.276148185663597,12.594394075811492,12.83469009399414,1201744000,0.0,0.0
2020-09-15 00:00:00-04:00,13.241248834931985,13.25994431280962,12.790318967266236,12.953092575073242,727556000,0.0,0.0
2020-09-16 00:00:00-04:00,12.919439572221593,13.054544129058655,12.477234166715071,12.477981567382812,556384000,0.0,0.0
2020-09-17 00:00:00-04:00,12.096849903540244,12.553015449497009,11.999634544799727,12.427133560180664,792512000,0.0,0.0
2020-09-18 00:00:00-04:00,12.55700241680166,12.595639043029594,11.953768216184255,12.153682708740234,698460000,0.0,0.0
2020-09-21 00:00:00-04:00,11.890203576572572,12.485959946305865,11.869763212079294,12.480725288391113,721044000,0.0,0.0
2020-09-22 00:00:00-04:00,12.538309080348979,12.611096038821364,12.120033678212257,12.600875854492188,646452000,0.0,0.0
2020-09-23 00:00:00-04:00,12.538807768151708,12.689866433669556,12.044006484659706,12.08837604522705,647012000,0.0,0.0
2020-09-24 00:00:00-04:00,12.037026082317416,12.532824815977994,11.978945617549236,12.311970710754395,731240000,0.0,0.0
2020-09-25 00:00:00-04:00,12.411177859249486,12.845905462174201,12.210016772675687,12.836183547973633,588016000,0.0,0.0
2020-09-28 00:00:00-04:00,13.002198158567815,13.01366495891167,12.712795287861127,12.996963500976562,573808000,0.0,0.0
2020-09-29 00:00:00-04:00,12.899751564802479,13.40352734705288,12.895514391254116,13.18716049194336,621460000,0.0,0.0
2020-09-30 00:00:00-04:00,13.119108422732165,13.582751766420662,13.111879744629505,13.491020202636719,689184000,0.0,0.0
2020-10-01 00:00:00-04:00,13.717855391558192,13.722590831499897,13.421472002917705,13.574773788452148,525004000,0.0,0.0
2020-10-02 00:00:00-04:00,13.186412873324,13.480052989122546,13.012919827396015,13.024137496948242,552496000,0.0,0.0
2020-10-05 00:00:00-04:00,13.197377938185285,13.60443653635295,13.184166251231318,13.602691650390625,479820000,0.0,0.0
2020-10-06 00:00:00-04:00,13.78964608030835,14.100735985458739,13.625127563332978,13.696418762207031,784420000,0.0,0.0
2020-10-07 00:00:00-04:00,13.95889817340689,14.078049626241114,13.823045263188042,13.92325210571289,418084000,0.0,0.0
2020-10-08 00:00:00-04:00,14.033929971056136,14.043402752809419,13.717855517208713,13.798369407653809,378900000,0.0,0.0
2020-10-09 00:00:00-04:00,13.726830477949628,13.78391345519388,13.620890687212187,13.7225923538208,346892000,0.0,0.0
2020-10-12 00:00:00-04:00,13.948679555461162,14.305136468786147,13.871904571381894,14.184489250183105,434744000,0.0,0.0
2020-10-13 00:00:00-04:00,14.25478302644395,14.306631336116029,13.977843485573267,14.206673622131348,344604000,0.0,0.0
2020-10-14 00:00:00-04:00,14.248802781976442,14.300900235329213,13.919267466775741,14.054122924804688,276100000,0.0,0.0
2020-10-15 00:00:00-04:00,13.770451780803041,13.964882488285607,13.727577029396095,13.929237365722656,267224000,0.0,0.0
2020-10-16 00:00:00-04:00,13.995791246954921,14.080294125302457,13.752253660584516,13.771198272705078,242392000,0.0,0.0
2020-10-19 00:00:00-04:00,13.862431583223284,13.942696338110522,13.3676294650607,13.458364486694336,298068000,0.0,0.0
2020-10-20 00:00:00-04:00,13.543866813647625,13.759486271182467,13.467590081467012,13.60568618774414,229212000,0.0,0.0
2020-10-21 00:00:00-04:00,13.58524444270825,13.751258713789145,13.43817478593501,13.485286712646484,219596000,0.0,0.0
2020-10-22 00:00:00-04:00,13.483043554770541,13.57203274964044,13.193141414504842,13.322014808654785,290480000,0.0,0.0
2020-10-23 00:00:00-04:00,13.410754310920243,13.55358678850794,13.252467942914826,13.5505952835083,233484000,0.0,0.0
2020-10-26 00:00:00-04:00,13.387823830500405,13.652798378169804,13.000457151393762,13.102907180786133,336896000,0.0,0.0
2020-10-27 00:00:00-04:00,13.267175346468049,13.402779155391,13.1530093903305,13.357661247253418,250520000,0.0,0.0
2020-10-28 00:00:00-04:00,13.159488585829639,13.2213079455442,12.572207521215867,12.590154647827148,376520000,0.0,0.0
2020-10-29 00:00:00-04:00,12.801037389221687,13.154253645097555,12.712795608646159,12.98599624633789,320080000,0.0,0.0
2020-10-30 00:00:00-04:00,12.812504903727957,12.898751718735854,12.264109578308071,12.497426986694336,416820000,0.0,0.0
2020-11-02 00:00:00-05:00,12.620814704874691,12.799292282427164,12.358831738763635,12.544039726257324,299652000,0.0,0.0
2020-11-03 00:00:00-05:00,12.671418689898168,13.06676140590141,12.565977166544666,12.981511116027832,272900000,0.0,0.0
2020-11-04 00:00:00-05:00,13.350181713613207,13.787153497267303,13.298084263597342,13.753999710083008,410228000,0.0,0.0
2020-11-05 00:00:00-05:00,14.121176099161731,14.29716046437122,13.950176307836214,14.118682861328125,319028000,0.0,0.0
2020-11-06 00:00:00-05:00,14.068580320112584,14.546182783638443,13.854457580182475,14.519511222839355,383348000,0.0,0.0
2020-11-09 00:00:00-05:00,14.510038239373735,14.648632601948703,13.57103651956659,13.590977668762207,582976000,0.0,0.0
2020-11-10 00:00:00-05:00,13.566797879335905,13.566797879335905,12.591402719774548,12.732739448547363,644068000,0.0,0.0
2020-11-11 00:00:00-05:00,13.015660731924338,13.395798669653004,12.91046834790044,13.3788480758667,404744000,0.0,0.0
2020-11-12 00:00:00-05:00,13.439667624332953,13.725829845793008,13.277143160841737,13.417482376098633,365812000,0.0,0.0
2020-11-13 00:00:00-05:00,13.58748777408256,13.62886677558887,13.021145259004319,13.258201599121094,346312000,0.0,0.0
2020-11-16 00:00:00-05:00,13.13406343303605,13.60967182378943,13.11761205786951,13.475813865661621,413776000,0.0,0.0
2020-11-17 00:00:00-05:00,13.51295613681123,13.556578292397134,13.264932208572795,13.383086204528809,312028000,0.0,0.0
2020-11-18 00:00:00-05:00,13.425960851965607,13.566050966850302,13.14652897393838,13.389567375183105,510924000,0.0,0.0
2020-11-19 00:00:00-05:00,13.174197256504039,13.448145326416391,13.061776193866837,13.401033401489258,565936000,0.0,0.0
2020-11-20 00:00:00-05:00,13.414743832829755,13.455125348358738,13.026877983117611,13.049562454223633,341088000,0.0,0.0
2020-11-23 00:00:00-05:00,13.132819547866056,13.343452520481213,12.977523718062494,13.10166072845459,361356000,0.0,0.0
2020-11-24 00:00:00-05:00,13.104151471570693,13.123594351985645,12.847403134157863,12.919940948486328,346500000,0.0,0.0
2020-11-25 00:00:00-05:00,12.994472329441068,13.230780292918476,12.982008993757889,13.196131706237793,259916000,0.0,0.0
2020-11-27 00:00:00-05:00,13.335974672983816,13.368380111336071,13.13207116150674,13.222556114196777,167276000,0.0,0.0
2020-11-30 00:00:00-05:00,13.226295119524549,13.373364775324069,12.934398961308828,13.362396240234375,286952000,0.0,0.0
2020-12-01 00:00:00-05:00,13.452882922722688,13.489276400657282,13.1896523285899,13.350931167602539,296948000,0.0,0.0
2020-12-02 00:00:00-05:00,13.311545898778629,13.633603400861086,13.195635056027603,13.504980087280273,283360000,0.0,0.0
2020-12-03 00:00:00-05:00,13.551856276641901,13.624166319653078,13.294035237752661,13.360858917236328,199520000,0.004,0.0
2020-12-04 00:00:00-05:00,13.413219358512091,13.524427591443576,13.353626500248337,13.522682189941406,202244000,0.0,0.0
2020-12-07 00:00:00-05:00,13.565570000052025,13.695229089623341,13.464585910101487,13.57105541229248,223244000,0.0,0.0
2020-12-08 00:00:00-05:00,13.549361768847865,13.563075773818994,13.246657781885267,13.31497859954834,271920000,0.0,0.0
2020-12-09 00:00:00-05:00,13.26560870892222,13.378810606682494,12.834492607705123,12.896828651428223,401300000,0.0,0.0
2020-12-10 00:00:00-05:00,12.835242273734892,13.034468233177286,12.815792695936159,12.938220977783203,207764000,0.0,0.0
2020-12-11 00:00:00-05:00,12.933232817765063,12.985845024344064,12.789361313226891,12.97911262512207,209264000,0.0,0.0
2020-12-14 00:00:00-05:00,13.053666331220567,13.353627148129704,13.043193921699451,13.273837089538574,270156000,0.0,0.0
2020-12-15 00:00:00-05:00,13.404493338692761,13.428679754315336,13.152157723854899,13.325451850891113,193016000,0.0,0.0
2020-12-16 00:00:00-05:00,13.387289897303875,13.402001684650632,13.177840729039612,13.207762718200684,223116000,0.0,0.0
2020-12-17 00:00:00-05:00,13.331684931306457,13.344402108355627,13.143929176149829,13.306252479553223,231384000,0.0,0.0
2020-12-18 00:00:00-05:00,13.34390131281088,13.369833127376156,13.036211292099729,13.2371826171875,342064000,0.0,0.0
2020-12-21 00:00:00-05:00,13.040450404506608,13.334925801874155,12.93348154488506,13.297274589538574,302332000,0.0,0.0
2020-12-22 00:00:00-05:00,13.284309595767821,13.302262026171132,13.019755223073906,13.243416786193848,185580000,0.0,0.0
2020-12-23 00:00:00-05:00,13.221224057653092,13.24017426672264,12.970883073592832,12.97512149810791,179144000,0.0,0.0
2020-12-24 00:00:00-05:00,13.003050182088446,13.098050451136674,12.904809267880198,12.959664344787598,97884000,0.0,0.0
2020-12-28 00:00:00-05:00,13.028234503900824,13.028234503900824,12.729769845297538,12.86616039276123,212564000,0.0,0.0
2020-12-29 00:00:00-05:00,12.891092492824653,13.038205576491052,12.808559261196725,12.909294128417969,170372000,0.0,0.0
2020-12-30 00:00:00-05:00,12.956171747816942,13.17908568167089,12.862917844630886,13.1112642288208,225396000,0.0,0.0
2020-12-31 00:00:00-05:00,13.102039159766056,13.116500786863334,12.881119828694374,13.020752906799316,192424000,0.0,0.0
2021-01-04 00:00:00-05:00,13.069875185198939,13.616687226171331,12.928496685746923,13.079100608825684,560640000,0.0,0.0
2021-01-05 00:00:00-05:00,13.065384842831413,13.408233079539716,13.052668617255039,13.369585037231445,322760000,0.0,0.0
2021-01-06 00:00:00-05:00,13.187813339939485,13.210254353866354,12.552983660244543,12.581408500671387,580424000,0.0,0.0
2021-01-07 00:00:00-05:00,12.933481843487463,13.342656288850517,12.852694956302209,13.30899429321289,461480000,0.0,0.0
2021-01-08 00:00:00-05:00,13.327446099963366,13.385791973828983,13.007786500606592,13.241920471191406,292528000,0.0,0.0
2021-01-11 00:00:00-05:00,13.383547520576082,13.924375632075392,13.327445465368644,13.585765838623047,518344000,0.0,0.0
2021-01-12 00:00:00-05:00,13.716421576408365,13.718417136246744,13.309991287761786,13.449374198913574,291476000,0.0,0.0
2021-01-13 00:00:00-05:00,13.45461162783204,13.589257712345871,13.34988752954743,13.496252059936523,210028000,0.0,0.0
2021-01-14 00:00:00-05:00,13.539389802082038,13.564074634258443,13.145924877121022,13.16562271118164,283120000,0.0,0.0
2021-01-15 00:00:00-05:00,13.193297699319505,13.290292560998186,12.814793832772704,12.825764656066895,277780000,0.0,0.0
2021-01-19 00:00:00-05:00,12.98210407137599,13.059650314910332,12.810306141016198,12.991081237792969,226188000,0.0,0.0
2021-01-20 00:00:00-05:00,13.077352251448168,13.395266422351042,13.022497185386248,13.330686569213867,258572000,0.0,0.0
2021-01-21 00:00:00-05:00,13.383300802348835,13.96252785458221,13.218235250667318,13.831123352050781,337780000,0.0,0.0
2021-01-22 00:00:00-05:00,13.703956944733628,13.805440406556494,13.591502657751988,13.676528930664062,246820000,0.0,0.0
2021-01-25 00:00:00-05:00,13.745596442257005,13.792223872758743,13.201776842384673,13.617433547973633,251112000,0.0,0.0
2021-01-26 00:00:00-05:00,13.544871744004563,13.608953179055012,13.352378231687172,13.400003433227539,163980000,0.0,0.0
2021-01-27 00:00:00-05:00,13.195292538180821,13.19803571963846,12.7601872437414,12.883862495422363,371272000,0.0,0.0
2021-01-28 00:00:00-05:00,12.962155920214768,13.304754922726918,12.92649931832804,13.016761779785156,228316000,0.0,0.0
2021-01-29 00:00:00-05:00,13.040699478065463,13.299768427548274,12.877628563577591,12.955673217773438,271552000,0.0,0.0
2021-02-01 00:00:00-05:00,13.019008103662717,13.235937275956195,12.868902609137884,13.202276229858398,217204000,0.0,0.0
2021-02-02 00:00:00-05:00,13.36360131815735,13.536396077517402,13.250647676765091,13.521186828613281,220440000,0.0,0.0
2021-02-03 00:00:00-05:00,13.600228117062478,13.895202887143391,13.481042394931094,13.49500560760498,245408000,0.0,0.0
2021-02-04 00:00:00-05:00,13.49550393934747,13.637630039577589,13.302761193484542,13.62840461730957,201340000,0.0,0.0
2021-02-05 00:00:00-05:00,13.68899670751416,13.701214519822724,13.510216204135968,13.555347442626953,169152000,0.0,0.0
2021-02-08 00:00:00-05:00,13.691238583595812,14.435780260750432,13.691238583595812,14.400872230529785,434624000,0.0,0.0
2021-02-09 00:00:00-05:00,14.303129980095962,14.544994139772516,14.185190289145298,14.225833892822266,287560000,0.0,0.0
2021-02-10 00:00:00-05:00,14.425309142366958,14.865899886486943,14.303878647303545,14.725519180297852,485352000,0.0,0.0
2021-02-11 00:00:00-05:00,14.940952373280984,15.232186181314688,14.88584714428592,15.210741996765137,450828000,0.0,0.0
2021-02-12 00:00:00-05:00,15.010518902999053,15.251136059946582,14.736239751165302,14.922001838684082,374756000,0.0,0.0
2021-02-16 00:00:00-05:00,15.02473229127375,15.332174092252155,14.910781818050188,15.290034294128418,321960000,0.0,0.0
2021-02-17 00:00:00-05:00,15.131200835454731,15.183563832990215,14.74122676688984,14.866896629333496,274756000,0.0,0.0
2021-02-18 00:00:00-05:00,14.690361096291939,14.834232597555033,14.536764807224552,14.790099143981934,233868000,0.0,0.0
2021-02-19 00:00:00-05:00,14.98508589567165,15.137185992305723,14.807802555181839,14.887343406677246,271724000,0.0,0.0
2021-02-22 00:00:00-05:00,14.735993887457571,15.093553980104234,14.287423686715679,14.318093299865723,325884000,0.0,0.0
2021-02-23 00:00:00-05:00,14.038328742356542,14.201400647621458,13.35437753249848,14.104904174804688,391780000,0.0,0.0
2021-02-24 00:00:00-05:00,14.085700979760459,14.468693427860899,13.719912388104134,14.460963249206543,448320000,0.0,0.0
2021-02-25 00:00:00-05:00,14.00865457563382,14.337041196742353,13.181580543821173,13.272590637207031,824436000,0.0,0.0
2021-02-26 00:00:00-05:00,13.71642348961757,13.818156155148777,13.325950967006433,13.678524017333984,500932000,0.0,0.0
2021-03-01 00:00:00-05:00,13.8385997139201,13.888468731952491,13.517694119025096,13.805437088012695,353184000,0.0,0.0
2021-03-02 00:00:00-05:00,13.863536705004078,13.88398311138837,13.360859102716057,13.371082305908203,264116000,0.0,0.0
2021-03-03 00:00:00-05:00,13.391029778690879,13.416213023687314,12.765175347914111,12.771160125732422,377592000,0.0,0.0
2021-03-04 00:00:00-05:00,12.767170765883725,12.940964273253552,12.052051597493882,12.337800025939941,573344000,0.0,0.0
2021-03-05 00:00:00-05:00,12.517075100522579,12.517075100522579,11.648609098450489,12.428807258605957,542840000,0.0,0.0
2021-03-08 00:00:00-05:00,12.41733756853037,12.438531591443677,11.536155308173202,11.562835693359375,543112000,0.0,0.0
2021-03-09 00:00:00-05:00,12.102603937259296,12.5879949424893,12.031765654327883,12.491715431213379,521824000,0.004,0.0
2021-03-10 00:00:00-05:00,12.811235825103035,12.950417563660338,12.429109277128202,12.439834594726562,384376000,0.0,0.0
2021-03-11 00:00:00-05:00,12.92048735611561,13.016518539638954,12.705478592482818,12.963888168334961,299916000,0.0,0.0
2021-03-12 00:00:00-05:00,12.619422429593925,12.859374744297998,12.56130571502629,12.826699256896973,243964000,0.0,0.0
2021-03-15 00:00:00-04:00,12.835432251874124,13.176652870953951,12.738154598213367,13.161188125610352,221988000,0.0,0.0
2021-03-16 00:00:00-04:00,13.32605940722556,13.481704010875045,13.086855903214838,13.260958671569824,272128000,0.0,0.0
2021-03-17 00:00:00-04:00,13.010033113546163,13.422590598761918,12.959897577681296,13.310846328735352,243864000,0.0,0.0
2021-03-18 00:00:00-04:00,13.106561307017516,13.153952708479773,12.6880170282532,12.693504333496094,293896000,0.0,0.0
2021-03-19 00:00:00-04:00,12.720940429829964,12.892049755645557,12.58375400765155,12.816472053527832,299208000,0.0,0.0
2021-03-22 00:00:00-04:00,12.883320445496645,13.363972011697758,12.87733360264265,13.156196594238281,297804000,0.0,0.0
2021-03-23 00:00:00-04:00,13.224043363617547,13.314087700627974,12.991574564563152,13.040962219238281,222048000,0.0,0.0
2021-03-24 00:00:00-04:00,13.121276238494158,13.12925837829712,12.607949195154129,12.614184379577637,245840000,0.0,0.0
2021-03-25 00:00:00-04:00,12.471012530081719,12.68577196673176,12.244031065821558,12.506680488586426,295144000,0.0,0.0
2021-03-26 00:00:00-04:00,12.52588700315397,12.826949475519212,12.345299758978275,12.809988021850586,363968000,0.0,0.0
2021-03-29 00:00:00-04:00,12.791029841995345,13.032728151019679,12.671054165141,12.91873836517334,273520000,0.0,0.0
2021-03-30 00:00:00-04:00,12.812732786313775,12.945679342388935,12.676044928817321,12.842414855957031,200204000,0.0,0.0
2021-03-31 00:00:00-04:00,12.985839024244282,13.439802047879107,12.95291423561033,13.317831039428711,314776000,0.0,0.0
2021-04-01 00:00:00-04:00,13.541318275109122,13.838389202845008,13.480456476203573,13.780272483825684,308276000,0.0,0.0
2021-04-05 00:00:00-04:00,13.835896267255658,13.982062028329404,13.701702290409012,13.955622673034668,255672000,0.0,0.0
2021-04-06 00:00:00-04:00,13.967844602013875,14.022220023117734,13.74211053193706,13.829909324645996,191744000,0.0,0.0
2021-04-07 00:00:00-04:00,13.84911527664273,14.21103861752227,13.680251464130121,14.11126708984375,251284000,0.0,0.0
2021-04-08 00:00:00-04:00,14.220269710742953,14.438521199938963,14.216527457381625,14.28437328338623,244416000,0.0,0.0
2021-04-09 00:00:00-04:00,14.181605804476893,14.37516391880831,14.142695127627215,14.367181777954102,195172000,0.0,0.0
2021-04-12 00:00:00-04:00,14.257182878772879,15.317510669064815,14.107025580672097,15.174337387084961,869324000,0.0,0.0
2021-04-13 00:00:00-04:00,15.196786504253303,15.664218911931563,15.091277428797596,15.643765449523926,676212000,0.0,0.0
2021-04-14 00:00:00-04:00,15.589392107394824,15.684674464343214,15.19279793412266,15.242185592651367,385500000,0.0,0.0
2021-04-15 00:00:00-04:00,15.62680301096774,16.1772956662053,15.595873527963356,16.10047149658203,598480000,0.0,0.0
2021-04-16 00:00:00-04:00,16.016413918817005,16.12890796079067,15.829091947343619,15.876235008239746,335208000,0.0,0.0
2021-04-19 00:00:00-04:00,15.501092337451393,15.771474637871082,15.198283838019858,15.326740264892578,404420000,0.0,0.0
2021-04-20 00:00:00-04:00,15.28832601946321,15.461679943155445,14.928897558401575,15.136672973632812,334132000,0.0,0.0
2021-04-21 00:00:00-04:00,15.084292167053292,15.327487202343377,15.067830252097155,15.325491905212402,216776000,0.0,0.0
2021-04-22 00:00:00-04:00,15.339961078862977,15.403316768706386,14.749808798640005,14.816407203674316,277788000,0.0,0.0
2021-04-23 00:00:00-04:00,14.900213267194747,15.300050078745928,14.866291312184334,15.230459213256836,227500000,0.0,0.0
2021-04-26 00:00:00-04:00,15.150392726443197,15.443722352270685,15.090529052039209,15.442724227905273,197796000,0.0,0.0
2021-04-27 00:00:00-04:00,15.54299623900215,15.634786577704853,15.319506760052127,15.346694946289062,164572000,0.0,0.0
2021-04-28 00:00:00-04:00,15.329485232982506,15.49685329813541,15.180824627957126,15.241934776306152,209416000,0.0,0.0
2021-04-29 00:00:00-04:00,15.364902661965958,15.401319454782774,15.037151526614625,15.289824485778809,173196000,0.0,0.0
2021-04-30 00:00:00-04:00,15.139917076615806,15.329982225607592,14.962820884189167,14.975292205810547,201912000,0.0,0.0
2021-05-03 00:00:00-04:00,15.090527647186622,15.212000037199155,14.753797245576967,14.802934646606445,203912000,0.0,0.0
2021-05-04 00:00:00-04:00,14.603888978030701,14.604138271218893,13.978318170284947,14.318540573120117,405324000,0.0,0.0
2021-05-05 00:00:00-04:00,14.675478352617825,14.77974096968881,14.354711214631575,14.425549507141113,292024000,0.0,0.0
2021-05-06 00:00:00-04:00,14.462214770271128,14.538041777814561,14.185597291076173,14.489901542663574,193380000,0.0,0.0
2021-05-07 00:00:00-04:00,14.774501379415508,14.936630459546414,14.638312114784819,14.778491973876953,229328000,0.0,0.0
2021-05-10 00:00:00-04:00,14.753549353888255,14.772256812850337,14.217524183046908,14.233238220214844,268904000,0.0,0.0
2021-05-11 00:00:00-04:00,13.793491447696557,14.322033972558541,13.718662569436159,14.27364444732666,285584000,0.0,0.0
2021-05-12 00:00:00-04:00,13.977570688888433,14.227749748406719,13.678005882819994,13.727143287658691,303408000,0.0,0.0
2021-05-13 00:00:00-04:00,14.001766578694564,14.048660348398045,13.428326490766908,13.634106636047363,285404000,0.0,0.0
2021-05-14 00:00:00-04:00,13.858343697165184,14.295345179023933,13.7171657173245,14.210538864135742,258616000,0.0,0.0
2021-05-17 00:00:00-04:00,14.124737083349402,14.13695911343798,13.821929508460382,14.133217811584473,216980000,0.0,0.0
2021-05-18 00:00:00-04:00,14.234485222964608,14.371422372294175,13.97208412168046,13.983807563781738,186256000,0.0,0.0
2021-05-19 00:00:00-04:00,13.535581647339058,14.047413007132981,13.512385007094382,14.03369426727295,344000000,0.0,0.0
2021-05-20 00:00:00-04:00,14.269904897281023,14.650286423076341,14.237978235158963,14.579198837280273,321592000,0.0,0.0
2021-05-21 00:00:00-04:00,15.12919233394966,15.187310011640008,14.835613378029347,14.957584381103516,672992000,0.0,0.0
2021-05-24 00:00:00-04:00,15.17782946856189,15.709116137261757,15.141412676969354,15.576419830322266,554816000,0.0,0.0
2021-05-25 00:00:00-04:00,15.730067640638532,15.782447759983752,15.44721404467354,15.61208724975586,435408000,0.0,0.0
2021-05-26 00:00:00-04:00,15.698392060076491,15.757756202081648,15.550729584781761,15.664219856262207,370440000,0.0,0.0
2021-05-27 00:00:00-04:00,15.663969004454568,15.714104534109342,15.424765504557204,15.452701568603516,581476000,0.0,0.0
2021-05-28 00:00:00-04:00,15.46567322053801,16.24040330560908,15.46567322053801,16.207477569580078,644536000,0.0,0.0
2021-06-01 00:00:00-04:00,16.23292432390352,16.350904748822455,15.867009359555448,16.227436065673828,472804000,0.0,0.0
2021-06-02 00:00:00-04:00,16.2152090783559,16.880190104909857,16.198496919474508,16.740009307861328,594168000,0.0,0.0
2021-06-03 00:00:00-04:00,16.66268623436134,17.21966430504243,16.545204441050135,16.931072235107422,580008000,0.0,0.0
2021-06-04 00:00:00-04:00,17.073495050352932,17.620744925866184,17.05653550321144,17.538185119628906,617120000,0.0,0.0
2021-06-07 00:00:00-04:00,17.53120623055829,17.771905511056648,17.15356884306315,17.578845977783203,575756000,0.0,0.0
2021-06-08 00:00:00-04:00,17.487310547572772,17.581345503930052,17.21168920738565,17.417221069335938,323848000,0.0,0.0
2021-06-09 00:00:00-04:00,17.479836821102058,17.538965213865822,17.22036969325011,17.32265853881836,381656000,0.004,0.0
2021-06-10 00:00:00-04:00,17.31442760468904,17.456136659465507,17.140784570786124,17.389272689819336,287772000,0.0,0.0
2021-06-11 00:00:00-04:00,17.44366012443171,17.902468587072715,17.407983989088986,17.7887020111084,416308000,0.0,0.0
2021-06-14 00:00:00-04:00,17.86928407777206,18.002509484726332,17.62653296585785,17.981801986694336,321376000,0.0,0.0
2021-06-15 00:00:00-04:00,17.878269225821697,17.97931132521287,17.69165236370676,17.75202751159668,243032000,0.0,0.0
2021-06-16 00:00:00-04:00,17.75427048170476,17.917933757296694,17.548442256286553,17.77372932434082,307124000,0.0,0.0
2021-06-17 00:00:00-04:00,17.738052415281857,18.796377001312635,17.719840325075904,18.61899185180664,809656000,0.0,0.0
2021-06-18 00:00:00-04:00,18.74548694805198,19.335274805560704,18.545896253200052,18.600534439086914,968856000,0.0,0.0
2021-06-21 00:00:00-04:00,18.39745216595632,18.49849617542411,17.78620871518202,18.389469146728516,672384000,0.0,0.0
2021-06-22 00:00:00-04:00,18.43362691291713,18.924868057922353,18.34830150419991,18.848024368286133,580144000,0.0,0.0
2021-06-23 00:00:00-04:00,18.9687771045024,19.11348026123593,18.86898175836073,19.01817512512207,332356000,0.0,0.0
2021-06-24 00:00:00-04:00,19.18832603442068,19.38018114291999,19.049110497974752,19.166120529174805,320924000,0.0,0.0
2021-06-25 00:00:00-04:00,19.24096637412508,19.30583362670558,18.855758174325253,18.99197769165039,278364000,0.0,0.0
2021-06-28 00:00:00-04:00,19.321555086988734,20.037584738824343,19.279392028593858,19.944026947021484,495436000,0.0,0.0
2021-06-29 00:00:00-04:00,19.84173026779028,20.05753631027192,19.61669255304675,19.985685348510742,367632000,0.0,0.0
2021-06-30 00:00:00-04:00,19.958245265520905,20.12116051801287,19.82302313148326,19.961488723754883,326568000,0.0,0.0
2021-07-01 00:00:00-04:00,20.083733615151363,20.414054274133893,19.977950070109877,20.170555114746094,480136000,0.0,0.0
2021-07-02 00:00:00-04:00,20.398336903887945,20.463204151935557,20.246149458528663,20.444990158081055,342764000,0.0,0.0
2021-07-06 00:00:00-04:00,20.694980768484587,20.799266327520442,20.308525759156822,20.65606117248535,446708000,0.0,0.0
2021-07-07 00:00:00-04:00,20.810745538325772,20.8322010925538,20.290315107629393,20.32998275756836,418428000,0.0,0.0
2021-07-08 00:00:00-04:00,19.815785826411023,20.091717673491328,19.66035491019757,19.861940383911133,503300000,0.0,0.0
2021-07-09 00:00:00-04:00,19.92156854746717,20.039077280594753,19.71374549718663,20.009138107299805,296624000,0.0,0.0
2021-07-12 00:00:00-04:00,20.19849956395264,20.49064871386537,20.146356789005843,20.470441818237305,321984000,0.0,0.0
2021-07-13 00:00:00-04:00,20.358669684118883,20.419296080234353,20.07275810496243,20.208478927612305,290708000,0.0,0.0
2021-07-14 00:00:00-04:00,20.316009610198147,20.3758860567773,19.712250523310388,19.800817489624023,380100000,0.0,0.0
2021-07-15 00:00:00-04:00,19.771131826549478,19.806309266725442,18.81983532223356,18.927364349365234,550564000,0.0,0.0
2021-07-16 00:00:00-04:00,18.99147642918106,19.117716205739104,18.03593942380129,18.12375831604004,688224000,0.0,0.0
2021-07-19 00:00:00-04:00,17.878519593867363,19.002958487584525,17.828870315920312,18.741247177124023,749060000,0.0,0.0
2021-07-20 00:00:00-04:00,18.6915992012212,18.79937758111035,18.12675963254832,18.573841094970703,434687000,0.0,4.0
2021-07-21 00:00:00-04:00,18.84328571218755,19.4869637086803,18.703573366941228,19.370203018188477,371017000,0.0,0.0
2021-07-22 00:00:00-04:00,19.601729208823922,19.846225831915095,19.23647847309044,19.5538272857666,323826000,0.0,0.0
2021-07-23 00:00:00-04:00,19.615699109499815,19.659609519887088,19.210531401083966,19.517900466918945,195672000,0.0,0.0
2021-07-26 00:00:00-04:00,19.271405648863613,19.402135661445893,18.875218391704966,19.254440307617188,203943000,0.0,0.0
2021-07-27 00:00:00-04:00,19.22549958731467,19.58176796610266,18.70257379806693,19.168617248535156,248863000,0.0,0.0
2021-07-28 00:00:00-04:00,19.279389940593333,19.605719148054416,18.956054841013263,19.4630126953125,202191000,0.0,0.0
2021-07-29 00:00:00-04:00,19.478980473837968,19.812297231772675,19.28837208483873,19.621688842773438,190781000,0.0,0.0
2021-07-30 00:00:00-04:00,19.378189213374448,19.589754472328845,19.22350820676467,19.45902442932129,183497000,0.0,0.0
2021-08-02 00:00:00-04:00,19.65960836133373,19.920072893515012,19.321302738209415,19.709505081176758,217444000,0.0,0.0
2021-08-03 00:00:00-04:00,19.699525118531906,20.180537181896543,19.180590863307074,19.774372100830078,301811000,0.0,0.0
2021-08-04 00:00:00-04:00,19.9490114340355,20.276339909269765,19.787342950872905,20.23242950439453,231309000,0.0,0.0
2021-08-05 00:00:00-04:00,20.457966376428395,20.690488430456615,20.300289398787864,20.594684600830078,211435000,0.0,0.0
2021-08-06 00:00:00-04:00,20.48192054791588,20.527825763716436,20.168563249678193,20.324243545532227,178497000,0.0,0.0
2021-08-09 00:00:00-04:00,20.404074992162744,20.465948136373385,20.10169679071814,20.253385543823242,146443000,0.0,0.0
2021-08-10 00:00:00-04:00,20.280332668750773,20.38811102969267,19.794329787926134,19.895124435424805,179238000,0.0,0.0
2021-08-11 00:00:00-04:00,20.00190004850871,20.007888262929665,19.390158072563768,19.658605575561523,185925000,0.0,0.0
2021-08-12 00:00:00-04:00,19.829255349294954,19.987927795842644,19.579768000128087,19.86418342590332,151652000,0.0,0.0
2021-08-13 00:00:00-04:00,19.864189545728184,20.172556019528486,19.810299408965527,20.146608352661133,183063000,0.0,0.0
2021-08-16 00:00:00-04:00,20.093712061602965,20.245400801786964,19.413109436698434,19.90909194946289,210876000,0.0,0.0
2021-08-17 00:00:00-04:00,19.64463995270253,19.729466669758875,19.22749769540796,19.418106079101562,204585000,0.0,0.0
2021-08-18 00:00:00-04:00,19.460015252777776,19.593741262399412,18.961040502706553,19.000959396362305,285913000,0.0,0.0
2021-08-19 00:00:00-04:00,19.454030585977893,20.45297957305176,18.72353106841598,19.757408142089844,766555000,0.0,0.0
2021-08-20 00:00:00-04:00,19.950010047710816,20.822218562508386,19.892130309855503,20.773319244384766,675741000,0.0,0.0
2021-08-23 00:00:00-04:00,20.9280032849488,21.95189872166772,20.90704643315834,21.912979125976562,575807000,0.0,0.0
2021-08-24 00:00:00-04:00,21.708396911428117,21.913973895266203,21.49084349746949,21.748313903808594,297299000,0.0,0.0
2021-08-25 00:00:00-04:00,21.692431791193993,22.423928711519626,21.67746315503596,22.167455673217773,347701000,0.0,0.0
2021-08-26 00:00:00-04:00,22.154482079765433,22.29419441591644,21.745322892376493,22.02275276184082,237940000,0.0,0.0
2021-08-27 00:00:00-04:00,22.138515254341666,22.675412277569755,22.121549912178164,22.589588165283203,304722000,0.0,0.0
2021-08-30 00:00:00-04:00,22.78319428645678,22.995756943072745,22.504766957029286,22.6414852142334,262580000,0.0,0.0
2021-08-31 00:00:00-04:00,22.652464652285502,22.652464652285502,22.07854346142749,22.343046188354492,259850000,0.004,0.0
2021-09-01 00:00:00-04:00,22.44285537745588,22.65445790419429,22.315095038029632,22.398937225341797,201767000,0.0,0.0
2021-09-02 00:00:00-04:00,22.47579213790653,22.550652320173334,22.253210553299805,22.354021072387695,187834000,0.0,0.0
2021-09-03 00:00:00-04:00,22.28315738628318,22.94291778441675,22.158391671698777,22.800186157226562,280532000,0.0,0.0
2021-09-07 00:00:00-04:00,22.790203015084845,22.856079292366953,22.47978511733156,22.619524002075195,198107000,0.0,0.0
2021-09-08 00:00:00-04:00,22.470804242295802,22.567622556480774,21.935807666986186,22.297130584716797,254434000,0.0,0.0
2021-09-09 00:00:00-04:00,22.27018231090485,22.495758565939447,22.089521791381827,22.135435104370117,196856000,0.0,0.0
2021-09-10 00:00:00-04:00,22.30610802241827,22.583586786776177,22.22825511755486,22.43586540222168,248376000,0.0,0.0
2021-09-13 00:00:00-04:00,22.64147982499128,22.92095566229526,21.817027913529255,22.110477447509766,297500000,0.0,0.0
2021-09-14 00:00:00-04:00,22.233246938092215,22.367994119992584,22.04460202569577,22.20030975341797,199755000,0.0,0.0
2021-09-15 00:00:00-04:00,22.267184155866353,22.325076004521907,21.9248266618489,22.299123764038086,166538000,0.0,0.0
2021-09-16 00:00:00-04:00,22.141420328903294,22.235243996454347,21.8858996623171,22.20030975341797,156033000,0.0,0.0
2021-09-17 00:00:00-04:00,22.258201451764013,22.27916199923843,21.78908307702213,21.858951568603516,294503000,0.0,0.0
2021-09-20 00:00:00-04:00,21.10636056579907,21.392823223374187,20.623268596762017,21.073423385620117,349440000,0.0,0.0
2021-09-21 00:00:00-04:00,21.376857685741996,21.384842112502014,20.91073393353003,21.206178665161133,204688000,0.0,0.0
2021-09-22 00:00:00-04:00,21.325948895718273,21.918835312303802,21.15626748266208,21.899871826171875,268726000,0.0,0.0
2021-09-23 00:00:00-04:00,22.098501364527507,22.49276145465925,21.84896995109328,22.439861297607422,248555000,0.0,0.0
2021-09-24 00:00:00-04:00,22.02863275410855,22.10748515246272,21.820024859131454,22.03961181640625,217655000,0.0,0.0
2021-09-27 00:00:00-04:00,21.66930745391913,21.75814133943312,21.285030745012563,21.619401931762695,245215000,0.0,0.0
2021-09-28 00:00:00-04:00,21.174238025483074,21.37885370551217,20.61229166058771,20.660202026367188,343069000,0.0,0.0
2021-09-29 00:00:00-04:00,20.900753668486963,20.977609015916958,20.428638712979975,20.478546142578125,218394000,0.0,0.0
2021-09-30 00:00:00-04:00,20.729070465227082,21.02651220548309,20.64922049971576,20.677167892456055,221009000,0.0,0.0
2021-10-01 00:00:00-04:00,20.711103703044348,20.819898634048688,20.165128182316913,20.7031192779541,240978000,0.0,0.0
2021-10-04 00:00:00-04:00,20.465565305506654,20.50349418175342,19.518344784114188,19.69501304626465,345635000,0.0,0.0
2021-10-05 00:00:00-04:00,19.912607817291025,20.609299487136077,19.81678708313489,20.412668228149414,279282000,0.0,0.0
2021-10-06 00:00:00-04:00,20.08228868291119,20.681162542951505,20.0423627435626,20.66120147705078,297202000,0.0,0.0
2021-10-07 00:00:00-04:00,21.052462185843545,21.282032498628507,20.93268819147804,21.03549575805664,256919000,0.0,0.0
2021-10-08 00:00:00-04:00,21.061448413209504,21.166251145772502,20.73605924982708,20.791954040527344,151258000,0.0,0.0
2021-10-11 00:00:00-04:00,20.536435934235318,21.02352021397934,20.472554811528397,20.65620994567871,163388000,0.0,0.0
2021-10-12 00:00:00-04:00,20.788958953630814,21.01752980565477,20.489522037442182,20.632253646850586,162134000,0.0,0.0
2021-10-13 00:00:00-04:00,20.878791116440304,20.950656664118235,20.674175439233597,20.899751663208008,180652000,0.0,0.0
2021-10-14 00:00:00-04:00,21.248098528115012,21.714222253274098,21.082409307932014,21.70524024963379,243589000,0.0,0.0
2021-10-15 00:00:00-04:00,21.769121358057497,21.889894859206656,21.621399939873605,21.82102394104004,226994000,0.0,0.0
2021-10-18 00:00:00-04:00,21.708236321965515,22.249220266718705,21.6034316769626,22.180349349975586,189494000,0.0,0.0
2021-10-19 00:00:00-04:00,22.23424484253194,22.337052418565072,21.9956944090803,22.248220443725586,161473000,0.0,0.0
2021-10-20 00:00:00-04:00,22.26319408528226,22.390954434037532,21.94079952926204,22.061573028564453,146276000,0.0,0.0
2021-10-21 00:00:00-04:00,22.05558337136621,22.66843286145896,22.04160967270452,22.64946746826172,187590000,0.0,0.0
2021-10-22 00:00:00-04:00,22.780219408090645,23.086643160322406,22.51871138181134,22.683401107788086,249384000,0.0,0.0
2021-10-25 00:00:00-04:00,22.929940528822996,23.311224503277625,22.727321901708653,23.12257957458496,230235000,0.0,0.0
2021-10-26 00:00:00-04:00,23.94403167931044,25.211651454509198,23.879152992168073,24.670665740966797,485898000,0.0,0.0
2021-10-27 00:00:00-04:00,24.428124228118715,25.04296875464928,24.23648279333658,24.405166625976562,245990000,0.0,0.0
2021-10-28 00:00:00-04:00,24.831371132879006,24.903236685034123,24.477036970431932,24.89425277709961,234204000,0.0,0.0
2021-10-29 00:00:00-04:00,24.95414007740441,25.66081325576644,24.953142499991234,25.519079208374023,292503000,0.0,0.0
2021-11-01 00:00:00-04:00,25.60092529063793,25.84546501189111,25.17971537761912,25.77859115600586,265740000,0.0,0.0
2021-11-02 00:00:00-04:00,25.773599620972107,26.627994125241784,25.751639593772857,26.351512908935547,294112000,0.0,0.0
2021-11-03 00:00:00-04:00,26.62001084272468,26.733797485295405,26.185826723233117,26.548145294189453,239910000,0.0,0.0
2021-11-04 00:00:00-04:00,27.177960661408324,31.30620761167732,27.067168664563635,29.745140075683594,1153631000,0.0,0.0
2021-11-05 00:00:00-04:00,30.130413983192042,31.341139529277115,29.354870062794774,29.696229934692383,851260000,0.0,0.0
2021-11-08 00:00:00-05:00,30.092488648394927,31.04170629985102,29.850941676322343,30.746261596679688,503101000,0.0,0.0
2021-11-09 00:00:00-05:00,32.22149093283239,32.24943832676834,29.907835084715092,30.59953498840332,646746000,0.0,0.0
2021-11-10 00:00:00-05:00,29.30097811813441,30.79217735388519,28.72406045944693,29.403783798217773,636206000,0.0,0.0
2021-11-11 00:00:00-05:00,30.410891240075124,30.53266230455437,29.721186464615332,30.333036422729492,332172000,0.0,0.0
2021-11-12 00:00:00-05:00,29.95374953179042,30.622493760998218,29.574460737077853,30.333036422729492,413054000,0.0,0.0
2021-11-15 00:00:00-05:00,30.49473401848278,30.586560631343108,29.192179778474006,29.968721389770508,384909000,0.0,0.0
2021-11-16 00:00:00-05:00,29.703222866064166,30.333038783734807,29.650320803885577,30.14638900756836,264484000,0.0,0.0
2021-11-17 00:00:00-05:00,30.360986800231885,30.451817746686785,28.74601938777359,29.20615577697754,428508000,0.0,0.0
2021-11-18 00:00:00-05:00,32.306333486090914,32.69859461239762,31.262292624753737,31.615629196166992,781711000,0.0,0.0
2021-11-19 00:00:00-05:00,32.182565986384056,33.0259833953756,31.84520016505162,32.92317581176758,533867000,0.0,0.0
2021-11-22 00:00:00-05:00,33.454175976198115,34.58205903594551,31.84020811210379,31.896102905273438,754335000,0.0,0.0
2021-11-23 00:00:00-05:00,31.475889889044435,32.29934425081102,30.82211695136058,31.686494827270508,532163000,0.0,0.0
2021-11-24 00:00:00-05:00,31.40203282737438,32.79341914298425,30.87003088944136,32.61275863647461,435162000,0.0,0.0
2021-11-26 00:00:00-05:00,32.53889066725361,32.64868508446507,31.291235661890763,31.44394874572754,283069000,0.0,0.0
2021-11-29 00:00:00-05:00,32.305333266978955,33.34937023539346,31.975950001854695,33.313438415527344,454964000,0.0,0.0
2021-11-30 00:00:00-05:00,33.106821974068005,33.290478976993946,31.804269853026124,32.61474609375,622066000,0.0,0.0
2021-12-01 00:00:00-05:00,33.160795426923904,33.23067246826559,31.325015118496538,31.379919052124023,484368000,0.004,0.0
2021-12-02 00:00:00-05:00,31.159308990581952,32.421094208004575,30.970639066061615,32.06970977783203,472890000,0.0,0.0
2021-12-03 00:00:00-05:00,31.943930302637863,32.07270588626798,30.077206037814552,30.63922119140625,544325000,0.0,0.0
2021-12-06 00:00:00-05:00,29.827646678222976,30.18801423424058,27.988874974536508,29.984373092651367,658938000,0.0,0.0
2021-12-07 00:00:00-05:00,30.902756606380816,32.392142841620974,30.597291131834343,32.37017822265625,593053000,0.0,0.0
2021-12-08 00:00:00-05:00,31.94293226813798,32.233422746850074,31.36594401255075,31.770235061645508,475551000,0.0,0.0
2021-12-09 00:00:00-05:00,31.67839268554398,32.14856994011714,30.37468139518986,30.436573028564453,488507000,0.0,0.0
2021-12-10 00:00:00-05:00,31.095415868447336,31.250144949351395,29.80867500856265,30.145084381103516,488825000,0.0,0.0
2021-12-13 00:00:00-05:00,30.195998888423453,30.240920116532646,28.06673496085565,28.111656188964844,598344000,0.0,0.0
2021-12-14 00:00:00-05:00,27.650461481132158,28.627746036642417,27.202248873559082,28.287343978881836,667035000,0.0,0.0
2021-12-15 00:00:00-05:00,28.350237826437468,30.44655863805575,27.78922227506093,30.405630111694336,698297000,0.0,0.0
2021-12-16 00:00:00-05:00,31.097417834039266,31.10540323811993,28.04377760791641,28.337261199951172,707366000,0.0,0.0
2021-12-17 00:00:00-05:00,27.93596259636866,28.87132096888041,27.711356482242586,27.75228500366211,713758000,0.0,0.0
2021-12-20 00:00:00-05:00,27.257156982057477,28.094685698240124,27.09743748345742,27.67043113708496,461847000,0.0,0.0
2021-12-21 00:00:00-05:00,28.324281700128683,29.06897479771501,27.35298517924628,29.0240535736084,524385000,0.0,0.0
2021-12-22 00:00:00-05:00,28.840378926185185,29.503215046409085,28.399152043018393,29.348485946655273,395184000,0.0,0.0
2021-12-23 00:00:00-05:00,29.70286054753858,30.00632871228382,29.379428875117828,29.588062286376953,343022000,0.0,0.0
2021-12-27 00:00:00-05:00,29.608029328774624,31.032528972229475,29.58806391599303,30.890777587890625,403686000,0.0,0.0
2021-12-28 00:00:00-05:00,31.25713249472459,31.275100603124315,29.959409332433424,30.26886749267578,420591000,0.0,0.0
2021-12-29 00:00:00-05:00,30.21995375002825,30.494471490469774,29.314541581042764,29.948429107666016,343139000,0.0,0.0
2021-12-30 00:00:00-05:00,29.774735640296466,30.403632796140236,29.48823978184023,29.53415870666504,308864000,0.0,0.0
2021-12-31 00:00:00-05:00,29.622002373549556,29.97737945748356,29.27960299728883,29.35946273803711,266530000,0.0,0.0
2022-01-03 00:00:00-05:00,29.762756577148686,30.657186451057335,29.73280845983245,30.068220138549805,391547000,0.0,0.0
2022-01-04 00:00:00-05:00,30.223950007701305,30.414615328202974,28.299328692062627,29.238679885864258,527154000,0.0,0.0
2022-01-05 00:00:00-05:00,28.89827220752066,29.364454845205913,27.484754996190166,27.55562973022461,498064000,0.0,0.0
2022-01-06 00:00:00-05:00,27.59157032025487,28.38817244992483,27.017578941512586,28.12862777709961,454186000,0.0,0.0
2022-01-07 00:00:00-05:00,28.091691414138594,28.372199176316535,27.009589286388195,27.199256896972656,409939000,0.0,0.0
2022-01-10 00:00:00-05:00,26.53442639235559,27.420871001183084,25.599067850438242,27.351991653442383,594681000,0.0,0.0
2022-01-11 00:00:00-05:00,27.27512701669273,28.015827528910936,26.79197578494251,27.768260955810547,404089000,0.0,0.0
2022-01-12 00:00:00-05:00,28.017823287842585,28.544898057978678,27.559627866622925,27.94994354248047,383413000,0.0,0.0
2022-01-13 00:00:00-05:00,28.329274682646453,28.43009754522804,26.451570009485632,26.5284366607666,540171000,0.0,0.0
2022-01-14 00:00:00-05:00,26.253915387974256,27.149344895054742,26.164072937043017,26.894790649414062,395832000,0.0,0.0
2022-01-18 00:00:00-05:00,26.213991291636056,26.591329274186194,25.724850026554577,25.857616424560547,424270000,0.0,0.0
2022-01-19 00:00:00-05:00,26.033302835009554,26.496488575055174,25.00810199719987,25.023075103759766,488315000,0.0,0.0
2022-01-20 00:00:00-05:00,25.259666335157394,25.53418413360021,24.035812643236415,24.10768699645996,435181000,0.0,0.0
2022-01-21 00:00:00-05:00,23.465812345644732,24.779506510314803,23.22224038640984,23.333045959472656,718958000,0.0,0.0
2022-01-24 00:00:00-05:00,22.290873045084584,23.339032461596926,20.851400297392644,23.33104705810547,913982000,0.0,0.0
2022-01-25 00:00:00-05:00,22.506496560966628,22.902802239409883,21.96145368267217,22.28488540649414,664616000,0.0,0.0
2022-01-26 00:00:00-05:00,23.199279940872195,24.01484787549454,22.260926423275635,22.732099533081055,755959000,0.0,0.0
2022-01-27 00:00:00-05:00,23.526707029785165,23.952958923898915,21.637022223060633,21.90555191040039,573353000,0.0,0.0
2022-01-28 00:00:00-05:00,21.97342995522817,22.81794827384132,21.258684918334325,22.79998016357422,543774000,0.0,0.0
2022-01-31 00:00:00-05:00,23.141378345935742,24.466054667495563,23.01160697733415,24.44309425354004,564680000,0.0,0.0
2022-02-01 00:00:00-05:00,25.060014577270604,25.100943105440315,23.848140964476304,24.594831466674805,518925000,0.0,0.0
2022-02-02 00:00:00-05:00,25.74880779143588,25.77176630577957,24.509980980222984,25.19777488708496,543419000,0.0,0.0
2022-02-03 00:00:00-05:00,24.415142943146904,25.03305776455981,23.7383314909626,23.906036376953125,410178000,0.0,0.0
2022-02-04 00:00:00-05:00,23.92999606449557,24.59183445369835,23.590591664698938,24.27638816833496,354829000,0.0,0.0
2022-02-07 00:00:00-05:00,24.3292980583028,25.137878340746738,24.159595835665748,24.684675216674805,376868000,0.0,0.0
2022-02-08 00:00:00-05:00,24.316314916944023,25.185788950872347,23.937979329001863,25.064002990722656,410359000,0.0,0.0
2022-02-09 00:00:00-05:00,25.57710623910371,26.678174261074123,25.308578465248807,26.6582088470459,524282000,0.0,0.0
2022-02-10 00:00:00-05:00,25.949458944006057,26.877828032803468,25.555150506587893,25.778757095336914,513200000,0.0,0.0
2022-02-11 00:00:00-05:00,25.870590198315274,26.106176738658828,23.73134552582586,23.90703582763672,605472000,0.0,0.0
2022-02-14 00:00:00-05:00,23.892064854710046,24.831416097685928,23.71337763060002,24.2244815826416,440424000,0.0,0.0
2022-02-15 00:00:00-05:00,24.905283461876483,26.498487601294322,24.74057356698543,26.448575973510742,699869000,0.0,0.0
2022-02-16 00:00:00-05:00,26.212992641734825,26.535426670922043,25.50723063832826,26.464550018310547,732676000,0.0,0.0
2022-02-17 00:00:00-05:00,25.585087359308258,25.739816436110125,24.12265625072454,24.46405601501465,810595000,0.0,0.0
2022-02-18 00:00:00-05:00,24.624773808589243,24.942217372815527,23.059522509377167,23.60057258605957,761255000,0.0,0.0
2022-02-22 00:00:00-05:00,22.99463678764962,24.021833053025585,22.959698268691692,23.349014282226562,633422000,0.0,0.0
2022-02-23 00:00:00-05:00,23.760296175065644,24.112678317780876,22.261926649888636,22.347774505615234,566511000,0.0,0.0
2022-02-24 00:00:00-05:00,20.978177373546444,23.758297405959556,20.853396395775633,23.706388473510742,735801000,0.0,0.0
2022-02-25 00:00:00-05:00,23.6794348746559,24.174564129979828,23.340030496986053,24.114669799804688,528866000,0.0,0.0
2022-02-28 00:00:00-05:00,23.949968292728848,24.621789579462217,23.66546774488,24.3422794342041,477319000,0.0,0.0
2022-03-01 00:00:00-05:00,24.24843435974358,24.334284100534386,23.091464921709193,23.43585968017578,412056000,0.0,0.0
2022-03-02 00:00:00-05:00,23.71841598057506,24.370382742730364,23.377955875213303,24.18168067932129,389642000,0.004,0.0
2022-03-03 00:00:00-05:00,24.223612651520526,24.287512474639268,23.431868039395695,23.676481246948242,365095000,0.0,0.0
2022-03-04 00:00:00-05:00,23.347006629240735,23.64253787661564,22.446433192118437,22.899715423583984,431415000,0.0,0.0
2022-03-07 00:00:00-05:00,22.780896526941394,22.996556262439313,21.296249866544677,21.318214416503906,450821000,0.0,0.0
2022-03-08 00:00:00-05:00,21.275285813794373,22.33760157518028,20.617328059710964,21.479961395263672,557467000,0.0,0.0
2022-03-09 00:00:00-05:00,22.351583556375424,23.183265957702734,22.211805641641845,22.97759246826172,492742000,0.0,0.0
2022-03-10 00:00:00-05:00,22.495354352227555,22.751947727878036,21.84738095284978,22.622154235839844,428066000,0.0,0.0
2022-03-11 00:00:00-05:00,22.9855770902532,23.108383593316066,22.011121351979686,22.06503677368164,367209000,0.0,0.0
2022-03-14 00:00:00-04:00,21.834399997336966,22.226777871939785,21.125524219940516,21.296253204345703,385354000,0.0,0.0
2022-03-15 00:00:00-04:00,21.483957009446616,23.001552744251775,21.28826794519085,22.936655044555664,491996000,0.0,0.0
2022-03-16 00:00:00-04:00,23.46282036717551,24.558084912150203,23.1353401835326,24.457244873046875,671422000,0.0,0.0
2022-03-17 00:00:00-04:00,24.08184022245879,24.80269615292569,23.8681780942896,24.726818084716797,471941000,0.0,0.0
2022-03-18 00:00:00-04:00,24.759767307709588,26.52696759184535,24.58504492269525,26.411149978637695,730719000,0.0,0.0
2022-03-21 00:00:00-04:00,26.465061754529117,27.109041720804736,25.92591520481067,26.691701889038086,591727000,0.0,0.0
2022-03-22 00:00:00-04:00,26.68471261905234,27.194905714445504,26.030750159353722,26.48203468322754,547007000,0.0,0.0
2022-03-23 00:00:00-04:00,26.0846650979012,26.569896250630553,25.53453815380786,25.59344482421875,502120000,0.0,0.0
2022-03-24 00:00:00-04:00,26.124604467332354,28.27519606311892,25.866013441097486,28.105464935302734,877379000,0.0,0.0
2022-03-25 00:00:00-04:00,27.841880951681336,28.313134317487354,27.227854178048023,27.6481876373291,579016000,0.0,0.0
2022-03-28 00:00:00-04:00,27.71208959715497,28.205307554645753,27.162958572961415,28.17435646057129,425494000,0.0,0.0
2022-03-29 00:00:00-04:00,28.649602225179738,28.90020457741188,27.935733252172543,28.61066436767578,488984000,0.0,0.0
2022-03-30 00:00:00-04:00,28.259221469312404,28.45091714497132,27.45948812666077,27.64619255065918,463487000,0.0,0.0
2022-03-31 00:00:00-04:00,27.738047789237637,28.20331016980752,27.226858654060223,27.24283218383789,523440000,0.0,0.0
2022-04-01 00:00:00-04:00,27.331687987480848,27.45249683388837,26.225441234293676,26.669736862182617,517235000,0.0,0.0
2022-04-04 00:00:00-04:00,26.685713274366496,27.51440002424251,26.570895448674566,27.316713333129883,397120000,0.0,0.0
2022-04-05 00:00:00-04:00,27.21088144403923,27.275779141436164,25.779150145109142,25.88997459411621,436615000,0.0,0.0
2022-04-06 00:00:00-04:00,24.89455587276125,25.259976105012594,23.965028904541754,24.368389129638672,703833000,0.0,0.0
2022-04-07 00:00:00-04:00,24.402333720111592,24.68288930829468,23.440857864946675,24.169702529907227,557992000,0.0,0.0
2022-04-08 00:00:00-04:00,23.879162026385522,23.885153052088434,23.02551513263404,23.08242416381836,524781000,0.0,0.0
2022-04-11 00:00:00-04:00,22.178855209001213,22.28468649746738,21.62573085727686,21.88232421875,575207000,0.0,0.0
2022-04-12 00:00:00-04:00,22.501344972589628,22.68904726444352,21.248329435806077,21.46997833251953,662258000,0.0,0.0
2022-04-13 00:00:00-04:00,21.69362076897719,22.464398605727492,21.4210520165327,22.16786766052246,516943000,0.0,0.0
2022-04-14 00:00:00-04:00,22.469396023411957,22.740966981123965,21.129520025596825,21.224369049072266,569097000,0.0,0.0
2022-04-18 00:00:00-04:00,21.166457415456822,22.05305097545112,21.045648576229645,21.74853515625,525701000,0.0,0.0
2022-04-19 00:00:00-04:00,21.685639292289437,22.3376061550133,21.280281428151497,22.162883758544922,512781000,0.0,0.0
2022-04-20 00:00:00-04:00,22.481375661869,22.634133476038546,21.16645987408989,21.448013305664062,468974000,0.0,0.0
2022-04-21 00:00:00-04:00,21.67465447269553,22.35657448244033,19.968358596275365,20.15106964111328,656209000,0.0,0.0
2022-04-22 00:00:00-04:00,20.27087658209677,20.453587607608277,19.46914757200327,19.48412322998047,624713000,0.0,0.0
2022-04-25 00:00:00-04:00,19.17161876841651,19.91344324394148,19.06578748429904,19.870512008666992,641566000,0.0,0.0
2022-04-26 00:00:00-04:00,19.686802954155635,19.75669189674931,18.640460745330987,18.75827407836914,653143000,0.0,0.0
2022-04-27 00:00:00-04:00,18.568577222764382,19.136677298891684,18.26106582462468,18.385868072509766,499460000,0.0,0.0
2022-04-28 00:00:00-04:00,18.936992635336562,20.005301459653204,18.460747981111204,19.750703811645508,570327000,0.0,0.0
2022-04-29 00:00:00-04:00,19.371305106860206,20.09615635655,18.487705010179635,18.517658233642578,500435000,0.0,0.0
2022-05-02 00:00:00-04:00,18.511665122150422,19.543029767970605,18.36190283037338,19.50209617614746,572049000,0.0,0.0
2022-05-03 00:00:00-04:00,19.36930761313559,19.79363637931418,19.102729825683173,19.570987701416016,475751000,0.0,0.0
2022-05-04 00:00:00-04:00,19.891481213837118,20.367725861414897,18.72133448924937,20.301830291748047,648855000,0.0,0.0
2022-05-05 00:00:00-04:00,19.83556828731373,19.893475182789324,18.470730488012624,18.814186096191406,626331000,0.0,0.0
2022-05-06 00:00:00-04:00,18.70636255136101,19.48113410777353,17.961542320727606,18.645458221435547,633297000,0.0,0.0
2022-05-09 00:00:00-04:00,18.005474120714947,18.22612330775387,16.800382628355408,16.923189163208008,644455000,0.0,0.0
2022-05-10 00:00:00-04:00,17.661012701780987,18.1692081694567,16.998063684586604,17.567161560058594,761474000,0.0,0.0
2022-05-11 00:00:00-04:00,17.31955381351451,17.724911580118736,16.541787012472994,16.603687286376953,670167000,0.0,0.0
2022-05-12 00:00:00-04:00,16.193341264041266,16.761441344854425,15.542373259298687,16.149410247802734,708728000,0.0,0.0
2022-05-13 00:00:00-04:00,16.76143927351917,17.89963503357807,16.566748093964986,17.67798614501953,670437000,0.0,0.0
2022-05-16 00:00:00-04:00,17.48130380079539,17.759861788512186,17.078941416612707,17.236690521240234,521446000,0.0,0.0
2022-05-17 00:00:00-04:00,18.045405262711192,18.341936274653683,17.606102740003116,18.148242950439453,585830000,0.0,0.0
2022-05-18 00:00:00-04:00,17.676990169187597,18.08933689945816,16.837321048409155,16.911203384399414,545161000,0.0,0.0
2022-05-19 00:00:00-04:00,16.91020226237054,17.659015599508766,16.707522431730485,17.096906661987305,621310000,0.0,0.0
2022-05-20 00:00:00-04:00,17.30458031525228,17.382456030278203,15.73007462070742,16.66758918762207,739105000,0.0,0.0
2022-05-23 00:00:00-04:00,16.24825212947614,16.88823871274261,16.153403120038337,16.871265411376953,639889000,0.0,0.0
2022-05-24 00:00:00-04:00,16.483878501085666,16.57074074512232,15.755032994513659,16.128440856933594,588550000,0.0,0.0
2022-05-25 00:00:00-04:00,15.994655856173082,17.083929432634935,15.974687040333203,16.948144912719727,781132000,0.0,0.0
2022-05-26 00:00:00-04:00,16.010628703746065,18.063375657281167,15.996650914119456,17.822757720947266,996575000,0.0,0.0
2022-05-27 00:00:00-04:00,18.15722925835725,18.85112941351262,18.07136487475826,18.781240463256836,738379000,0.0,0.0
2022-05-31 00:00:00-04:00,18.949971241226027,19.169624397490942,18.320968803583344,18.642459869384766,664100000,0.0,0.0
2022-06-01 00:00:00-04:00,18.694379640054212,19.022857731380693,18.09333081321993,18.291017532348633,544514000,0.0,0.0
2022-06-02 00:00:00-04:00,18.26306021117362,19.587960441440174,18.16920906482629,19.561002731323242,648656000,0.0,0.0
2022-06-03 00:00:00-04:00,19.051814581162034,19.301419101782233,18.4926990838542,18.690385818481445,598779000,0.0,0.0
2022-06-06 00:00:00-04:00,19.10871922629009,19.306405915466303,18.53462819912293,18.756277084350586,422406000,0.0,0.0
2022-06-07 00:00:00-04:00,18.442773083805278,18.969937542043855,18.15922204233919,18.896055221557617,388914000,0.0,0.0
2022-06-08 00:00:00-04:00,18.773226668072084,19.15370484145058,18.509588668664488,18.622434616088867,363252000,0.004,0.0
2022-06-09 00:00:00-04:00,18.455665170383455,18.90704518527474,18.016267836051888,18.023258209228516,395574000,0.0,0.0
2022-06-10 00:00:00-04:00,17.575872545670485,17.672739690299487,16.845873774339914,16.95073127746582,465248000,0.0,0.0
2022-06-13 00:00:00-04:00,15.978063114136962,16.289635619144264,15.5846032566188,15.625547409057617,604153000,0.0,0.0
2022-06-14 00:00:00-04:00,15.709432554065721,16.043973303080133,15.390869663145198,15.814289093017578,469680000,0.0,0.0
2022-06-15 00:00:00-04:00,16.07293416311362,16.844875148826677,15.904166178242575,16.504343032836914,563936000,0.0,0.0
2022-06-16 00:00:00-04:00,15.838252651218365,15.920140945404793,15.379882391184518,15.579607963562012,545749000,0.0,0.0
2022-06-17 00:00:00-04:00,15.626545464540554,15.973069829679215,15.306984507524353,15.858227729797363,630334000,0.0,0.0
2022-06-21 00:00:00-04:00,16.452410541498544,16.98467875393018,16.384502987920513,16.543285369873047,483089000,0.0,0.0
2022-06-22 00:00:00-04:00,16.203751242608906,16.639154235727236,16.157814788761254,16.337568283081055,437135000,0.0,0.0
2022-06-23 00:00:00-04:00,16.49634866159387,16.562258148807814,15.83126245078347,16.2027530670166,463680000,0.0,0.0
2022-06-24 00:00:00-04:00,16.477376935581376,17.11649882538618,16.287636910270518,17.10251808166504,472153000,0.0,0.0
2022-06-27 00:00:00-04:00,17.288264381866544,17.306239352209836,16.603204110211394,16.845870971679688,427968000,0.0,0.0
2022-06-28 00:00:00-04:00,16.87682839483553,17.178414374885598,15.92313785085493,15.960087776184082,461149000,0.0,0.0
2022-06-29 00:00:00-04:00,15.79231830404367,15.798309643448949,15.149201208571759,15.52069091796875,482352000,0.0,0.0
2022-06-30 00:00:00-04:00,15.339938722941218,15.545656605686547,14.841623301451254,15.138216018676758,686070000,0.0,0.0
2022-07-01 00:00:00-04:00,14.878572886252945,15.042347592073154,14.37226803933096,14.503087997436523,577610000,0.0,0.0
2022-07-05 00:00:00-04:00,14.155565553205147,14.950473724833659,14.035730193518944,14.943483352661133,651397000,0.0,0.0
2022-07-06 00:00:00-04:00,14.98942043366788,15.297996787571694,14.768722770175227,15.10925579071045,529066000,0.0,0.0
2022-07-07 00:00:00-04:00,15.434810545701199,15.92313950679781,15.3679020124272,15.836258888244629,492903000,0.0,0.0
2022-07-08 00:00:00-04:00,15.408847328908836,16.015015543518548,15.367903170070305,15.816287994384766,467972000,0.0,0.0
2022-07-11 00:00:00-04:00,15.504713369588908,15.505712402359757,15.017382517341197,15.131226539611816,437321000,0.0,0.0
2022-07-12 00:00:00-04:00,15.247067074911202,15.409843707011005,14.856603345377188,15.061322212219238,458483000,0.0,0.0
2022-07-13 00:00:00-04:00,14.569997932966434,15.35392158166802,14.445169302221165,15.143210411071777,521918000,0.0,0.0
2022-07-14 00:00:00-04:00,15.087286500905327,15.451785851708097,14.70780737248184,15.350924491882324,456235000,0.0,0.0
2022-07-15 00:00:00-04:00,15.637530405493203,15.760360953090563,15.423823119073793,15.740388870239258,385935000,0.0,0.0
2022-07-18 00:00:00-04:00,16.27965073780717,16.8738343338964,15.9800627861914,16.07892608642578,670517000,0.0,0.0
2022-07-19 00:00:00-04:00,16.463397441175893,17.086542473862675,16.14982876399713,16.968704223632812,702366000,0.0,0.0
2022-07-20 00:00:00-04:00,16.92376734668727,17.908415670341522,16.777967593941465,17.7825870513916,760538000,0.0,0.0
2022-07-21 00:00:00-04:00,17.8604767159777,18.119120453359592,17.52094276400612,18.025249481201172,557049000,0.0,0.0
2022-07-22 00:00:00-04:00,17.8684661344218,17.94236407699637,17.113502185798406,17.29525375366211,536671000,0.0,0.0
2022-07-25 00:00:00-04:00,16.9956657310704,17.100523221688167,16.626174074697623,17.000659942626953,480748000,0.0,0.0
2022-07-26 00:00:00-04:00,16.865842980750855,16.89580253265484,16.455407214753343,16.510332107543945,397865000,0.0,0.0
2022-07-27 00:00:00-04:00,17.00864767966369,17.911409474895198,16.88981135399597,17.765609741210938,569776000,0.0,0.0
2022-07-28 00:00:00-04:00,17.950354516867552,18.115127291770673,17.41608821791284,17.959341049194336,474646000,0.0,0.0
2022-07-29 00:00:00-04:00,17.788579119485384,18.218987999280966,17.667744714059165,18.138099670410156,435460000,0.0,0.0
2022-08-01 00:00:00-04:00,18.157070500022193,18.820161575559553,17.96533430834322,18.41571617126465,476469000,0.0,0.0
2022-08-02 00:00:00-04:00,18.097155349870032,18.912036637847795,18.06719579272413,18.500600814819336,489527000,0.0,0.0
2022-08-03 00:00:00-04:00,18.15907024025615,18.9419957935247,18.11213379219575,18.867097854614258,418146000,0.0,0.0
2022-08-04 00:00:00-04:00,18.823158426576263,19.247574977869366,18.734279747108175,19.188655853271484,409652000,0.0,0.0
2022-08-05 00:00:00-04:00,18.784211469742147,19.202637656923585,18.640409788848668,18.962966918945312,386068000,0.0,0.0
2022-08-08 00:00:00-04:00,17.478002915306064,18.21399188909155,17.21835918610946,17.76860237121582,981859000,0.0,0.0
2022-08-09 00:00:00-04:00,17.22834908101904,17.42308143991312,16.701073067496456,17.062576293945312,668263000,0.0,0.0
2022-08-10 00:00:00-04:00,17.673734322817726,18.093158539293153,17.293256191756413,18.072187423706055,597422000,0.0,0.0
2022-08-11 00:00:00-04:00,18.106140389297327,18.681350826322625,17.851488963198253,17.91739845275879,509327000,0.0,0.0
2022-08-12 00:00:00-04:00,18.13510435267099,18.692339955779353,17.928387396994086,18.683351516723633,478094000,0.0,0.0
2022-08-15 00:00:00-04:00,18.675357730164997,19.137722217458236,18.587479049449644,19.005903244018555,457666000,0.0,0.0
2022-08-16 00:00:00-04:00,18.89405732170468,19.11575304130869,18.475631222011828,18.853113174438477,451240000,0.0,0.0
2022-08-17 00:00:00-04:00,18.497604095833214,18.66237687623196,18.12012210718254,18.309860229492188,446799000,0.0,0.0
2022-08-18 00:00:00-04:00,18.275909944267593,18.83913587806954,18.15807169165651,18.747262954711914,415447000,0.0,0.0
2022-08-19 00:00:00-04:00,18.38076519901237,18.49460922307441,17.74563748579289,17.82452964782715,441588000,0.0,0.0
2022-08-22 00:00:00-04:00,17.4660190619216,17.53392661882778,16.942737355813545,17.010644912719727,409593000,0.0,0.0
2022-08-23 00:00:00-04:00,16.965709688839496,17.441056961305907,16.946734730699763,17.157445907592773,369986000,0.0,0.0
2022-08-24 00:00:00-04:00,16.98867785339594,17.382138735444496,16.87183957113937,17.19839096069336,522661000,0.0,0.0
2022-08-25 00:00:00-04:00,16.820906458784396,17.922394867434686,16.80992185996255,17.88844108581543,770691000,0.0,0.0
2022-08-26 00:00:00-04:00,17.832515616356623,17.899423185098215,16.21473605112298,16.23770523071289,769127000,0.0,0.0
2022-08-29 00:00:00-04:00,15.998037501900843,16.315600420762024,15.74538409851714,15.779336929321289,496132000,0.0,0.0
2022-08-30 00:00:00-04:00,15.938120611675384,16.017011831263456,15.161187287071723,15.446795463562012,530181000,0.0,0.0
2022-08-31 00:00:00-04:00,15.36290651341191,15.51869275581981,14.938489048973723,15.073304176330566,573710000,0.0,0.0
2022-09-01 00:00:00-04:00,14.18951792804557,14.360283952991049,13.251806197027722,13.917891502380371,1178865000,0.0,0.0
2022-09-02 00:00:00-04:00,14.080669178676303,14.151570983840651,13.572366244236866,13.628290176391602,743157000,0.0,0.0
2022-09-06 00:00:00-04:00,13.712171101847883,13.760105616343072,13.33269206840516,13.44653606414795,535751000,0.0,0.0
2022-09-07 00:00:00-04:00,13.548429577340283,13.8231347282429,13.331662683497774,13.699267387390137,512657000,0.004,0.0
2022-09-08 00:00:00-04:00,13.444541114584974,13.99295208288804,13.35463859857364,13.974970817565918,624873000,0.0,0.0
2022-09-09 00:00:00-04:00,14.141791420251705,14.458451271437566,14.110825537493945,14.37154483795166,486612000,0.0,0.0
2022-09-12 00:00:00-04:00,14.35356350397063,14.531371771685043,14.182746732868823,14.48941707611084,484159000,0.0,0.0
2022-09-13 00:00:00-04:00,13.78717343586701,13.907044413189137,13.084928555417918,13.116893768310547,714956000,0.0,0.0
2022-09-14 00:00:00-04:00,13.239761417639983,13.275722995641786,12.899128137907093,13.113897323608398,588507000,0.0,0.0
2022-09-15 00:00:00-04:00,13.001018642377574,13.218783909130673,12.77625997339062,12.91511058807373,523625000,0.0,0.0
2022-09-16 00:00:00-04:00,12.728311219665628,13.197806577347697,12.603445503990063,13.183821678161621,670751000,0.0,0.0
2022-09-19 00:00:00-04:00,12.998021871678207,13.448537595855514,12.996024164991917,13.367624282836914,569685000,0.0,0.0
2022-09-20 00:00:00-04:00,13.200803821739566,13.468515569793002,13.042973562258846,13.161845207214355,524818000,0.0,0.0
2022-09-21 00:00:00-04:00,13.198806825462382,14.015927965659142,13.095916828405237,13.24675464630127,807679000,0.0,0.0
2022-09-22 00:00:00-04:00,13.055959368568894,13.134874976064083,12.414649785628118,12.547506332397461,759162000,0.0,0.0
2022-09-23 00:00:00-04:00,12.406657353956374,12.597452148701835,12.243832357060537,12.502553939819336,663309000,0.0,0.0
2022-09-26 00:00:00-04:00,12.47758173756805,12.645401484838764,12.200878877608904,12.214863777160645,547343000,0.0,0.0
2022-09-27 00:00:00-04:00,12.493564718799432,12.722318814218484,12.244832603128204,12.399665832519531,553854000,0.0,0.0
2022-09-28 00:00:00-04:00,12.396668635349345,12.809225084459534,12.3407290361886,12.722318649291992,542414000,0.0,0.0
2022-09-29 00:00:00-04:00,12.434628670217482,12.486572859038276,11.93316804900129,12.206873893737793,532763000,0.0,0.0
2022-09-30 00:00:00-04:00,12.074014262996702,12.619428149755207,12.062027071325655,12.125958442687988,565638000,0.0,0.0
2022-10-03 00:00:00-04:00,12.333736288383395,12.66438103750038,12.091995679020886,12.49855899810791,547478000,0.0,0.0
2022-10-04 00:00:00-04:00,12.865164202159265,13.205798432836424,12.865164202159265,13.152854919433594,584182000,0.0,0.0
2022-10-05 00:00:00-04:00,12.897130656376154,13.306690062932848,12.607442225934847,13.194809913635254,507131000,0.0,0.0
2022-10-06 00:00:00-04:00,13.205798741632973,13.641330241047822,13.088923849141823,13.11589527130127,644157000,0.0,0.0
2022-10-07 00:00:00-04:00,12.491565435321453,12.656388130359453,12.009084541905652,12.063026428222656,672478000,0.0,0.0
2022-10-10 00:00:00-04:00,12.024067450995426,12.11097387367436,11.395743522470864,11.657462120056152,698699000,0.0,0.0
2022-10-11 00:00:00-04:00,11.548579372352663,11.833273031713603,11.27087816209463,11.573553085327148,667482000,0.0,0.0
2022-10-12 00:00:00-04:00,11.566562669743492,11.72239428391225,11.332813819515492,11.48764705657959,492590000,0.0,0.0
2022-10-13 00:00:00-04:00,10.959214240194914,12.0650254080203,10.80138397760334,11.947152137756348,850103000,0.0,0.0
2022-10-14 00:00:00-04:00,12.044046351536188,12.097988235900987,11.191963110771333,11.214938163757324,713432000,0.0,0.0
2022-10-17 00:00:00-04:00,11.505626467697512,11.935164846156956,11.50462809067123,11.875228881835938,580774000,0.0,0.0
2022-10-18 00:00:00-04:00,12.330739341420681,12.478580116410535,11.605519413375351,11.954144477844238,659362000,0.0,0.0
2022-10-19 00:00:00-04:00,11.866237416989302,12.336732065245936,11.821285686867334,12.038052558898926,523131000,0.0,0.0
2022-10-20 00:00:00-04:00,12.09998726203353,12.755282676924056,12.091995482769084,12.180900573730469,652398000,0.0,0.0
2022-10-21 00:00:00-04:00,12.085002473404986,12.484573317773556,11.874229665134491,12.452607154846191,609494000,0.0,0.0
2022-10-24 00:00:00-04:00,12.494563584772553,12.696346249814729,12.051040310367156,12.585465431213379,517457000,0.0,0.0
2022-10-25 00:00:00-04:00,12.680364284552173,13.285713262923357,12.650395824796759,13.24675464630127,505482000,0.0,0.0
2022-10-26 00:00:00-04:00,12.855174461632362,13.373615968122406,12.694347182517397,12.882144927978516,532953000,0.0,0.0
2022-10-27 00:00:00-04:00,13.615357966211398,13.823134703279653,13.107903316267763,13.161845207214355,583113000,0.0,0.0
2022-10-28 00:00:00-04:00,13.089922279790239,13.835121131094377,13.0469682542808,13.819137573242188,521040000,0.0,0.0
2022-10-31 00:00:00-04:00,13.763199312088274,13.823135278216157,13.282716063958425,13.482501029968262,486341000,0.0,0.0
2022-11-01 00:00:00-04:00,13.796161730157339,13.910039571933822,13.504475629448853,13.528450012207031,432817000,0.0,0.0
2022-11-02 00:00:00-04:00,13.835121333715565,14.194734242960633,13.19680787203194,13.204798698425293,672628000,0.0,0.0
2022-11-03 00:00:00-04:00,13.028986788993638,13.76619379610338,12.942080368709327,13.406579971313477,500065000,0.0,0.0
2022-11-04 00:00:00-04:00,13.970974453238004,14.2137134210402,13.682284424573579,14.140791893005371,612576000,0.0,0.0
2022-11-07 00:00:00-05:00,14.212715367274726,14.396517721923427,13.939010494664025,14.285636901855469,410061000,0.0,0.0
2022-11-08 00:00:00-05:00,14.785099833381034,14.875003304313351,14.20072822497082,14.58631420135498,595292000,0.0,0.0
2022-11-09 00:00:00-05:00,14.14678591725043,14.195734017367396,13.744218969253557,13.761200904846191,454414000,0.0,0.0
2022-11-10 00:00:00-05:00,14.78410157379975,15.756055920385691,14.53137309508661,15.733080863952637,700819000,0.0,0.0
2022-11-11 00:00:00-05:00,15.790022507110931,16.371397183672663,15.465371766863662,16.309463500976562,655487000,0.0,0.0
2022-11-14 00:00:00-05:00,16.200573689959104,16.522228194416297,15.904891270595044,16.277490615844727,527852000,0.0,0.0
2022-11-15 00:00:00-05:00,16.704035679925042,16.979738243381533,16.3644007894485,16.648096084594727,545876000,0.0,0.0
2022-11-16 00:00:00-05:00,16.144638186290106,16.344422187657635,15.855948141798965,15.892908096313477,649547000,0.0,0.0
2022-11-17 00:00:00-05:00,15.698116484447885,16.24852510301491,15.518309565551975,15.660157203674316,710894000,0.0,0.0
2022-11-18 00:00:00-05:00,15.948847340613554,15.984809869987044,15.103756479830084,15.392446517944336,492072000,0.0,0.0
2022-11-21 00:00:00-05:00,15.13072730018143,15.460372692111331,15.063798892210922,15.300544738769531,404739000,0.0,0.0
2022-11-22 00:00:00-05:00,15.311535540363451,16.040751908287998,15.105756486974345,16.02077293395996,472866000,0.0,0.0
2022-11-23 00:00:00-05:00,16.080704012212358,16.509243951656206,16.030758493927717,16.501251220703125,427241000,0.0,0.0
2022-11-25 00:00:00-05:00,16.300470283585213,16.469287445678606,16.154627223569857,16.252521514892578,167934000,0.0,0.0
2022-11-28 00:00:00-05:00,16.00878222333703,16.339427908021538,15.708106900644491,15.809996604919434,303741000,0.0,0.0
2022-11-29 00:00:00-05:00,15.80999874721534,15.914886454551814,15.503329310569903,15.622200965881348,298384000,0.0,0.0
2022-11-30 00:00:00-05:00,15.684146535771454,16.91613768564476,15.584228989487908,16.909143447875977,565298000,0.004,0.0
2022-12-01 00:00:00-05:00,16.985083344047936,17.250864409196577,16.621381033320617,17.1209716796875,470977000,0.0,0.0
2022-12-02 00:00:00-05:00,16.6453593433564,16.919135148946967,16.43153387375457,16.862180709838867,371389000,0.0,0.0
2022-12-05 00:00:00-05:00,16.665344964965847,16.981086225523303,16.458513713867134,16.59640121459961,352255000,0.0,0.0
2022-12-06 00:00:00-05:00,16.516465945155254,16.559430004993104,15.806047668820305,15.973910331726074,352694000,0.0,0.0
2022-12-07 00:00:00-05:00,15.759086398689979,16.172747931483883,15.65417187585563,16.106801986694336,372388000,0.0,0.0
2022-12-08 00:00:00-05:00,16.259677159760216,17.16493550735757,15.945933165507713,17.154943466186523,515456000,0.0,0.0
2022-12-09 00:00:00-05:00,17.145947907877535,17.56860185807013,16.961099933854292,16.987077713012695,465338000,0.0,0.0
2022-12-12 00:00:00-05:00,17.023051775036333,17.5236410372187,16.783248501431842,17.52064323425293,457328000,0.0,0.0
2022-12-13 00:00:00-05:00,18.51583101296008,18.774619778045864,17.696502554294796,18.057207107543945,656589000,0.0,0.0
2022-12-14 00:00:00-05:00,17.97227412197752,18.237058470762765,17.405738871124704,17.659530639648438,496888000,0.0,0.0
2022-12-15 00:00:00-05:00,17.13196129101247,17.305818611715345,16.686327315889205,16.938119888305664,478542000,0.0,0.0
2022-12-16 00:00:00-05:00,16.85019346435218,17.027048597052637,16.396564689566986,16.557432174682617,478232000,0.0,0.0
2022-12-19 00:00:00-05:00,16.55843452129095,16.595402982576044,16.131784021427286,16.240694046020508,354039000,0.0,0.0
2022-12-20 00:00:00-05:00,16.05084993795553,16.296648863545872,15.839024530853546,16.07183265686035,403260000,0.0,0.0
2022-12-21 00:00:00-05:00,16.100807415218085,16.613387898119957,16.08881620314782,16.487489700317383,325025000,0.0,0.0
2022-12-22 00:00:00-05:00,16.08082176219001,16.12478635917662,14.869814279621114,15.32643985748291,565045000,0.0,0.0
2022-12-23 00:00:00-05:00,15.183559974963975,15.326442558113847,14.870816485173513,15.193552017211914,349326000,0.0,0.0
2022-12-27 00:00:00-05:00,15.061657689828774,15.087636423764959,14.0444906312177,14.109437942504883,464902000,0.0,0.0
2022-12-28 00:00:00-05:00,13.915597512631557,14.25032327426342,13.872632497198492,14.024508476257324,351066000,0.0,0.0
2022-12-29 00:00:00-05:00,14.390209721155754,14.670978854908594,14.21535280050515,14.591044425964355,354923000,0.0,0.0
2022-12-30 00:00:00-05:00,14.322265013832519,14.617023586437968,14.221347865834094,14.602036476135254,310490000,0.0,0.0
2023-01-03 00:00:00-05:00,14.838838336417751,14.983720053189659,14.084456492179237,14.303277015686035,401277000,0.0,0.0
2023-01-04 00:00:00-05:00,14.555073972815984,14.840839115176488,14.229340664811954,14.736924171447754,431324000,0.0,0.0
2023-01-05 00:00:00-05:00,14.479136454686978,14.552076644155658,14.136416855691813,14.253321647644043,389168000,0.0,0.0
2023-01-06 00:00:00-05:00,14.462148249448697,14.997709608789437,14.022508953382575,14.846833229064941,405044000,0.0,0.0
2023-01-09 00:00:00-05:00,15.271486598821125,16.042853882336043,15.128603078053724,15.615204811096191,504231000,0.0,0.0
2023-01-10 00:00:00-05:00,15.494302888629546,15.948930259886339,15.459331698978017,15.895974159240723,384101000,0.0,0.0
2023-01-11 00:00:00-05:00,15.827030400645958,16.014876192289563,15.550256780646997,15.987897872924805,353285000,0.0,0.0
2023-01-12 00:00:00-05:00,16.086819482461305,16.62337859607864,15.479316490900496,16.497482299804688,551409000,0.0,0.0
2023-01-13 00:00:00-05:00,16.264672409444337,16.908146146393516,16.15176596394343,16.885164260864258,447287000,0.0,0.0
2023-01-17 00:00:00-05:00,16.885163700930974,17.713485409677194,16.885163700930974,17.6875057220459,511102000,0.0,0.0
2023-01-18 00:00:00-05:00,17.652537414377978,17.858368155388927,17.267852350964912,17.362775802612305,439624000,0.0,0.0
2023-01-19 00:00:00-05:00,17.022050215153467,17.182919592747304,16.717301550134714,16.751272201538086,452932000,0.0,0.0
2023-01-20 00:00:00-05:00,16.997072985244962,17.84138241393569,16.811226343623662,17.82439613342285,564967000,0.0,0.0
2023-01-23 00:00:00-05:00,18.049208922830783,19.22924361779151,17.803411956257197,19.17728614807129,655163000,0.0,0.0
2023-01-24 00:00:00-05:00,18.811586379989397,19.47904067584796,18.80459214124059,19.24922752380371,496204000,0.0,0.0
2023-01-25 00:00:00-05:00,18.897512486327795,19.354138986535606,18.56478499292929,19.30717658996582,449537000,0.0,0.0
2023-01-26 00:00:00-05:00,19.684868544073076,20.149487942957048,19.262214571587723,19.785785675048828,489535000,0.0,0.0
2023-01-27 00:00:00-05:00,19.44606519137818,20.61111088344215,19.389112653490265,20.348325729370117,542142000,0.0,0.0
2023-01-30 00:00:00-05:00,19.9336676842303,20.123510758938984,19.13432150128274,19.146312713623047,488611000,0.0,0.0
2023-01-31 00:00:00-05:00,19.154305515596747,19.67088244369698,18.934486316616958,19.521005630493164,498017000,0.0,0.0
2023-02-01 00:00:00-05:00,19.67487620181203,21.174646573762274,19.594941785261792,20.925851821899414,660477000,0.0,0.0
2023-02-02 00:00:00-05:00,20.982805922594803,21.931028319443673,20.683052314586803,21.691225051879883,564276000,0.0,0.0
2023-02-03 00:00:00-05:00,20.982807015101592,21.727197912040786,20.771979321521542,21.082725524902344,429366000,0.0,0.0
2023-02-06 00:00:00-05:00,20.788964243868033,21.552338635862082,20.768980162055627,21.071733474731445,452197000,0.0,0.0
2023-02-07 00:00:00-05:00,21.364495296060316,22.24077813579431,21.1326848754413,22.154848098754883,664150000,0.0,0.0
2023-02-08 00:00:00-05:00,22.36866926710401,22.859268377946858,21.989979871627146,22.186819076538086,559651000,0.0,0.0
2023-02-09 00:00:00-05:00,22.587493006154816,23.00115361559773,22.101890841134466,22.31871223449707,523876000,0.0,0.0
2023-02-10 00:00:00-05:00,21.672242294842736,22.059923209964126,20.79396224758763,21.247589111328125,550737000,0.0,0.0
2023-02-13 00:00:00-05:00,21.520363482899203,22.02994609258764,20.944834933269593,21.770158767700195,474919000,0.0,0.0
2023-02-14 00:00:00-05:00,21.56033132218114,23.03012755681978,21.348505011824344,22.952192306518555,675474000,0.0,0.0
2023-02-15 00:00:00-05:00,22.530535323111405,22.836284508155895,22.087899190860682,22.745359420776367,420575000,0.0,0.0
2023-02-16 00:00:00-05:00,22.11487725263338,22.531535636340326,21.90904654743779,21.983985900878906,412026000,0.0,0.0
2023-02-17 00:00:00-05:00,21.613290195380436,21.72220020485549,20.957827156397038,21.3704891204834,465888000,0.0,0.0
2023-02-21 00:00:00-05:00,20.982806991007344,21.47640202756458,20.60111977052066,20.638090133666992,410015000,0.0,0.0
2023-02-22 00:00:00-05:00,20.690046644389827,21.086720955863115,20.404279605625497,20.73700714111328,513184000,0.0,0.0
2023-02-23 00:00:00-05:00,23.42080908535159,23.86844224060142,23.00614795090794,23.644624710083008,1117995000,0.0,0.0
2023-02-24 00:00:00-05:00,23.205986370917074,23.454783066670746,22.928214087929295,23.266935348510742,589716000,0.0,0.0
2023-02-27 00:00:00-05:00,23.650622295881828,23.860449461633213,23.43479952374122,23.481760025024414,452994000,0.0,0.0
2023-02-28 00:00:00-05:00,23.35286529557159,23.80549545006619,23.18700083236071,23.196992874145508,455963000,0.0,0.0
2023-03-01 00:00:00-05:00,23.173011690631437,23.236960375063273,22.489571679600164,22.67941665649414,460026000,0.0,0.0
2023-03-02 00:00:00-05:00,22.469590264985175,23.360858289754244,22.41363444953809,23.294912338256836,389415000,0.0,0.0
2023-03-03 00:00:00-05:00,23.300908381853713,23.88043347879256,23.111063394953373,23.870441436767578,412393000,0.0,0.0
2023-03-06 00:00:00-05:00,23.871443491062493,24.228149694493755,23.467772971922752,23.534719467163086,437429000,0.0,0.0
2023-03-07 00:00:00-05:00,23.584684063816997,24.10934295943223,23.22591589464523,23.272886276245117,515154000,0.004,0.0
2023-03-08 00:00:00-05:00,23.471758111550603,24.184296675428683,23.40879926857115,24.165307998657227,513573000,0.0,0.0
2023-03-09 00:00:00-05:00,24.15930848577099,24.43812863634961,23.367822715310396,23.42078971862793,501257000,0.0,0.0
2023-03-10 00:00:00-05:00,23.39380822343578,23.611667155651173,22.71125091840863,22.950096130371094,474866000,0.0,0.0
2023-03-13 00:00:00-04:00,22.73723566322303,23.282880858178405,22.28253101640841,22.951095581054688,421890000,0.0,0.0
2023-03-14 00:00:00-04:00,23.48074905093903,24.20327932512599,23.444771213854455,24.047380447387695,474910000,0.0,0.0
2023-03-15 00:00:00-04:00,23.745576714518688,24.270235562421657,23.34483792874035,24.2122745513916,524486000,0.0,0.0
2023-03-16 00:00:00-04:00,24.01140628522713,25.57139207335748,23.878491278999082,25.524423599243164,583253000,0.0,0.0
2023-03-17 00:00:00-04:00,25.965140466814287,26.38186968989374,25.65134314072659,25.70830726623535,848547000,0.0,0.0
2023-03-20 00:00:00-04:00,25.59837339016035,26.007108309767307,25.113687587733228,25.883188247680664,432747000,0.0,0.0
2023-03-21 00:00:00-04:00,26.163008623155417,26.37487092143437,25.364527413942184,26.181995391845703,547408000,0.0,0.0
2023-03-22 00:00:00-04:00,26.407849562791487,27.571095597302328,26.21997184820259,26.450822830200195,797295000,0.0,0.0
2023-03-23 00:00:00-04:00,27.097400403214937,27.481151940364768,26.672677017823016,27.173351287841797,564889000,0.0,0.0
2023-03-24 00:00:00-04:00,27.013456826272407,27.149368241079962,26.33789496036664,26.761619567871094,454920000,0.0,0.0
2023-03-27 00:00:00-04:00,26.81958174522854,26.98247605929165,26.347887967682432,26.51378059387207,361026000,0.0,0.0
2023-03-28 00:00:00-04:00,26.429837056217544,26.49579420860575,25.833224372418172,26.392860412597656,356104000,0.0,0.0
2023-03-29 00:00:00-04:00,26.80759068169934,27.06042483163502,26.579738018819665,26.96648597717285,393694000,0.0,0.0
2023-03-30 00:00:00-04:00,27.211327368787387,27.481152585329546,27.08440898873497,27.36522674560547,364516000,0.0,0.0
2023-03-31 00:00:00-04:00,27.122384566656116,27.815934380003373,27.08740743538737,27.75897216796875,433933000,0.0,0.0
2023-04-03 00:00:00-04:00,27.49114640923392,27.981826954201942,27.318258357219978,27.946849822998047,398716000,0.0,0.0
2023-04-04 00:00:00-04:00,27.947848187847303,27.981826516516946,27.289275517291117,27.4351806640625,368592000,0.0,0.0
2023-04-05 00:00:00-04:00,26.811587704555983,26.98047673794311,26.37786936739354,26.863554000854492,515015000,0.0,0.0
2023-04-06 00:00:00-04:00,26.566746033983005,27.062424408814838,26.40984834215217,27.019453048706055,397654000,0.0,0.0
2023-04-10 00:00:00-04:00,26.805590178121808,27.603072562534653,26.651690804540983,27.561100006103516,395279000,0.0,0.0
2023-04-11 00:00:00-04:00,27.70600728201999,27.771964430932886,27.108393921533427,27.1513671875,314378000,0.0,0.0
2023-04-12 00:00:00-04:00,27.352234292394773,27.45017025119376,26.430831901042534,26.477802276611328,446259000,0.0,0.0
2023-04-13 00:00:00-04:00,26.7166476867757,26.869548260916794,26.31191176986607,26.445823669433594,353615000,0.0,0.0
2023-04-14 00:00:00-04:00,26.486798151032517,26.865551883679498,26.202982075525256,26.740633010864258,395660000,0.0,0.0
2023-04-17 00:00:00-04:00,26.547761311286525,26.988475111317545,26.41584700251684,26.984477996826172,321471000,0.0,0.0
2023-04-18 00:00:00-04:00,27.515132130784668,28.091757324454164,27.33924575942383,27.649044036865234,604812000,0.0,0.0
2023-04-19 00:00:00-04:00,27.343240685548253,27.98182586482497,27.214324706114123,27.912870407104492,358660000,0.0,0.0
2023-04-20 00:00:00-04:00,27.653040047394537,28.01180820232442,26.982476023380784,27.086408615112305,427713000,0.0,0.0
2023-04-21 00:00:00-04:00,26.934503247616785,27.165354189141752,26.70465301407293,27.101394653320312,345103000,0.0,0.0
2023-04-24 00:00:00-04:00,26.995467887974886,27.3482375101197,26.653688900019212,27.02444839477539,339282000,0.0,0.0
2023-04-25 00:00:00-04:00,27.06042517631063,27.2293161185349,26.207980048962167,26.223968505859375,378527000,0.0,0.0
2023-04-26 00:00:00-04:00,26.98447484193406,27.31226106523399,26.687666728848185,26.93850326538086,406337000,0.0,0.0
2023-04-27 00:00:00-04:00,27.345242278323862,27.477156579807456,26.607720371241534,27.208330154418945,377161000,0.0,0.0
2023-04-28 00:00:00-04:00,27.207329402050984,27.73998248611326,27.053428123945196,27.730989456176758,292216000,0.0,0.0
2023-05-01 00:00:00-04:00,27.821930157082058,29.039140006502908,27.761969634748656,28.8912353515625,570329000,0.0,0.0
2023-05-02 00:00:00-04:00,28.661386629023887,28.81728552032771,28.0647739674423,28.19169044494629,402730000,0.0,0.0
2023-05-03 00:00:00-04:00,27.821930062469157,28.348588429903444,27.454168889483142,27.783954620361328,383387000,0.0,0.0
2023-05-04 00:00:00-04:00,27.633050368513334,27.840915535411145,27.222317856560554,27.544109344482422,321850000,0.0,0.0
2023-05-05 00:00:00-04:00,27.807938808563854,28.736334757570592,27.713001157721607,28.66138458251953,361494000,0.0,0.0
2023-05-08 00:00:00-04:00,28.503486722502963,29.201033629261158,28.331599383389104,29.132078170776367,344979000,0.0,0.0
2023-05-09 00:00:00-04:00,28.88024404414107,28.954195421712242,28.43153605029766,28.55245590209961,314869000,0.0,0.0
2023-05-10 00:00:00-04:00,28.986173947740745,29.094105560009464,28.44252830281305,28.866252899169922,369350000,0.0,0.0
2023-05-11 00:00:00-04:00,28.87724453995884,28.931210344411994,28.227666813122973,28.559450149536133,322149000,0.0,0.0
2023-05-12 00:00:00-04:00,28.51048218586155,28.761320627980606,28.02779588194695,28.321605682373047,274222000,0.0,0.0
2023-05-15 00:00:00-04:00,28.489498915064928,28.950200187469783,28.133730950674487,28.9342098236084,293926000,0.0,0.0
2023-05-16 00:00:00-04:00,28.822280100198324,29.85061345390706,28.813287070144554,29.19403839111328,449405000,0.0,0.0
2023-05-17 00:00:00-04:00,29.56479672728252,30.179397303455694,29.410897359281257,30.158411026000977,432535000,0.0,0.0
2023-05-18 00:00:00-04:00,30.390263479848883,31.807342452955133,30.30032173818178,31.657440185546875,748725000,0.0,0.0
2023-05-19 00:00:00-04:00,31.515530471475522,31.55950253794087,30.89593395749169,31.24370765686035,473908000,0.0,0.0
2023-05-22 00:00:00-04:00,30.880942499765002,31.499542119934745,30.660087176948643,31.155765533447266,372000000,0.0,0.0
2023-05-23 00:00:00-04:00,30.979880977168126,31.267694171698214,30.611120976902026,30.66808319091797,356253000,0.0,0.0
2023-05-24 00:00:00-04:00,30.19039081167834,30.587134398271413,29.786653705153253,30.518178939819336,721419000,0.0,0.0
2023-05-25 00:00:00-04:00,38.497988068869596,39.45436747641693,36.611213349416715,37.95534133911133,1543911000,0.0,0.0
2023-05-26 00:00:00-04:00,37.865408555661546,39.14457660817056,37.52562906518615,38.92072296142578,714397000,0.0,0.0
2023-05-30 00:00:00-04:00,40.56865561638492,41.91078253323842,39.92307495310247,40.08496856689453,923401000,0.0,0.0
2023-05-31 00:00:00-04:00,39.462370269421555,40.26884571341783,37.79745117886432,37.809444427490234,1002580000,0.0,0.0
2023-06-01 00:00:00-04:00,38.46401952597585,40.02400727959351,38.31511796351833,39.74419021606445,635873000,0.0,0.0
2023-06-02 00:00:00-04:00,40.070976234421984,40.47371455603789,39.032649105745655,39.301475524902344,482731000,0.0,0.0
2023-06-05 00:00:00-04:00,38.88375307640513,39.539325641442396,38.68188448589062,39.14558410644531,396094000,0.0,0.0
2023-06-06 00:00:00-04:00,38.80479832868184,39.134582152265736,38.123237977128795,38.628910064697266,388729000,0.0,0.0
2023-06-07 00:00:00-04:00,38.893764495503234,39.47744543312822,37.33561334043707,37.45454788208008,511998000,0.004,0.0
2023-06-08 00:00:00-04:00,37.70342399186317,38.84280161488972,37.48454548013019,38.48899459838867,417772000,0.0,0.0
2023-06-09 00:00:00-04:00,39.01569674007006,39.68932873307715,38.545955805851406,38.748844146728516,427717000,0.0,0.0
2023-06-12 00:00:00-04:00,39.17861302696572,39.50843099459079,38.59692983734383,39.46045684814453,388701000,0.0,0.0
2023-06-13 00:00:00-04:00,40.164076100144555,41.0785778084364,39.71832028335553,40.99961853027344,613208000,0.0,0.0
2023-06-14 00:00:00-04:00,40.8017229530102,42.97653416086688,40.52986821598953,42.97353744506836,740465000,0.0,0.0
2023-06-15 00:00:00-04:00,42.57875935956908,43.265384836246646,42.12400575806211,42.629730224609375,568622000,0.0,0.0
2023-06-16 00:00:00-04:00,43.426294660759105,43.69714671301747,42.63772367115166,42.66870880126953,655709000,0.0,0.0
2023-06-20 00:00:00-04:00,42.974540163328015,43.96599947936296,42.65071563542564,43.784095764160156,451153000,0.0,0.0
2023-06-21 00:00:00-04:00,43.4772635468863,43.59120357044556,42.05704128100148,43.02151107788086,551603000,0.0,0.0
2023-06-22 00:00:00-04:00,42.22994393165169,43.402304245478625,42.2109571046696,43.00152587890625,417737000,0.0,0.0
2023-06-23 00:00:00-04:00,42.44082840759844,42.78563755104555,41.992072112071554,42.18596649169922,358140000,0.0,0.0
2023-06-26 00:00:00-04:00,42.43782951394114,42.74066558376808,40.078117742451454,40.60982894897461,594322000,0.0,0.0
2023-06-27 00:00:00-04:00,40.77673742484644,41.91711366832996,40.42593102539138,41.8531494140625,462175000,0.0,0.0
2023-06-28 00:00:00-04:00,40.63782250587086,41.82217753926318,40.495901665534284,41.094573974609375,582639000,0.0,0.0
2023-06-29 00:00:00-04:00,41.53532305058581,41.577299950801056,40.577845588400876,40.79972457885742,380514000,0.0,0.0
2023-06-30 00:00:00-04:00,41.657256974665316,42.52678117830855,41.47835379473084,42.27891540527344,501148000,0.0,0.0
2023-07-03 00:00:00-04:00,42.4938015963702,42.874594246480044,42.17897482861766,42.38985824584961,198209000,0.0,0.0
2023-07-05 00:00:00-04:00,42.112011067613764,43.15344240900505,42.062039108236945,42.293914794921875,323618000,0.0,0.0
2023-07-06 00:00:00-04:00,41.82117097723614,42.15598728056081,41.32344159639819,42.08002853393555,303582000,0.0,0.0
2023-07-07 00:00:00-04:00,42.2989116030443,43.19042711438111,42.15699077324697,42.47981262207031,355881000,0.0,0.0
2023-07-10 00:00:00-04:00,42.633723309603205,42.787638599844065,41.6262701482501,42.156982421875,353908000,0.0,0.0
2023-07-11 00:00:00-04:00,42.45782138833829,42.734670684336905,42.04404961503228,42.38186264038086,298244000,0.0,0.0
2023-07-12 00:00:00-04:00,43.00951883998821,43.911027066615475,42.75365801470833,43.87804412841797,481277000,0.0,0.0
2023-07-13 00:00:00-04:00,44.49371584363228,46.12982004252078,44.46772905127002,45.95191955566406,478204000,0.0,0.0
2023-07-14 00:00:00-04:00,46.55758543157375,48.061765401261425,45.0354175393941,45.44419479370117,772075000,0.0,0.0
2023-07-17 00:00:00-04:00,46.263742840846305,46.47062680609521,45.237302819243375,46.435646057128906,510488000,0.0,0.0
2023-07-18 00:00:00-04:00,46.675519644053644,47.86986733415163,45.709048195215274,47.46808624267578,569164000,0.0,0.0
2023-07-19 00:00:00-04:00,47.43810520447181,47.791912159998795,46.71649899256564,47.05131530761719,427502000,0.0,0.0
2023-07-20 00:00:00-04:00,46.481623930021314,47.061309289375785,45.03741268358768,45.49516296386719,537865000,0.0,0.0
2023-07-21 00:00:00-04:00,45.763017562258014,45.84097793575254,44.07593876183976,44.28482437133789,963769000,0.0,0.0
2023-07-24 00:00:00-04:00,44.70659630501924,45.08439225529306,44.01597519686058,44.58766174316406,382516000,0.0,0.0
2023-07-25 00:00:00-04:00,44.916479357127734,46.15779841353938,44.89848762347168,45.654075622558594,348081000,0.0,0.0
2023-07-26 00:00:00-04:00,45.995890105777626,46.02787414060496,44.60565021693435,45.42720031738281,364237000,0.0,0.0
2023-07-27 00:00:00-04:00,46.493615921248356,47.36913734530277,45.72503455251275,45.87495422363281,455976000,0.0,0.0
2023-07-28 00:00:00-04:00,46.64253893821814,47.00134424016971,46.35569676531063,46.72449493408203,331194000,0.0,0.0
2023-07-31 00:00:00-04:00,46.728486722217035,47.1042809800561,46.48062096434278,46.70349884033203,251055000,0.0,0.0
2023-08-01 00:00:00-04:00,46.434645552261735,46.874407881393104,46.00188318529818,46.48162078857422,237858000,0.0,0.0
2023-08-02 00:00:00-04:00,45.80599828780853,45.81499224934551,43.363331362198146,44.244850158691406,530142000,0.0,0.0
2023-08-03 00:00:00-04:00,43.776101176403955,45.093382845124545,43.776101176403955,44.4907112121582,324176000,0.0,0.0
2023-08-04 00:00:00-04:00,44.960454456109325,45.61709364469408,44.36877842760478,44.65562057495117,362666000,0.0,0.0
2023-08-07 00:00:00-04:00,45.086386746173794,45.51515353063665,44.53868540861367,45.39221954345703,322154000,0.0,0.0
2023-08-08 00:00:00-04:00,44.82853306928863,45.21732080653418,44.03196695287684,44.6396369934082,353843000,0.0,0.0
2023-08-09 00:00:00-04:00,44.24984363147646,44.287824912823,42.111011764378375,42.530784606933594,586449000,0.0,0.0
2023-08-10 00:00:00-04:00,42.13699953791343,43.550229596888094,41.81217607853569,42.36487579345703,492705000,0.0,0.0
2023-08-11 00:00:00-04:00,41.72822134358296,41.995077780865394,40.61682850581949,40.83271026611328,533085000,0.0,0.0
2023-08-14 00:00:00-04:00,40.4639102150388,43.77610121709491,40.28900646052013,43.7291259765625,690286000,0.0,0.0
2023-08-15 00:00:00-04:00,44.53569544040969,45.24330943400887,43.6861567983136,43.91603088378906,676512000,0.0,0.0
2023-08-16 00:00:00-04:00,44.49570885554983,44.65062306232533,43.38231446466475,43.46227264404297,527451000,0.0,0.0
2023-08-17 00:00:00-04:00,43.94600464449855,44.03795349007865,42.97753170604989,43.32034683227539,452395000,0.0,0.0
2023-08-18 00:00:00-04:00,42.611732431819654,43.55421863038225,41.63726601370566,43.27537155151367,583768000,0.0,0.0
2023-08-21 00:00:00-04:00,44.46972532960602,47.03932184051733,44.197874362477556,46.941375732421875,692573000,0.0,0.0
2023-08-22 00:00:00-04:00,48.108734662611624,48.16070824217046,45.30826536444509,45.64308166503906,755293000,0.0,0.0
2023-08-23 00:00:00-04:00,45.840975904298595,47.174247686520786,45.18333397410903,47.090293884277344,779046000,0.0,0.0
2023-08-24 00:00:00-04:00,50.1885998204007,50.23857177595236,47.13326863032971,47.137264251708984,1156044000,0.0,0.0
2023-08-25 00:00:00-04:00,46.98635035429789,47.77891694569502,44.999432271074504,45.99289321899414,925341000,0.0,0.0
2023-08-28 00:00:00-04:00,46.45663639493685,46.9543657684175,44.863508175320256,46.809444427490234,685192000,0.0,0.0
2023-08-29 00:00:00-04:00,46.64053709400586,49.05422026588247,46.36568562252749,48.757381439208984,701397000,0.0,0.0
2023-08-30 00:00:00-04:00,49.01724419129222,49.89976191680816,48.39858238725333,49.237125396728516,735206000,0.0,0.0
2023-08-31 00:00:00-04:00,49.353059479355466,49.71685929593791,48.93128883683363,49.32807159423828,528570000,0.0,0.0
2023-09-01 00:00:00-04:00,49.734847120374766,49.77282458514168,48.115728370005996,48.48252868652344,463830000,0.0,0.0
2023-09-05 00:00:00-04:00,48.19668764519063,48.82434715495617,47.83388674600478,48.52151107788086,382653000,0.0,0.0
2023-09-06 00:00:00-04:00,48.41855768556727,48.52650554110728,46.55841988311631,47.0391960144043,468670000,0.004,0.0
2023-09-07 00:00:00-04:00,45.50390990685552,46.32253071023721,45.13108161869616,46.21957778930664,433330000,0.0,0.0
2023-09-08 00:00:00-04:00,45.920715564296074,46.584405572056994,45.25002501733814,45.55088424682617,473069000,0.0,0.0
2023-09-11 00:00:00-04:00,46.12662205679818,46.141614498404316,44.291473995947136,45.157073974609375,473966000,0.0,0.0
2023-09-12 00:00:00-04:00,44.7172700232729,45.65183817230261,44.510365202730895,44.84920883178711,349256000,0.0,0.0
2023-09-13 00:00:00-04:00,44.57933609209525,45.90872175707665,44.482380908447524,45.46392822265625,398355000,0.0,0.0
2023-09-14 00:00:00-04:00,45.92871548306057,45.965697093021376,45.110094621925995,45.55988693237305,370097000,0.0,0.0
2023-09-15 00:00:00-04:00,45.31999198709531,45.577871869694,43.78770131863037,43.879661560058594,506831000,0.0,0.0
2023-09-18 00:00:00-04:00,42.728198651654026,44.221506057325286,41.98054405465205,43.94563293457031,500271000,0.0,0.0
2023-09-19 00:00:00-04:00,43.81269066855042,43.94562846497067,42.98207442166159,43.49983596801758,373064000,0.0,0.0
2023-09-20 00:00:00-04:00,43.579802461208814,43.88266351133672,42.203441401322486,42.21943283081055,367108000,0.0,0.0
2023-09-21 00:00:00-04:00,41.563733109931555,42.080491854886056,40.96101186346446,40.99799346923828,450736000,0.0,0.0
2023-09-22 00:00:00-04:00,41.552740535188285,42.095492073471654,41.211898898610336,41.59072494506836,479236000,0.0,0.0
2023-09-25 00:00:00-04:00,41.571730182940165,42.516292052357294,41.157920528062995,42.20243835449219,419091000,0.0,0.0
2023-09-26 00:00:00-04:00,41.98154094572675,42.800161757936735,41.6357005718536,41.89158248901367,402282000,0.0,0.0
2023-09-27 00:00:00-04:00,42.31038955896758,42.852138257331035,41.609714131697665,42.44832229614258,444935000,0.0,0.0
2023-09-28 00:00:00-04:00,42.4403244191023,43.42586759785592,42.095486874346165,43.069034576416016,424663000,0.0,0.0
2023-09-29 00:00:00-04:00,43.80669850043533,44.12355300458746,43.28693891278796,43.478851318359375,397830000,0.0,0.0
2023-10-02 00:00:00-04:00,44.009599054426594,45.154069017187716,43.840678635675474,44.761253356933594,433298000,0.0,0.0
2023-10-03 00:00:00-04:00,44.78723595609942,45.109089160595936,43.22595946616348,43.49683380126953,470850000,0.0,0.0
2023-10-04 00:00:00-04:00,43.72173808377064,44.12255330566711,43.27194577354406,44.020599365234375,361821000,0.0,0.0
2023-10-05 00:00:00-04:00,44.02959243795168,44.879200950918715,43.867668737435245,44.66729736328125,393483000,0.0,0.0
2023-10-06 00:00:00-04:00,44.17252932671095,45.76779068476559,44.00560686892616,45.74080276489258,434436000,0.0,0.0
2023-10-09 00:00:00-04:00,44.82122173529832,45.583868691074,44.34744233696588,45.25202178955078,409675000,0.0,0.0
2023-10-10 00:00:00-04:00,45.289010107776726,46.23756795276768,45.06711283415853,45.77678298950195,368582000,0.0,0.0
2023-10-11 00:00:00-04:00,46.17459898720651,46.83729386766852,46.02866671277973,46.78431701660156,378137000,0.0,0.0
2023-10-12 00:00:00-04:00,46.75532686388765,47.58694209872688,46.30853537914647,46.923248291015625,481325000,0.0,0.0
2023-10-13 00:00:00-04:00,46.93823975092536,47.094169510667186,45.25901788884397,45.43993377685547,474115000,0.0,0.0
2023-10-16 00:00:00-04:00,45.04212688013775,46.20358739976767,44.8911958461008,46.07365036010742,375099000,0.0,0.0
2023-10-17 00:00:00-04:00,43.9796198725083,44.73327224791512,42.46032345572455,43.91764831542969,812333000,0.0,0.0
2023-10-18 00:00:00-04:00,42.57127011789517,43.19898137436451,41.80562611222444,42.17645263671875,627294000,0.0,0.0
2023-10-19 00:00:00-04:00,42.79116734856338,43.27694225554759,41.86259688147746,42.08149719238281,501233000,0.0,0.0
2023-10-20 00:00:00-04:00,41.87058984444125,42.45032293422298,41.05896580650467,41.36782455444336,477266000,0.0,0.0
2023-10-23 00:00:00-04:00,41.209903709929456,43.22796955938642,40.92603485604566,42.95509338378906,478530000,0.0,0.0
2023-10-24 00:00:00-04:00,43.05704182148603,43.67675350399577,42.67122288444641,43.64276885986328,401463000,0.0,0.0
2023-10-25 00:00:00-04:00,43.377892970342636,43.6297789361814,41.53574830765745,41.7596435546875,398379000,0.0,0.0
2023-10-26 00:00:00-04:00,41.833612702341114,42.23642589504536,39.86152709976489,40.30731964111328,541001000,0.0,0.0
2023-10-27 00:00:00-04:00,41.11094855365019,41.18691356194545,39.99646337372596,40.481239318847656,416784000,0.0,0.0
2023-10-30 00:00:00-04:00,41.0679702193919,41.746652746404344,40.462248113483334,41.14193344116211,388028000,0.0,0.0
2023-10-31 00:00:00-04:00,40.43126324594468,40.86006537582252,39.21182716227926,40.7611083984375,517969000,0.0,0.0
2023-11-01 00:00:00-04:00,40.86506257244454,42.361370852066266,40.85007013008419,42.305397033691406,437593000,0.0,0.0
2023-11-02 00:00:00-04:00,43.30792852394851,43.86367072709493,42.87413145459806,43.48584747314453,409172000,0.0,0.0
2023-11-03 00:00:00-04:00,43.99960568025811,45.28800612867796,43.70274239785865,44.98414993286133,424610000,0.0,0.0
2023-11-06 00:00:00-05:00,45.2640212668527,45.9137216751558,44.87819849776826,45.72980499267578,400733000,0.0,0.0
2023-11-07 00:00:00-05:00,45.69782127762116,46.19658683928955,45.137080351571434,45.933712005615234,343165000,0.0,0.0
2023-11-08 00:00:00-05:00,46.07863835763678,46.84528507821162,45.94669954943022,46.55242156982422,346719000,0.0,0.0
2023-11-09 00:00:00-05:00,47.445004273987976,48.207651210787375,46.728337455833405,46.928245544433594,540496000,0.0,0.0
2023-11-10 00:00:00-05:00,47.4779945591138,48.44954438031616,47.261096034839866,48.31260681152344,421245000,0.0,0.0
2023-11-13 00:00:00-05:00,48.29761289799248,49.0932455425318,48.07671461686158,48.59747314453125,384136000,0.0,0.0
2023-11-14 00:00:00-05:00,49.65698656195247,49.810914551979124,49.01728364536213,49.63299560546875,416954000,0.0,0.0
2023-11-15 00:00:00-05:00,49.91186458554616,49.93685071433626,48.17766786704911,48.86534881591797,475497000,0.0,0.0
2023-11-16 00:00:00-05:00,48.656453168876766,49.50206198018349,48.30761579872143,49.45708084106445,339756000,0.0,0.0
2023-11-17 00:00:00-05:00,49.50105496849855,49.69396634927252,48.984296190510356,49.27516174316406,325205000,0.0,0.0
2023-11-20 00:00:00-05:00,49.28915491828104,50.52458236287964,49.15821508964933,50.38564682006836,414120000,0.0,0.0
2023-11-21 00:00:00-05:00,50.10277517356445,50.4935928571012,49.19919468409959,49.920860290527344,565747000,0.0,0.0
2023-11-22 00:00:00-05:00,49.828899379673054,50.311673448926754,47.667898705235174,48.693424224853516,899420000,0.0,0.0
2023-11-24 00:00:00-05:00,48.447546842242424,48.898338123964756,47.72288042046281,47.753868103027344,294645000,0.0,0.0
2023-11-27 00:00:00-05:00,47.777853703101385,48.50751503969105,47.629923460498674,48.21965026855469,395662000,0.0,0.0
2023-11-28 00:00:00-05:00,48.21365587465316,48.30061737366352,47.451008828305284,47.79884719848633,401491000,0.0,0.0
2023-11-29 00:00:00-05:00,48.35659018010254,48.739412176857265,47.837829598788915,48.117698669433594,382005000,0.0,0.0
2023-11-30 00:00:00-05:00,48.00174591431098,48.08770841421174,46.40049083853704,46.748329162597656,526247000,0.0,0.0
2023-12-01 00:00:00-05:00,46.50344903798777,47.178135584830024,46.165604364255195,46.74333572387695,369317000,0.0,0.0
2023-12-04 00:00:00-05:00,46.05565315263873,46.05565315263873,44.989146129304046,45.488914489746094,437543000,0.0,0.0
2023-12-05 00:00:00-05:00,45.448933555568175,46.58250677034524,45.25400705552958,46.54852294921875,371718000,0.004,0.0
2023-12-06 00:00:00-05:00,47.197275238129286,47.36921155253726,45.39495069645239,45.48591613769531,380590000,0.0,0.0
2023-12-07 00:00:00-05:00,45.682846700658764,46.611498843154216,45.58688206431512,46.57851028442383,350823000,0.0,0.0
2023-12-08 00:00:00-05:00,46.57750949930058,47.72307920041658,46.53252440936205,47.48816680908203,359224000,0.0,0.0
2023-12-11 00:00:00-05:00,47.47317498768805,47.51315707527434,45.81279915946564,46.6094970703125,509728000,0.0,0.0
2023-12-12 00:00:00-05:00,46.028715290198626,47.64810605776617,46.028715290198626,47.63911056518555,372387000,0.0,0.0
2023-12-13 00:00:00-05:00,47.61112654633229,48.57576453625137,47.59013451910957,48.06995391845703,447792000,0.0,0.0
2023-12-14 00:00:00-05:00,48.37183404392987,48.65172771318974,47.40419892072773,48.33184814453125,391232000,0.0,0.0
2023-12-15 00:00:00-05:00,48.175909002325604,49.38545387287282,48.10193546895566,48.871646881103516,479948000,0.0,0.0
2023-12-18 00:00:00-05:00,49.381456841806674,50.414066187630915,49.13155069141953,50.05820083618164,412587000,0.0,0.0
2023-12-19 00:00:00-05:00,49.40544401373602,49.68134136834579,48.87664329291069,49.58537673950195,464444000,0.0,0.0
2023-12-20 00:00:00-05:00,49.63635651535798,49.98022913479953,48.07994186204982,48.09293746948242,397894000,0.0,0.0
2023-12-21 00:00:00-05:00,48.79267736467951,49.076571148767,48.40082241502789,48.97161102294922,300425000,0.0,0.0
2023-12-22 00:00:00-05:00,49.17653306295307,49.36446221767303,48.44880569619553,48.81167221069336,252507000,0.0,0.0
2023-12-26 00:00:00-05:00,48.949613984887115,49.581376676631486,48.94161756801922,49.260498046875,244200000,0.0,0.0
2023-12-27 00:00:00-05:00,49.49241542635842,49.661350703421,49.066572842938115,49.3984489440918,233648000,0.0,0.0
2023-12-28 00:00:00-05:00,49.62436711615611,49.86527396770583,49.39345101981501,49.50341033935547,246587000,0.0,0.0
2023-12-29 00:00:00-05:00,49.79430147307111,49.978234327074226,48.732699840316755,49.50341033935547,389293000,0.0,0.0
2024-01-02 00:00:00-05:00,49.22551389912714,49.27649344260116,47.57713465197093,48.14991760253906,411254000,0.0,0.0
2024-01-03 00:00:00-05:00,47.46717554449256,48.16591065021649,47.302236567517355,47.551143646240234,320896000,0.0,0.0
2024-01-04 00:00:00-05:00,47.74906818641796,48.48179475152094,47.49016653492504,47.979984283447266,306535000,0.0,0.0
2024-01-05 00:00:00-05:00,48.4438038170967,49.52839547317931,48.28786035280196,49.07856369018555,415039000,0.0,0.0
2024-01-08 00:00:00-05:00,49.493411188465835,52.25537427649761,49.46042263300492,52.23337936401367,642510000,0.0,0.0
2024-01-09 00:00:00-05:00,52.38133132087113,54.304608899415356,51.670595858503674,53.120052337646484,773100000,0.0,0.0
2024-01-10 00:00:00-05:00,53.59587564392309,54.57950363229104,53.468920600031716,54.32959747314453,533796000,0.0,0.0
2024-01-11 00:00:00-05:00,54.978353810668786,55.32522366817502,53.539894837912634,54.80141830444336,596759000,0.0,0.0
2024-01-12 00:00:00-05:00,54.59949057976511,54.94936145206347,54.30960236510811,54.689456939697266,352994000,0.0,0.0
2024-01-16 00:00:00-05:00,54.99734961591672,56.813665103138256,54.879393878712925,56.360836029052734,449580000,0.0,0.0
2024-01-17 00:00:00-05:00,56.325847887071866,56.44980188752581,54.71945269845349,56.031959533691406,474394000,0.0,0.0
2024-01-18 00:00:00-05:00,57.23850610997206,57.57837864545508,56.08593900392558,57.08556365966797,491650000,0.0,0.0
2024-01-19 00:00:00-05:00,57.967230984594906,59.47766538428564,57.203517829580356,59.46866989135742,543501000,0.0,0.0
2024-01-22 00:00:00-05:00,60.02646308238528,60.308358741109046,59.047830414692214,59.63161087036133,452955000,0.0,0.0
2024-01-23 00:00:00-05:00,59.54763724461273,59.88750976187205,58.563006401379184,59.85052490234375,294654000,0.0,0.0
2024-01-24 00:00:00-05:00,60.28136484798457,62.82540771389363,59.91550110281905,61.338966369628906,560271000,0.0,0.0
2024-01-25 00:00:00-05:00,62.32659482707883,62.695459614186476,60.8271578659148,61.5938720703125,482777000,0.0,0.0
2024-01-26 00:00:00-05:00,60.93711847607482,61.759811433716834,60.550266507965134,61.00809097290039,390309000,0.0,0.0
2024-01-29 00:00:00-05:00,61.209012360122756,62.46554046020734,60.884137413565526,62.441551208496094,348733000,0.0,0.0
2024-01-30 00:00:00-05:00,62.876390843205506,63.46916675485246,62.23662787593773,62.75043487548828,410735000,0.0,0.0
2024-01-31 00:00:00-05:00,61.41693710561366,62.24562831970366,60.6772170002544,61.50390625,453795000,0.0,0.0
2024-02-01 00:00:00-05:00,62.076683936331825,63.16727775299556,61.626855932874065,63.00333786010742,369146000,0.0,0.0
2024-02-02 00:00:00-05:00,63.94997850101078,66.57499195926525,63.66608473882134,66.13516235351562,476578000,0.0,0.0
2024-02-05 00:00:00-05:00,68.19939012424172,69.47091584987561,67.17977633836104,69.30597686767578,680078000,0.0,0.0
2024-02-06 00:00:00-05:00,69.60386495591794,69.72781896754408,66.27512050871108,68.19739532470703,683111000,0.0,0.0
2024-02-07 00:00:00-05:00,68.29334720317483,70.1936343745623,67.57461541049389,70.07267761230469,495575000,0.0,0.0
2024-02-08 00:00:00-05:00,70.04768132116023,70.7674121465697,69.42891811747751,69.6148452758789,414422000,0.0,0.0
2024-02-09 00:00:00-05:00,70.50652100790245,72.15790132018077,70.18564235653706,72.10592651367188,436637000,0.0,0.0
2024-02-12 00:00:00-05:00,72.57274383383451,74.5829904741092,71.22325216031359,72.22087860107422,613710000,0.0,0.0
2024-02-13 00:00:00-05:00,70.37358093821054,73.42243172037925,69.5938748865512,72.1009292602539,602580000,0.0,0.0
2024-02-14 00:00:00-05:00,73.17453257134588,74.20814111994534,71.91100698040367,73.87226867675781,504917000,0.0,0.0
2024-02-15 00:00:00-05:00,73.84127361084667,73.9472289995395,72.37282328939969,72.63072204589844,420122000,0.0,0.0
2024-02-16 00:00:00-05:00,74.07218040927339,74.37406898709354,72.47378167003887,72.58573913574219,495327000,0.0,0.0
2024-02-20 00:00:00-05:00,71.91998452531317,71.92898383060526,67.70856895062664,69.4259262084961,704833000,0.0,0.0
2024-02-21 00:00:00-05:00,67.9804743369606,68.86214710879592,66.22313849991595,67.4466781616211,690298000,0.0,0.0
2024-02-22 00:00:00-05:00,74.99684018330679,78.5455030813757,74.1921420425949,78.5085220336914,865100000,0.0,0.0
2024-02-23 00:00:00-05:00,80.7596734872896,82.36306764653858,77.54088100968389,78.78741455078125,829388000,0.0,0.0
2024-02-26 00:00:00-05:00,79.67008277283831,80.61573447856021,78.47553160288044,79.06231689453125,503973000,0.0,0.0
2024-02-27 00:00:00-05:00,79.35119274989219,79.45016223022866,77.13303174065258,78.67144775390625,391705000,0.0,0.0
2024-02-28 00:00:00-05:00,77.59086697046706,78.90337002935253,77.09605003023249,77.63385009765625,393110000,0.0,0.0
2024-02-29 00:00:00-05:00,79.06430729405044,79.9599670015527,78.3205833213307,79.0822982788086,507289000,0.0,0.0
2024-03-01 00:00:00-05:00,79.96996422541928,82.26910374751212,79.40517391258761,82.24810791015625,479135000,0.0,0.0
2024-03-04 00:00:00-05:00,84.09841513764894,87.66207928922401,83.6875739405617,85.20500183105469,615616000,0.0,0.0
2024-03-05 00:00:00-05:00,85.24198821051228,86.06872004565462,83.38960003379123,85.93576049804688,520639000,0.004,0.0
2024-03-06 00:00:00-05:00,87.99308922719804,89.69452599594824,87.00141069166892,88.67086029052734,582520000,0.0,0.0
2024-03-07 00:00:00-05:00,90.12838069813151,92.7365248144859,89.57256358530061,92.63855743408203,608119000,0.0,0.0
2024-03-08 00:00:00-05:00,95.10675351305797,97.36801162259309,86.47758481062256,87.49925231933594,1142269000,0.0,0.0
2024-03-11 00:00:00-04:00,86.4006103441235,88.76782871199401,84.13835321441624,85.7458267211914,678364000,0.0,0.0
2024-03-12 00:00:00-04:00,88.02008324614344,91.92979413377263,86.12170491240781,91.8828125,668075000,0.0,0.0
2024-03-13 00:00:00-04:00,91.02508398682748,91.47393396528192,88.40594204784502,90.85813903808594,635713000,0.0,0.0
2024-03-14 00:00:00-04:00,89.54757446626068,90.61622350841212,86.57154750613068,87.91510772705078,602318000,0.0,0.0
2024-03-15 00:00:00-04:00,86.90144388293218,89.51658184476094,86.22866844065179,87.80814361572266,642086000,0.0,0.0
2024-03-18 00:00:00-04:00,90.35830507117406,92.37464071222252,87.05638881145386,88.42594146728516,668976000,0.0,0.0
2024-03-19 00:00:00-04:00,86.67151765212044,90.51425674084177,84.98207797118587,89.36863708496094,672171000,0.0,0.0
2024-03-20 00:00:00-04:00,89.76749997737916,90.38030520484318,88.19401951660328,90.34231567382812,479063000,0.0,0.0
2024-03-21 00:00:00-04:00,92.26968196617385,92.61756721905257,90.37530021359187,91.40496063232422,480372000,0.0,0.0
2024-03-22 00:00:00-04:00,91.11105766429952,94.7468638928685,90.8041593115699,94.25802612304688,586719000,0.0,0.0
2024-03-25 00:00:00-04:00,93.91013861786189,96.7342074446901,93.47928046219188,94.97078704833984,552136000,0.0,0.0
2024-03-26 00:00:00-04:00,95.8195062336972,96.34333614885402,92.47160751849903,92.53058624267578,513648000,0.0,0.0
2024-03-27 00:00:00-04:00,93.08141149546424,93.20936779906054,89.09372349939157,90.22035217285156,586067000,0.0,0.0
2024-03-28 00:00:00-04:00,89.97043098866838,91.2700069314821,89.163696917333,90.3263168334961,435212000,0.0,0.0
2024-04-01 00:00:00-04:00,90.26933865065378,92.1947007975338,89.17469715880289,90.33331298828125,452441000,0.0,0.0
2024-04-02 00:00:00-04:00,88.41893947358703,90.06440242112468,87.59121620163441,89.42261505126953,433064000,0.0,0.0
2024-04-03 00:00:00-04:00,88.45493823513225,90.3443168469122,88.3709661913593,88.93477630615234,370067000,0.0,0.0
2024-04-04 00:00:00-04:00,90.37629042203368,90.60421995433492,85.85177670926352,85.87677001953125,434965000,0.0,0.0
2024-04-05 00:00:00-04:00,86.83745712010142,88.45193199631433,85.89777114739914,87.97908782958984,399678000,0.0,0.0
2024-04-08 00:00:00-04:00,88.67085666122206,88.80081883400379,86.70350850941023,87.10437774658203,283220000,0.0,0.0
2024-04-09 00:00:00-04:00,87.41326961083752,87.60620698800746,82.99472376686872,85.3259506225586,503547000,0.0,0.0
2024-04-10 00:00:00-04:00,83.89843024698811,87.3712879556285,83.68149867040677,87.01040649414062,431929000,0.0,0.0
2024-04-11 00:00:00-04:00,87.39128560717941,90.70919574606373,86.89745219051976,90.58623504638672,431637000,0.0,0.0
2024-04-12 00:00:00-04:00,89.66953167082109,90.1453808587556,87.50124546153059,88.15702819824219,426805000,0.0,0.0
2024-04-15 00:00:00-04:00,89.06873054875433,90.58323225547265,85.9007728583494,85.97274780273438,443077000,0.0,0.0
2024-04-16 00:00:00-04:00,86.40460421758179,88.08904823109181,86.03572977127556,87.38628387451172,370453000,0.0,0.0
2024-04-17 00:00:00-04:00,88.3109710984958,88.7458333599475,83.92241409948026,84.00739288330078,495400000,0.0,0.0
2024-04-18 00:00:00-04:00,84.94209387359811,86.16169439997329,82.37493650827429,84.6431884765625,447260000,0.0,0.0
2024-04-19 00:00:00-04:00,83.12268637450086,84.29629668319684,75.58116589392048,76.17496490478516,875198000,0.0,0.0
2024-04-22 00:00:00-04:00,78.07833775408314,80.04669267273574,76.37490279505329,79.49187469482422,596341000,0.0,0.0
2024-04-23 00:00:00-04:00,80.74246382535908,82.7418068067518,80.23763246823718,82.39591979980469,438559000,0.0,0.0
2024-04-24 00:00:00-04:00,83.92242471814481,84.0543851474842,79.15699208262093,79.65083312988281,512208000,0.0,0.0
2024-04-25 00:00:00-04:00,78.84209462361733,83.29563335625151,78.19730980842563,82.60486602783203,424641000,0.0,0.0
2024-04-26 00:00:00-04:00,83.79046380504667,88.30198162324554,83.35960564687717,87.7061767578125,551011000,0.0,0.0
2024-04-29 00:00:00-04:00,87.56622296271497,87.96308807915567,85.23798574736955,87.7281723022461,388971000,0.0,0.0
2024-04-30 00:00:00-04:00,87.2113335471447,88.7898171170471,86.27164758783333,86.37361145019531,363709000,0.0,0.0
2024-05-01 00:00:00-04:00,85.04905184528752,85.9717451202874,81.22830132116862,83.01371765136719,559863000,0.0,0.0
2024-05-02 00:00:00-04:00,84.42125626969049,86.20867093085921,83.17266601309362,85.78881072998047,377898000,0.0,0.0
2024-05-03 00:00:00-04:00,87.76016278941914,89.25166943381491,87.01140828668458,88.75983428955078,398341000,0.0,0.0
2024-05-06 00:00:00-04:00,89.36062948973989,92.18970149787158,89.02574047227303,92.10972595214844,376203000,0.0,0.0
2024-05-07 00:00:00-04:00,91.06806618454974,91.75084041902228,88.98175395384375,90.52424621582031,437342000,0.0,0.0
2024-05-08 00:00:00-04:00,89.45360566200054,91.16404211729393,89.39062281924463,90.3823013305664,325721000,0.0,0.0
2024-05-09 00:00:00-04:00,90.4992620554592,91.04208295679378,88.20202038816478,88.71784973144531,378013000,0.0,0.0
2024-05-10 00:00:00-04:00,90.27534193987526,91.37098265790202,89.19769305265027,89.84848022460938,335325000,0.0,0.0
2024-05-13 00:00:00-04:00,90.44827727503778,90.96811074029578,88.49991996993283,90.36930847167969,289680000,0.0,0.0
2024-05-14 00:00:00-04:00,89.56956971282393,91.62089767401247,88.90478722070216,91.32599639892578,296507000,0.0,0.0
2024-05-15 00:00:00-04:00,92.44161932872312,94.83083350687552,91.5689050462718,94.59890747070312,417735000,0.0,0.0
2024-05-16 00:00:00-04:00,94.87882442022669,95.78752238437566,94.07208269713682,94.3280029296875,323952000,0.0,0.0
2024-05-17 00:00:00-04:00,94.33800216120143,94.70887485375151,91.77584059273352,92.44861602783203,359691000,0.0,0.0
2024-05-20 00:00:00-04:00,93.71920279909754,95.16872341830162,93.40930707577944,94.74886322021484,318764000,0.0,0.0
2024-05-21 00:00:00-04:00,93.56825212335475,95.36866300361463,93.14939104451075,95.35466766357422,328946000,0.0,0.0
2024-05-22 00:00:00-04:00,95.42764347286975,95.98845620709115,93.21837032400495,94.91880798339844,548648000,0.0,0.0
2024-05-23 00:00:00-04:00,101.99448585081109,106.2850758370863,101.48664948420172,103.76490783691406,835065000,0.0,0.0
2024-05-24 00:00:00-04:00,104.41468788795488,106.44002335978084,102.96616635990915,106.43402862548828,429494000,0.0,0.0
2024-05-28 00:00:00-04:00,110.2077900069521,114.90124747385036,109.84690852832622,113.86358642578125,652728000,0.0,0.0
2024-05-29 00:00:00-04:00,113.01286640628571,115.45405793078952,110.86457027293942,114.78727722167969,557442000,0.0,0.0
2024-05-30 00:00:00-04:00,114.612337538274,115.78095222554882,109.62697631949285,110.46369934082031,487350000,0.0,0.0
2024-05-31 00:00:00-04:00,112.4830297906596,112.67997129263833,106.904868817121,109.59698486328125,613263000,0.0,0.0
2024-06-03 00:00:00-04:00,113.58368201334555,114.96222686767578,111.96620962094242,114.96222686767578,438392000,0.0,0.0
2024-06-04 00:00:00-04:00,115.67799408835361,116.56169877793198,114.00753771578134,116.39875030517578,403324000,0.0,0.0
2024-06-05 00:00:00-04:00,118.33211671671947,122.40877237466783,117.42941347887506,122.3997802734375,528402000,0.0,0.0
2024-06-06 00:00:00-04:00,124.00725324087743,125.54574922421772,118.2811377621336,120.95825958251953,664696000,0.0,0.0
2024-06-07 00:00:00-04:00,119.73066046106749,121.65203391481319,117.98324108710487,120.84829711914062,412386000,0.0,0.0
2024-06-10 00:00:00-04:00,120.33046067723372,123.05955958930451,116.9715638416941,121.74999237060547,314162700,0.0,10.0
2024-06-11 00:00:00-04:00,121.73999195116299,122.83972700807324,118.7107397776175,120.88021087646484,222551200,0.01,0.0
2024-06-12 00:00:00-04:00,123.02967915018486,126.84873770805827,122.53980200765415,125.16915130615234,299595000,0.0,0.0
2024-06-13 00:00:00-04:00,129.35813218658845,129.7680348697194,127.12868568021801,129.5780792236328,260704500,0.0,0.0
2024-06-14 00:00:00-04:00,129.92799370452428,132.80727390157034,128.28839829543193,131.84751892089844,309320400,0.0,0.0
2024-06-17 00:00:00-04:00,132.9572533982128,133.69706139159663,129.54808953427707,130.94773864746094,288504400,0.0,0.0
2024-06-18 00:00:00-04:00,131.10769173939232,136.29641557179684,130.6578056523983,135.54660034179688,294335100,0.0,0.0
2024-06-20 00:00:00-04:00,139.76557010788932,140.72532511567726,129.48810330722768,130.74778747558594,517768400,0.0,0.0
2024-06-21 00:00:00-04:00,127.08867825178737,130.5978154647857,124.26937345205326,126.53881072998047,655484700,0.0,0.0
2024-06-24 00:00:00-04:00,123.20963548646723,124.42933613805307,118.01091965046173,118.08090209960938,476060900,0.0,0.0
2024-06-25 00:00:00-04:00,121.17013488438512,126.46883208603107,119.29060083723321,126.05892944335938,425787500,0.0,0.0
2024-06-26 00:00:00-04:00,126.09892059020918,128.08842814640124,122.56979155312732,126.36885833740234,362975900,0.0,0.0
2024-06-27 00:00:00-04:00,124.06941564080125,126.37885155800387,122.88970613137967,123.95944213867188,252571700,0.0,0.0
2024-06-28 00:00:00-04:00,124.54930428199576,127.67853027804634,122.71975337861936,123.50955963134766,315516700,0.0,0.0
2024-07-01 00:00:00-04:00,123.43958890104815,124.80924657003757,118.8007324055703,124.2693862915039,284885500,0.0,0.0
2024-07-02 00:00:00-04:00,121.10014907077634,123.37959365292392,121.00017523772506,122.6397705078125,218374000,0.0,0.0
2024-07-03 00:00:00-04:00,121.63003350315482,128.24839782714844,121.33010435521813,128.24839782714844,215749000,0.0,0.0
2024-07-05 00:00:00-04:00,127.34860945857926,128.81825608276083,125.64903140778242,125.79899597167969,214176700,0.0,0.0
2024-07-08 00:00:00-04:00,127.4585719244731,130.73776982046533,127.0086858992603,128.16839599609375,237677300,0.0,0.0
2024-07-09 00:00:00-04:00,130.3178959397844,133.78704236722226,128.61830251041144,131.34764099121094,285366600,0.0,0.0
2024-07-10 00:00:00-04:00,133.99698191654937,135.0667256558596,132.38737791270125,134.87677001953125,248978600,0.0,0.0
2024-07-11 00:00:00-04:00,135.71655549549055,136.1164508461357,127.0187019512054,127.36861419677734,374782700,0.0,0.0
2024-07-12 00:00:00-04:00,128.2284060345482,131.88750829381019,127.1886688828338,129.2081756591797,252680500,0.0,0.0
2024-07-15 00:00:00-04:00,130.52782847793975,131.35762580228223,127.14866403247436,128.40835571289062,208326200,0.0,0.0
2024-07-16 00:00:00-04:00,128.40836211736584,129.0082051584145,124.54931239200171,126.32887268066406,214769500,0.0,0.0
2024-07-17 00:00:00-04:00,121.32010271185337,121.8199795319496,116.69124610366761,117.96092987060547,390086200,0.0,0.0
2024-07-18 00:00:00-04:00,121.81998031239168,122.36984786902624,116.53128260658956,121.06016540527344,320979500,0.0,0.0
2024-07-19 00:00:00-04:00,120.32034177331325,121.57003374775046,117.341080377663,117.90093994140625,217223800,0.0,0.0
2024-07-22 00:00:00-04:00,120.3203432330864,124.03942781453529,119.8304661088677,123.50955963134766,258068900,0.0,0.0
2024-07-23 00:00:00-04:00,122.74974719191928,124.65928025097237,122.06991443104106,122.5597915649414,173911000,0.0,0.0
2024-07-24 00:00:00-04:00,119.1406333610656,119.92043994002134,113.41204956795865,114.22184753417969,327776900,0.0,0.0
2024-07-25 00:00:00-04:00,113.01214179627254,116.60125336651197,106.27380502948411,112.25232696533203,460067000,0.0,0.0
2024-07-26 00:00:00-04:00,116.16137637359374,116.17136841805404,111.55251154245995,113.03214263916016,293399100,0.0,0.0
2024-07-29 00:00:00-04:00,113.66198865142056,116.25134680115113,111.27257816967544,111.5625,248152100,0.0,0.0
2024-07-30 00:00:00-04:00,111.49251876218644,111.96240417731258,102.51473565355279,103.7044448852539,486833300,0.0,0.0
2024-07-31 00:00:00-04:00,112.87217777091092,118.31083191790377,110.85267132044424,116.99115753173828,473174200,0.0,0.0
2024-08-01 00:00:00-04:00,117.50104810323892,120.13040514788088,106.78368749587625,109.18309783935547,523462300,0.0,0.0
2024-08-02 00:00:00-04:00,103.73443867463745,108.69321575888374,101.3450281116693,107.24356842041016,482027500,0.0,0.0
2024-08-05 00:00:00-04:00,92.0373150047539,103.38452459369911,90.66765743904186,100.42524719238281,552842400,0.0,0.0
2024-08-06 00:00:00-04:00,103.8144091952266,107.68345833707174,100.52522659409519,104.22431182861328,409012100,0.0,0.0
2024-08-07 00:00:00-04:00,107.78343659639361,108.77319818362058,98.6656883565928,98.88563537597656,411440400,0.0,0.0
2024-08-08 00:00:00-04:00,101.97486813365401,105.47400576569116,97.49596860854,104.94413757324219,391910000,0.0,0.0
2024-08-09 00:00:00-04:00,105.6139698534446,106.57373239559361,103.40451530940655,104.72418975830078,290844200,0.0,0.0
2024-08-12 00:00:00-04:00,106.29380933051287,111.04263923804827,106.23382655143305,108.9931411743164,325559900,0.0,0.0
2024-08-13 00:00:00-04:00,112.41229629244809,116.20136332032301,111.55250759337807,116.11138153076172,312646700,0.0,0.0
2024-08-14 00:00:00-04:00,118.5007970340635,118.57077948335262,114.04189674110647,118.05091094970703,339246400,0.0,0.0
2024-08-15 00:00:00-04:00,118.73074633761901,123.2096384456698,117.44106320591041,122.8297348022461,318086700,0.0,0.0
2024-08-16 00:00:00-04:00,121.90995234205361,124.9691958147952,121.15013749579563,124.54930114746094,302589900,0.0,0.0
2024-08-19 00:00:00-04:00,124.24936523467589,129.96795654296875,123.38957660426745,129.96795654296875,318333600,0.0,0.0
2024-08-20 00:00:00-04:00,128.36836140301475,129.8480077753235,125.85898525590325,127.2186508178711,300087400,0.0,0.0
2024-08-21 00:00:00-04:00,127.288628455805,129.31813467743694,126.62879504399294,128.4683380126953,257883600,0.0,0.0
2024-08-22 00:00:00-04:00,129.98796994394152,130.717785815134,123.06966909662319,123.70951080322266,376189100,0.0,0.0
2024-08-23 00:00:00-04:00,125.82898983127045,129.56807382051312,125.18914813175064,129.33811950683594,323230300,0.0,0.0
2024-08-26 00:00:00-04:00,129.53808260280766,131.22765338990934,124.33935925298674,126.42884063720703,331964700,0.0,0.0
2024-08-27 00:00:00-04:00,125.01920259136338,129.1681743229575,123.84948497148315,128.26840209960938,303134600,0.0,0.0
2024-08-28 00:00:00-04:00,128.0884319398247,128.29838691719942,122.60978624415954,125.57905578613281,448101100,0.0,0.0
2024-08-29 00:00:00-04:00,121.33009516824127,124.39933835599817,116.68123949231907,117.56101989746094,453023300,0.0,0.0
2024-08-30 00:00:00-04:00,119.50054804230363,121.72000228172388,117.19111963899515,119.34059143066406,333751600,0.0,0.0
2024-09-03 00:00:00-04:00,115.9814171340765,116.18136480283337,107.26356453201906,107.973388671875,477155100,0.0,0.0
2024-09-04 00:00:00-04:00,105.38403194779274,113.24208832420429,104.09434887245212,106.18383026123047,372470300,0.0,0.0
2024-09-05 00:00:00-04:00,104.96413183407385,109.6229874268856,104.73419276980215,107.18358612060547,306850700,0.0,0.0
2024-09-06 00:00:00-04:00,108.0133719412909,108.12334543943037,100.92511547059387,102.80465698242188,413638100,0.0,0.0
2024-09-09 00:00:00-04:00,104.85415910703641,106.52375348417674,103.66445746112835,106.44377136230469,273912000,0.0,0.0
2024-09-10 00:00:00-04:00,107.78343479415585,109.37304700834024,104.92413884500664,108.0733642578125,268283700,0.0,0.0
2024-09-11 00:00:00-04:00,109.3630438515934,117.16112485124165,107.39352807236727,116.88119506835938,441422400,0.0,0.0
2024-09-12 00:00:00-04:00,116.82120128077001,120.77057045474369,115.3614370539407,119.12083435058594,367100500,0.01,0.0
2024-09-13 00:00:00-04:00,119.06084000976254,119.94069565795841,117.58107480834963,119.0808334350586,238358300,0.0,0.0
2024-09-16 00:00:00-04:00,116.77120810734208,118.16098383065176,114.34159881620232,116.7612075805664,248772300,0.0,0.0
2024-09-17 00:00:00-04:00,118.15099033708098,118.7808938826076,114.81153124290536,115.57140350341797,231925900,0.0,0.0
2024-09-18 00:00:00-04:00,115.87135202544096,117.68105834506785,113.20178347448297,113.35176086425781,310318900,0.0,0.0
2024-09-19 00:00:00-04:00,117.3311230698782,119.64075670028409,117.23114068021938,117.85104370117188,293506400,0.0,0.0
2024-09-20 00:00:00-04:00,117.041165532472,118.6009197546388,115.37143602446805,115.98133850097656,382462400,0.0,0.0
2024-09-23 00:00:00-04:00,116.5312567610485,116.97118080282907,114.84152614526418,116.24130249023438,206228500,0.0,0.0
2024-09-24 00:00:00-04:00,116.5012492087513,121.78040609310197,115.36143323881014,120.85055541992188,354966800,0.0,0.0
2024-09-25 00:00:00-04:00,122.00036937142775,124.91990547833531,121.5904392877682,123.4901351928711,284692900,0.0,0.0
2024-09-26 00:00:00-04:00,126.77960826024157,127.64946344549999,121.78041247124415,124.02005004882812,302582900,0.0,0.0
2024-09-27 00:00:00-04:00,123.9500642912149,124.01005220096552,119.24082267160239,121.38047790527344,271009200,0.0,0.0
2024-09-30 00:00:00-04:00,118.29096227592748,121.48045146740193,118.13099198549791,121.42046356201172,226553700,0.0,0.0
2024-10-01 00:00:00-04:00,121.75040758040218,122.42030559533124,115.77137385100936,116.9811782836914,302094500,0.0,0.0
2024-10-02 00:00:00-04:00,116.42127087200362,119.360792730428,115.12147695024304,118.83087921142578,221845900,0.0,0.0
2024-10-03 00:00:00-04:00,120.90054847309592,124.33999759824167,120.32063993396463,122.83023834228516,277118000,0.0,0.0
2024-10-04 00:00:00-04:00,124.91990339813242,125.01988578554294,121.810403092212,124.89990234375,243678100,0.0,0.0
2024-10-07 00:00:00-04:00,124.96989107230341,130.61898369823507,124.92989659161151,127.69945526123047,346250200,0.0,0.0
2024-10-08 00:00:00-04:00,130.23904002332463,133.45852325335272,129.39917881279587,132.86862182617188,285722500,0.0,0.0
2024-10-09 00:00:00-04:00,134.08841860906853,134.49835629027027,131.35886221320516,132.62864685058594,246191600,0.0,0.0
2024-10-10 00:00:00-04:00,131.8887724251562,134.97827142059657,130.97891523035668,134.78829956054688,242311300,0.0,0.0
2024-10-11 00:00:00-04:00,133.98843884138304,135.75815840657205,133.63850429309608,134.7783203125,170209500,0.0,0.0
2024-10-14 00:00:00-04:00,136.44805696221857,139.57755854294567,136.27808612883217,138.0478057861328,232347700,0.0,0.0
2024-10-15 00:00:00-04:00,137.84782283581688,138.547722466739,128.71930149862905,131.57884216308594,377831000,0.0,0.0
2024-10-16 00:00:00-04:00,133.9584403413635,136.5980149944232,131.55883256815804,135.6981658935547,264879700,0.0,0.0
2024-10-17 00:00:00-04:00,139.31759037510415,140.8673441853548,136.8479863322171,136.90797424316406,306435900,0.0,0.0
2024-10-18 00:00:00-04:00,138.64768884107772,138.87764756674068,137.25791307551907,137.97779846191406,176090200,0.0,0.0
2024-10-21 00:00:00-04:00,138.1077854115753,143.6868896484375,137.97780144123402,143.6868896484375,264554500,0.0,0.0
2024-10-22 00:00:00-04:00,142.88702644418225,144.39677817254247,141.7572032447214,143.56690979003906,226311600,0.0,0.0
2024-10-23 00:00:00-04:00,142.00715584596583,142.4070854107316,137.43789878035992,139.5375518798828,285930000,0.0,0.0
2024-10-24 00:00:00-04:00,140.79735837298583,141.3272719093067,138.4377373361036,140.38742065429688,172354900,0.0,0.0
2024-10-25 00:00:00-04:00,140.90732467853542,144.1068221770471,140.77735596279692,141.51722717285156,205122100,0.0,0.0
2024-10-28 00:00:00-04:00,142.9770029033179,143.11697977842437,140.02748037021578,140.49740600585938,173586700,0.0,0.0
2024-10-29 00:00:00-04:00,140.26742736816374,142.23711171034327,138.87765156261756,141.22727966308594,157593600,0.0,0.0
2024-10-30 00:00:00-04:00,139.51754595215704,140.30742741103543,136.78798938993828,139.3175811767578,179418100,0.0,0.0
2024-10-31 00:00:00-04:00,137.57788081150406,137.5878737112806,132.08875807974474,132.7386474609375,270039600,0.0,0.0
2024-11-01 00:00:00-04:00,134.67833522595924,137.2879161101812,134.5483665061615,135.3782196044922,207127800,0.0,0.0
2024-11-04 00:00:00-05:00,137.18793904541485,138.9376575905799,135.54820341905642,136.0281219482422,187528200,0.0,0.0
2024-11-05 00:00:00-05:00,137.4278859649573,140.3474144064953,137.30791015086248,139.8874969482422,160537400,0.0,0.0
2024-11-06 00:00:00-05:00,142.9370107400554,146.46644169789403,141.93717159604822,145.58657836914062,242043900,0.0,0.0
2024-11-07 00:00:00-05:00,146.3664587614797,148.9060435973239,146.14649291865044,148.85606384277344,207323300,0.0,0.0
2024-11-08 00:00:00-05:00,148.7460628790407,149.74590195013883,146.236457046531,147.6062469482422,175665800,0.0,0.0
2024-11-11 00:00:00-05:00,148.65606583595482,148.82605190369284,143.5469028263821,145.2366180419922,182325600,0.0,0.0
2024-11-12 00:00:00-05:00,146.7563770410738,149.62591028148023,145.98649668767203,148.26612854003906,198634700,0.0,0.0
2024-11-13 00:00:00-05:00,149.04602786184785,149.30598054586102,145.87652436377047,146.24647521972656,191903300,0.0,0.0
2024-11-14 00:00:00-05:00,147.6162371498861,148.97601887199116,145.52657719098687,146.7363739013672,194463300,0.0,0.0
2024-11-15 00:00:00-05:00,144.8466877533126,145.2166386002855,140.05746510375218,141.9571533203125,250132900,0.0,0.0
2024-11-18 00:00:00-05:00,139.47755210471132,141.52722527651324,137.1279241566863,140.12744140625,221866000,0.0,0.0
2024-11-19 00:00:00-05:00,141.2972716123141,147.10633445236968,140.96732287230222,146.98634338378906,227834900,0.0,0.0
2024-11-20 00:00:00-05:00,147.38629113505743,147.53626090336707,142.70703603144835,145.8665313720703,309871700,0.0,0.0
2024-11-21 00:00:00-05:00,149.32598496889756,152.8654088901037,140.67736706254192,146.6464080810547,400946600,0.0,0.0
2024-11-22 00:00:00-05:00,145.90650981286518,147.13632286743956,141.07730047570033,141.92715454101562,236406200,0.0,0.0
2024-11-25 00:00:00-05:00,141.9671640146257,142.02715192160386,135.79815839357323,135.9981231689453,344941900,0.0,0.0
2024-11-26 00:00:00-05:00,137.6778530821544,139.277601884859,135.64818075181995,136.89797973632812,190287700,0.0,0.0
2024-11-27 00:00:00-05:00,134.98827330747284,137.19792446250455,131.77879829463743,135.31822204589844,226370900,0.0,0.0
2024-11-29 00:00:00-05:00,136.75800311530705,139.32759715528792,136.02812477876728,138.22776794433594,141863200,0.0,0.0
2024-12-02 00:00:00-05:00,138.8076612979231,140.42739572538855,137.7978293194704,138.60769653320312,171682800,0.0,0.0
2024-12-03 00:00:00-05:00,138.23776359782383,140.51739577472358,137.92781588392697,140.23744201660156,164414000,0.0,0.0
2024-12-04 00:00:00-05:00,141.97715912549498,145.76654278655016,140.26742746830917,145.1166534423828,231224300,0.0,0.0
2024-12-05 00:00:00-05:00,145.0966598316491,146.52652104015894,143.93676281520223,145.04666137695312,172621200,0.01,0.0
2024-12-06 00:00:00-05:00,144.58670004061705,145.68658966441174,141.29699424160657,142.42689514160156,188505600,0.0,0.0
2024-12-09 00:00:00-05:00,138.9572148926683,139.93712045292858,137.1173878488451,138.79722595214844,189308600,0.0,0.0
2024-12-10 00:00:00-05:00,138.99721154250668,141.80696595909077,133.77769033829185,135.05758666992188,210020900,0.0,0.0
2024-12-11 00:00:00-05:00,137.3473626393387,140.15710166074888,135.19756655561218,139.29718017578125,184905200,0.0,0.0
2024-12-12 00:00:00-05:00,137.0673914713081,138.42726697152892,135.7875104425574,137.32736206054688,159211400,0.0,0.0
2024-12-13 00:00:00-05:00,138.92722683278515,139.58716980719961,132.52780616182653,134.23765563964844,231514900,0.0,0.0
2024-12-16 00:00:00-05:00,134.16764608739564,134.38762706465963,130.40799755691268,131.98785400390625,237951100,0.0,0.0
2024-12-17 00:00:00-05:00,129.07812250532473,131.57789255271604,126.84833189511964,130.3780059814453,259410300,0.0,0.0
2024-12-18 00:00:00-05:00,133.84768927135005,136.68742440979707,128.2682006428492,128.8981475830078,277444500,0.0,0.0
2024-12-19 00:00:00-05:00,131.7478712095932,134.01766661792476,129.5380830968377,130.66796875,209719200,0.0,0.0
2024-12-20 00:00:00-05:00,129.7980572196654,135.26755529215387,128.20820713472543,134.68760681152344,306528600,0.0,0.0
2024-12-23 00:00:00-05:00,136.2674627166313,139.77713434768583,135.1075657604122,139.6571502685547,176053500,0.0,0.0
2024-12-24 00:00:00-05:00,139.98712655305678,141.88694573903672,138.6372445869122,140.2071075439453,105157000,0.0,0.0
2024-12-26 00:00:00-05:00,139.68715493157526,140.8370583714796,137.7173348045662,139.91712951660156,116205600,0.0,0.0
2024-12-27 00:00:00-05:00,138.53725762424156,139.00721560881072,134.69761453351015,136.9973907470703,170582600,0.0,0.0
2024-12-30 00:00:00-05:00,134.81759702407376,140.2570989672278,134.00767398793965,137.47735595703125,167734700,0.0,0.0
2024-12-31 00:00:00-05:00,138.0173106258272,138.05731549303724,133.8176997545706,134.27764892578125,155659200,0.0,0.0
2025-01-02 00:00:00-05:00,135.98748671158143,138.8672266066605,134.61761764692358,138.29727172851562,198247200,0.0,0.0
2025-01-03 00:00:00-05:00,139.99711439640743,144.88666393436952,139.71714137538024,144.4567108154297,229322500,0.0,0.0
2025-01-06 00:00:00-05:00,148.57632545203526,152.14600432101588,147.80640728049391,149.41624450683594,265377400,0.0,0.0
2025-01-07 00:00:00-05:00,153.0159191493047,153.1159160516902,139.99711279126652,140.12710571289062,351782200,0.0,0.0
2025-01-08 00:00:00-05:00,142.5668963792699,143.9367655713296,137.5473535279277,140.0971221923828,227349900,0.0,0.0
2025-01-10 00:00:00-05:00,137.43735839735214,139.90713250101766,134.20765966847648,135.8975067138672,207602500,0.0,0.0
2025-01-13 00:00:00-05:00,129.97805065881337,133.47772877314173,129.49808381781634,133.21774291992188,204808900,0.0,0.0
2025-01-14 00:00:00-05:00,136.0374931021696,136.3674645891877,130.03804480886453,131.7478790283203,195590500,0.0,0.0
2025-01-15 00:00:00-05:00,133.63770458598145,136.43745017340345,131.277920981104,136.22747802734375,185217300,0.0,0.0
2025-01-16 00:00:00-05:00,138.6272498193542,138.73724031386243,133.47772952507327,133.55772399902344,209235600,0.0,0.0
2025-01-17 00:00:00-05:00,136.67743145335606,138.48726255165812,135.44754884500142,137.6973419189453,201188800,0.0,0.0
2025-01-21 00:00:00-05:00,139.14720257048143,141.8169551308445,137.07738566270945,140.81704711914062,197749000,0.0,0.0
2025-01-22 00:00:00-05:00,144.64670591256592,147.77640781491758,143.65679142482674,147.05648803710938,237651400,0.0,0.0
2025-01-23 00:00:00-05:00,145.03666800279981,147.2164602628041,143.706788444335,147.2064666748047,155915500,0.0,0.0
2025-01-24 00:00:00-05:00,148.35634349735062,148.95629439391405,141.86695041120194,142.60687255859375,234657600,0.0,0.0
2025-01-27 00:00:00-05:00,124.78852130861458,128.3881809500624,116.68926041493282,118.40910339355469,818830900,0.0,0.0
2025-01-28 00:00:00-05:00,121.79880142784785,128.9881430022562,116.23931491482392,128.9781494140625,579666400,0.0,0.0
2025-01-29 00:00:00-05:00,126.48836708502724,126.87833061040895,120.03896327722832,123.6886215209961,467120600,0.0,0.0
2025-01-30 00:00:00-05:00,123.08867408422283,124.9885008224628,118.08913405132431,124.63853454589844,392925500,0.0,0.0
2025-01-31 00:00:00-05:00,123.76861793270326,127.83824341487099,119.1790436181177,120.0589599609375,390372900,0.0,0.0
2025-02-03 00:00:00-05:00,114.7394486968032,118.55909714130068,112.99961082645434,116.64927673339844,371235700,0.0,0.0
2025-02-04 00:00:00-05:00,116.94924444838958,121.1888524384042,116.68926621972048,118.63909149169922,256550000,0.0,0.0
2025-02-05 00:00:00-05:00,121.74880228526035,124.98850212428793,120.74889426826606,124.81851959228516,262230800,0.0,0.0
2025-02-06 00:00:00-05:00,127.40827329026631,128.7581551695,125.19847756454047,128.66815185546875,251483600,0.0,0.0
2025-02-07 00:00:00-05:00,129.20811063964976,130.35799871586244,124.9884977355082,129.8280487060547,228186300,0.0,0.0
2025-02-10 00:00:00-05:00,130.0780330404282,134.98758517024453,129.94805537047182,133.55772399902344,216989100,0.0,0.0
2025-02-11 00:00:00-05:00,132.56781502240796,134.4676342706669,131.0079608594355,132.7877960205078,178902400,0.0,0.0
2025-02-12 00:00:00-05:00,130.00805277951918,132.22784993678553,129.0681367435288,131.12794494628906,160278600,0.0,0.0
2025-02-13 00:00:00-05:00,131.54790450828392,136.487452862588,131.15794096754342,135.27755737304688,197430000,0.0,0.0
2025-02-14 00:00:00-05:00,136.46744211776974,139.23719160158925,135.4875365315285,138.8372344970703,195479600,0.0,0.0
2025-02-18 00:00:00-05:00,141.25701494818574,143.4268135927519,137.91731045487123,139.38717651367188,219176600,0.0,0.0
2025-02-19 00:00:00-05:00,139.49716663707372,141.34700263351252,137.2073839146051,139.21719360351562,167536000,0.0,0.0
2025-02-20 00:00:00-05:00,140.01712771481476,140.6470746897965,136.7774200315485,140.0971221923828,143903600,0.0,0.0
2025-02-21 00:00:00-05:00,140.02711787829398,141.4470007486669,134.01767593596887,134.41763305664062,228217600,0.0,0.0
2025-02-24 00:00:00-05:00,136.5474420161462,138.57725415414035,130.06804206967678,130.2680206298828,251381100,0.0,0.0
2025-02-25 00:00:00-05:00,129.96804527013506,130.18802626376245,124.42856133510212,126.61835479736328,271428700,0.0,0.0
2025-02-26 00:00:00-05:00,129.97805439122038,133.71770077604796,128.478192299153,131.26792907714844,322553800,0.0,0.0
2025-02-27 00:00:00-05:00,134.9875872324259,134.99758082030266,119.99896764539281,120.13895416259766,443175800,0.0,0.0
2025-02-28 00:00:00-05:00,118.00914142194866,125.07849083366686,116.38929530836823,124.90850830078125,389091100,0.0,0.0
2025-03-03 00:00:00-05:00,123.49864257535764,123.68861991301428,112.26967207329028,114.04950714111328,411381400,0.0,0.0
2025-03-04 00:00:00-05:00,110.63982667322061,119.29902637351395,110.09987541363249,115.97933197021484,398163300,0.0,0.0
2025-03-05 00:00:00-05:00,117.56918811598004,118.26912068620358,114.49947076595478,117.28921508789062,284337900,0.0,0.0
2025-03-06 00:00:00-05:00,113.51955654224739,115.3393888375433,110.209863429875,110.55982971191406,321181900,0.0,0.0
2025-03-07 00:00:00-05:00,111.2397716760376,113.46957000648335,107.5501084934214,112.67964172363281,341755500,0.0,0.0
2025-03-10 00:00:00-04:00,109.88989097369002,111.83970852661247,105.45029700249104,106.97016143798828,366487400,0.0,0.0
2025-03-11 00:00:00-04:00,106.98015850635034,112.22967568900775,104.76036144852146,108.75,354865700,0.0,0.0
2025-03-12 00:00:00-04:00,114.12000274658203,116.76000213623047,112.87999725341797,115.73999786376953,323857500,0.01,0.0
2025-03-13 00:00:00-04:00,117.02999877929688,117.76000213623047,113.79000091552734,115.58000183105469,299033100,0.0,0.0
2025-03-14 00:00:00-04:00,118.61000061035156,121.87999725341797,118.1500015258789,121.66999816894531,277593500,0.0,0.0
2025-03-17 00:00:00-04:00,122.73999786376953,122.88999938964844,118.02999877929688,119.52999877929688,255501500,0.0,0.0
2025-03-18 00:00:00-04:00,118.0,119.0199966430664,114.54000091552734,115.43000030517578,299686900,0.0,0.0
2025-03-19 00:00:00-04:00,117.2699966430664,120.44999694824219,115.68000030517578,117.5199966430664,273426200,0.0,0.0
2025-03-20 00:00:00-04:00,116.55000305175781,120.19999694824219,116.47000122070312,118.52999877929688,248829700,0.0,0.0
2025-03-21 00:00:00-04:00,116.94000244140625,117.98999786376953,115.41999816894531,117.69999694824219,266498500,0.0,0.0
2025-03-24 00:00:00-04:00,119.87999725341797,122.22000122070312,119.33999633789062,121.41000366210938,228452500,0.0,0.0
2025-03-25 00:00:00-04:00,120.55000305175781,121.29000091552734,118.91999816894531,120.69000244140625,167447200,0.0,0.0
2025-03-26 00:00:00-04:00,118.7300033569336,118.83999633789062,112.70999908447266,113.76000213623047,293463300,0.0,0.0
2025-03-27 00:00:00-04:00,111.3499984741211,114.44999694824219,110.66000366210938,111.43000030517578,236902100,0.0,0.0
2025-03-28 00:00:00-04:00,111.48999786376953,112.87000274658203,109.06999969482422,109.66999816894531,229872500,0.0,0.0
2025-03-31 00:00:00-04:00,105.12999725341797,110.95999908447266,103.6500015258789,108.37999725341797,299212700,0.0,0.0
2025-04-01 00:00:00-04:00,108.5199966430664,110.19999694824219,106.47000122070312,110.1500015258789,222614000,0.0,0.0
2025-04-02 00:00:00-04:00,107.29000091552734,111.9800033569336,106.79000091552734,110.41999816894531,220601200,0.0,0.0
2025-04-03 00:00:00-04:00,103.51000213623047,105.62999725341797,101.5999984741211,101.80000305175781,338769400,0.0,0.0
2025-04-04 00:00:00-04:00,98.91000366210938,100.12999725341797,92.11000061035156,94.30999755859375,532273800,0.0,0.0
2025-04-07 00:00:00-04:00,87.45999908447266,101.75,86.62000274658203,97.63999938964844,611041300,0.0,0.0
2025-04-08 00:00:00-04:00,103.80999755859375,105.8499984741211,94.45999908447266,96.30000305175781,476243400,0.0,0.0
2025-04-09 00:00:00-04:00,98.88999938964844,115.0999984741211,97.52999877929688,114.33000183105469,612918300,0.0,0.0
2025-04-10 00:00:00-04:00,109.37000274658203,110.86000061035156,99.1500015258789,107.56999969482422,437812400,0.0,0.0
2025-04-11 00:00:00-04:00,108.5,111.55000305175781,107.4800033569336,110.93000030517578,312853800,0.0,0.0
2025-04-14 00:00:00-04:00,114.13999938964844,114.29000091552734,109.06999969482422,111.30000305175781,210419950,0.0,0.0
