Date,Open,High,Low,Close,Volume,Dividends,Stock Splits
2020-04-15 00:00:00-04:00,32.19738692967475,32.672040809761114,31.7622847104353,32.187496185302734,1407600,0.0,0.0
2020-04-16 00:00:00-04:00,32.167722084695825,32.4347156295468,31.2975232067198,32.2863883972168,1727300,0.0,0.0
2020-04-17 00:00:00-04:00,33.0280354361979,34.58055050166269,32.96870228072661,34.521217346191406,2188400,0.0,0.0
2020-04-20 00:00:00-04:00,33.62134162134162,34.30365572566043,33.028025336909,33.265350341796875,1831700,0.0,0.0
2020-04-21 00:00:00-04:00,33.07747008017135,33.63123097903137,32.04905159341244,32.07871627807617,1583100,0.0,0.0
2020-04-22 00:00:00-04:00,32.91925470489767,33.03791722500555,32.23693672679695,32.72148132324219,748300,0.0,0.0
2020-04-23 00:00:00-04:00,33.15658528689651,33.8487903522789,32.869817796389995,32.99836730957031,1401200,0.0,0.0
2020-04-24 00:00:00-04:00,33.304896808185546,33.73999504825397,32.968683331519784,33.60155487060547,1269300,0.0,0.0
2020-04-27 00:00:00-04:00,33.68067007575404,34.748639993686204,33.47300601008432,34.57064437866211,1780100,0.0,0.0
2020-04-28 00:00:00-04:00,35.53973764147757,36.785707231361016,35.470517527841075,36.70659637451172,1813400,0.0,0.0
2020-04-29 00:00:00-04:00,37.576806890473385,37.725137900242544,36.03417872328839,36.12317657470703,1839600,0.0,0.0
2020-04-30 00:00:00-04:00,35.70784709157771,36.12316778229912,35.20352479888644,35.95506286621094,2081600,0.0,0.0
2020-05-01 00:00:00-04:00,35.33208560306183,35.66829927924979,34.15533962251104,34.58055114746094,953900,0.0,0.0
2020-05-04 00:00:00-04:00,34.11577787587592,34.36299365758517,33.473015334546496,34.34321594238281,969400,0.0,0.0
2020-05-05 00:00:00-04:00,34.83765394820978,35.3815280141042,34.51133101755879,34.58055114746094,1096700,0.0,0.0
2020-05-06 00:00:00-04:00,34.689316511713635,34.966196949881805,33.49278939203034,33.532344818115234,1049600,0.0,0.0
2020-05-07 00:00:00-04:00,34.00699605798271,35.381514947291016,32.66214184990148,32.84013748168945,2025500,0.0,0.0
2020-05-08 00:00:00-04:00,33.28513195576134,34.11577711465896,33.25546726972644,33.97733688354492,1306500,0.0,0.0
2020-05-11 00:00:00-04:00,33.61146228034442,33.74990252665428,32.592930605524785,32.602821350097656,1533400,0.0,0.0
2020-05-12 00:00:00-04:00,32.72147750149698,33.136798159473436,31.475509869248008,31.55461883544922,1361700,0.0,0.0
2020-05-13 00:00:00-04:00,31.208521173562023,31.475514682610783,29.58678617538167,29.992219924926758,2306600,0.0,0.0
2020-05-14 00:00:00-04:00,29.36923432609893,30.61520015118322,28.390258213936534,30.565757751464844,1642500,0.0,0.0
2020-05-15 00:00:00-04:00,30.229539968170624,31.20851405872527,29.982324231582894,30.990964889526367,1192300,0.0,0.0
2020-05-18 00:00:00-04:00,32.37538012253428,33.29501935125392,32.04905348313906,33.01813888549805,1341200,0.0,0.0
2020-05-19 00:00:00-04:00,32.80058552902791,33.433461049131104,32.26660234937894,32.63248062133789,1195700,0.0,0.0
2020-05-20 00:00:00-04:00,33.24558048492233,33.59168487613283,32.9390353001578,33.166473388671875,1324000,0.0,0.0
2020-05-21 00:00:00-04:00,33.12691047598183,33.68067511357701,32.94891483433385,33.4730110168457,1400000,0.0,0.0
2020-05-22 00:00:00-04:00,33.44334182745002,33.898217840494084,33.44334182745002,33.868553161621094,1034100,0.0,0.0
2020-05-26 00:00:00-04:00,34.99586607929097,36.07372705765341,34.85742584261913,35.875953674316406,1142600,0.0,0.0
2020-05-27 00:00:00-04:00,36.75603541149316,37.27024461733387,36.10338599104397,36.864810943603516,1684200,0.0,0.0
2020-05-28 00:00:00-04:00,37.52735482169553,37.56691025041777,36.13305802304977,36.20227813720703,1146600,0.0,0.0
2020-05-29 00:00:00-04:00,35.7572861232875,36.71648444560447,35.480405688892084,36.51871109008789,1344000,0.0,0.0
2020-06-01 00:00:00-04:00,36.56815161265157,37.69545477747128,36.36049129749274,37.507572174072266,2369100,0.0,0.0
2020-06-02 00:00:00-04:00,37.93279306417082,39.277647623575874,37.87345991400398,39.15898132324219,2925700,0.0,0.0
2020-06-03 00:00:00-04:00,39.55452948792198,40.3851747580569,39.47541861828347,39.940185546875,1881200,0.0,0.0
2020-06-04 00:00:00-04:00,39.64351706830813,40.56315994262695,39.29741653376359,40.56315994262695,1587800,0.0,0.0
2020-06-05 00:00:00-04:00,41.52236094522761,42.51122399084452,41.52236094522761,41.917903900146484,1957600,0.0,0.0
2020-06-08 00:00:00-04:00,42.2936726601703,43.02542919710092,42.21456180633287,42.827659606933594,1286200,0.0,0.0
2020-06-09 00:00:00-04:00,41.92779557952471,41.97723797846725,41.00815262478316,41.067481994628906,962300,0.0,0.0
2020-06-10 00:00:00-04:00,41.02793738245878,41.02793738245878,39.17876041239343,39.22820281982422,1714800,0.0,0.0
2020-06-11 00:00:00-04:00,37.85367571925166,38.19978004434092,36.320938771608134,36.380271911621094,1417900,0.0,0.0
2020-06-12 00:00:00-04:00,37.88335230963787,38.00201484292977,35.579299135954486,36.63738250732422,1332900,0.0,0.0
2020-06-15 00:00:00-04:00,35.332078431983504,37.922898721349554,34.966200137872434,37.636131286621094,1487900,0.0,0.0
2020-06-16 00:00:00-04:00,39.51496350116015,40.048950411984364,38.071224465713534,38.32832717895508,1539400,0.0,0.0
2020-06-17 00:00:00-04:00,38.63488034876803,39.23808743291679,38.308557492948076,38.486549377441406,1575100,0.0,0.0
2020-06-18 00:00:00-04:00,38.07123290695441,38.55577753099877,37.86357254188413,37.93279266357422,765600,0.0,0.0
2020-06-19 00:00:00-04:00,38.67443544101411,38.842540352989644,37.824012593527094,38.27888870239258,2001600,0.0,0.0
2020-06-22 00:00:00-04:00,37.88334249510707,38.89198319731197,37.42846265294278,38.793094635009766,1506600,0.0,0.0
2020-06-23 00:00:00-04:00,39.55451749098149,40.37527553958147,39.02053059952218,39.06997299194336,1410700,0.0,0.0
2020-06-24 00:00:00-04:00,38.54587980080882,38.73376241531495,37.53723907470703,37.53723907470703,1017500,0.0,0.0
2020-06-25 00:00:00-04:00,37.2405820473153,38.54588096225703,37.013144000098066,38.51621627807617,1137000,0.0,0.0
2020-06-26 00:00:00-04:00,38.27889113833954,38.397557430805506,37.606463903219755,38.20967102050781,1706000,0.0,0.0
2020-06-29 00:00:00-04:00,38.61510605172043,38.921654992557556,38.377781003251506,38.684326171875,872900,0.0,0.0
2020-06-30 00:00:00-04:00,38.60511038952262,38.95165384035483,38.3674778967803,38.84273910522461,1176800,0.05,0.0
2020-07-01 00:00:00-04:00,38.99127121345581,39.179394316128665,37.91203072540326,37.9615364074707,950000,0.0,0.0
2020-07-02 00:00:00-04:00,38.813049552424324,39.32791697950728,38.407096897210664,38.486305236816406,1032100,0.0,0.0
2020-07-06 00:00:00-04:00,38.77342970778633,39.08037088509614,38.38728021903416,38.61500930786133,1025000,0.0,0.0
2020-07-07 00:00:00-04:00,38.30807672767974,38.723932731459755,37.91202752750571,38.11005401611328,1930700,0.0,0.0
2020-07-08 00:00:00-04:00,37.99123586138675,38.21896500134901,36.25851069567976,36.98130416870117,1295800,0.0,0.0
2020-07-09 00:00:00-04:00,36.84267352122938,37.12981163771727,35.53570445374491,35.80303955078125,1241100,0.0,0.0
2020-07-10 00:00:00-04:00,35.6248280621153,36.555547625238745,35.6248280621153,36.43673324584961,769500,0.0,0.0
2020-07-13 00:00:00-04:00,36.76348412143089,37.77341597045118,36.4763458573185,36.941707611083984,889500,0.0,0.0
2020-07-14 00:00:00-04:00,36.80307687945415,37.99123191064708,36.67436288571346,37.951629638671875,731600,0.0,0.0
2020-07-15 00:00:00-04:00,38.525903255866204,39.89228176657534,38.3476798076415,39.62494659423828,1318400,0.0,0.0
2020-07-16 00:00:00-04:00,39.67445178321735,40.16951607177962,39.110078796419614,39.63484573364258,768900,0.0,0.0
2020-07-17 00:00:00-04:00,39.803168610176385,40.61507372196611,39.803168610176385,40.13981246948242,1009500,0.0,0.0
2020-07-20 00:00:00-04:00,39.80316822765322,40.35763779503519,39.72395613114685,39.74375915527344,1477100,0.0,0.0
2020-07-21 00:00:00-04:00,40.120016177607546,40.644783190423034,40.080410122327535,40.23883056640625,745000,0.0,0.0
2020-07-22 00:00:00-04:00,39.95168688433711,40.69428332290873,39.95168688433711,40.51605987548828,611300,0.0,0.0
2020-07-23 00:00:00-04:00,40.387351738324945,41.19925699345766,40.357645308084535,40.71409225463867,815300,0.0,0.0
2020-07-24 00:00:00-04:00,40.931911773886455,40.931911773886455,40.13980974027074,40.27842712402344,607200,0.0,0.0
2020-07-27 00:00:00-04:00,40.15962069976623,40.7437967732004,39.67445598371093,40.67448806762695,729600,0.0,0.0
2020-07-28 00:00:00-04:00,40.63486495171385,40.70417362818532,39.55562499046427,39.5754280090332,1006000,0.0,0.0
2020-07-29 00:00:00-04:00,39.7635682324861,40.8428086609106,39.714062553153845,40.743797302246094,870900,0.0,0.0
2020-07-30 00:00:00-04:00,40.18931483765697,40.1992144604812,39.52592679722235,39.72395324707031,640200,0.0,0.0
2020-07-31 00:00:00-04:00,39.5754280090332,39.92197139139058,38.813028790807394,39.5754280090332,884300,0.0,0.0
2020-08-03 00:00:00-04:00,39.892279988995824,41.070531597942804,39.743759196412974,40.793296813964844,804300,0.0,0.0
2020-08-04 00:00:00-04:00,40.704188680940156,41.32797077690294,40.69428527947353,41.12004089355469,826000,0.0,0.0
2020-08-05 00:00:00-04:00,41.41708119845487,42.55572682353556,41.34776872149783,42.35770034790039,1231300,0.0,0.0
2020-08-06 00:00:00-04:00,43.565656540211506,47.159824262350355,42.97158091638854,44.98154067993164,2778700,0.0,0.0
2020-08-07 00:00:00-04:00,45.19936866275144,45.92216203252766,44.446868868847034,45.90235900878906,1656100,0.0,0.0
2020-08-10 00:00:00-04:00,45.91226397825145,47.793509905027825,45.89246095220695,47.72420120239258,1375000,0.0,0.0
2020-08-11 00:00:00-04:00,48.4271901752257,49.9420857402232,48.37768450012242,49.36781311035156,2529100,0.0,0.0
2020-08-12 00:00:00-04:00,50.00149349870884,50.42724909204923,48.33807717520239,48.99156188964844,1824000,0.0,0.0
2020-08-13 00:00:00-04:00,48.555905072190235,49.60543891947724,48.43708692654061,48.783634185791016,1216600,0.0,0.0
2020-08-14 00:00:00-04:00,48.47669597458443,49.13018070792904,48.38758424835376,48.96186065673828,1002200,0.0,0.0
2020-08-17 00:00:00-04:00,49.288595720331784,50.635171090094566,49.20938740407306,50.28862762451172,2139100,0.0,0.0
2020-08-18 00:00:00-04:00,50.22921282265942,50.43713887828177,48.95194629176775,49.84306335449219,1491800,0.0,0.0
2020-08-19 00:00:00-04:00,49.77376998721213,50.06090821546153,49.199493530713326,49.357913970947266,1188600,0.0,0.0
2020-08-20 00:00:00-04:00,48.78363747311483,49.803468741231896,48.43709019051206,49.27870178222656,989400,0.0,0.0
2020-08-21 00:00:00-04:00,49.189591340164064,49.75396436512761,48.97176182981287,49.090579986572266,879800,0.0,0.0
2020-08-24 00:00:00-04:00,49.47672500434414,50.456950156716545,49.41731593142675,50.397544860839844,985700,0.0,0.0
2020-08-25 00:00:00-04:00,50.73419274168264,50.942118847814875,49.981692866574114,50.63517761230469,836200,0.0,0.0
2020-08-26 00:00:00-04:00,50.63517169938424,51.18964502802923,50.09060177104106,50.92230987548828,787300,0.0,0.0
2020-08-27 00:00:00-04:00,50.87280522956365,51.3084604256032,50.437146256483494,50.49655532836914,984900,0.0,0.0
2020-08-28 00:00:00-04:00,50.654980372361045,50.9025125289455,50.25892741100954,50.88270950317383,588600,0.0,0.0
2020-08-31 00:00:00-04:00,50.57576337988579,51.27875367763464,49.981684039657225,50.744083404541016,907500,0.0,0.0
2020-09-01 00:00:00-04:00,50.68467378073155,52.348089871837594,50.268821646475175,52.05105209350586,1197000,0.0,0.0
2020-09-02 00:00:00-04:00,52.15997279114451,53.08079265319297,51.59559981466845,52.81345748901367,1093000,0.0,0.0
2020-09-03 00:00:00-04:00,52.71445229512304,52.83326667849793,50.54606808054468,50.99162673950195,1319300,0.0,0.0
2020-09-04 00:00:00-04:00,51.69460990815508,52.31839194280415,50.84309876369078,51.466880798339844,1042600,0.0,0.0
2020-09-08 00:00:00-04:00,50.763888924302925,51.54609135004632,50.031192168420645,50.85300064086914,1122400,0.0,0.0
2020-09-09 00:00:00-04:00,51.516390027812065,52.41740690585177,51.24905485164105,51.71441650390625,980000,0.0,0.0
2020-09-10 00:00:00-04:00,51.97184866062365,51.9916479076028,50.348034684367704,50.65497589111328,833300,0.0,0.0
2020-09-11 00:00:00-04:00,51.07083222949251,51.833227886323236,50.77379064397953,51.051029205322266,804500,0.0,0.0
2020-09-14 00:00:00-04:00,51.56589806795552,51.853032484538616,50.62527516503916,51.744117736816406,1039200,0.0,0.0
2020-09-15 00:00:00-04:00,51.83322684925214,51.942141591489,51.02132175971995,51.476783752441406,1016200,0.0,0.0
2020-09-16 00:00:00-04:00,51.8332282793485,52.46691372647921,51.46688177202284,52.011451721191406,1098900,0.0,0.0
2020-09-17 00:00:00-04:00,51.29856321528811,52.83326176264212,50.86290422171403,52.06096267700195,1173300,0.0,0.0
2020-09-18 00:00:00-04:00,51.91243933867218,52.575823643458484,51.15003991426362,51.387672424316406,1902100,0.0,0.0
2020-09-21 00:00:00-04:00,50.34803381551167,50.34803381551167,48.050935947427504,48.734127044677734,1791200,0.0,0.0
2020-09-22 00:00:00-04:00,48.68463057681506,49.89258890394609,48.64502829594116,49.58565139770508,1206400,0.0,0.0
2020-09-23 00:00:00-04:00,50.6351782282913,52.14017421977594,50.05100217749819,50.78369903564453,1756700,0.0,0.0
2020-09-24 00:00:00-04:00,50.5262574011235,51.49658290197585,49.58563832439641,50.91240692138672,984000,0.0,0.0
2020-09-25 00:00:00-04:00,50.506456068142505,51.45698235411863,50.090603886873524,51.199546813964844,708000,0.0,0.0
2020-09-28 00:00:00-04:00,51.97185167613547,52.575826947099664,51.40747490142716,52.36790084838867,944600,0.0,0.0
2020-09-29 00:00:00-04:00,52.09066166081821,52.79365199839063,51.93224124985766,52.21937942504883,919800,0.0,0.0
2020-09-30 00:00:00-04:00,52.22929240596494,53.63660736816767,51.92205991758795,52.38786315917969,1739800,0.05,0.0
2020-10-01 00:00:00-04:00,52.94285130671042,53.487941736990116,52.140088637797476,53.08160400390625,1831300,0.0,0.0
2020-10-02 00:00:00-04:00,52.25902304741679,55.33133657794584,52.17973956141521,54.70696258544922,1516100,0.0,0.0
2020-10-05 00:00:00-04:00,55.05383654429224,57.144991005247704,55.05383654429224,56.391780853271484,1727500,0.0,0.0
2020-10-06 00:00:00-04:00,56.57016718256095,57.27382460406845,55.73766985353282,56.23320388793945,1535600,0.0,0.0
2020-10-07 00:00:00-04:00,56.8179460040326,58.36401009298558,56.78821138496589,57.8387451171875,959200,0.0,0.0
2020-10-08 00:00:00-04:00,58.03695003769999,58.720785674402265,57.29364895321388,58.473018646240234,1217900,0.0,0.0
2020-10-09 00:00:00-04:00,58.67123504674361,58.82980579900677,57.660345083331606,58.700965881347656,1244300,0.0,0.0
2020-10-12 00:00:00-04:00,59.464090384071106,61.129085217275104,59.236145157940506,60.79212188720703,1679600,0.0,0.0
2020-10-13 00:00:00-04:00,60.197485623832335,60.42543086180831,59.6920387121517,59.830787658691406,813800,0.0,0.0
2020-10-14 00:00:00-04:00,60.13801878736164,60.79212364932123,59.13703778639875,60.27676773071289,1554300,0.0,0.0
2020-10-15 00:00:00-04:00,59.30552113405825,61.842657082584196,59.21632484499142,61.49578094482422,1197000,0.0,0.0
2020-10-16 00:00:00-04:00,61.545330164231935,61.971489768145496,61.16872699196525,61.4264030456543,1922300,0.0,0.0
2020-10-19 00:00:00-04:00,61.79310592636641,63.31935198937762,60.623645050098126,61.337215423583984,1364300,0.0,0.0
2020-10-20 00:00:00-04:00,61.48586444793355,63.567105898856234,61.29755909357052,62.476932525634766,889400,0.0,0.0
2020-10-21 00:00:00-04:00,61.70390096577276,63.00220159509704,60.90113818894338,61.02006530761719,1651800,0.0,0.0
2020-10-22 00:00:00-04:00,61.148898884670096,61.723716382514475,60.415506870869145,60.57407760620117,1146900,0.0,0.0
2020-10-23 00:00:00-04:00,61.04979993297313,61.9120319936165,60.56417862953622,61.71381759643555,1072200,0.0,0.0
2020-10-26 00:00:00-04:00,60.8119426065267,60.96060056142818,59.8109616526485,60.59390640258789,1416000,0.0,0.0
2020-10-27 00:00:00-04:00,61.07953019926499,61.42640253415508,59.771320563929635,60.227210998535156,916900,0.0,0.0
2020-10-28 00:00:00-04:00,58.78026194030901,60.762398530404575,58.40365492961571,60.336238861083984,2227300,0.0,0.0
2020-10-29 00:00:00-04:00,59.33524929691449,63.676128868217795,59.067660441769945,62.1003303527832,1832500,0.0,0.0
2020-10-30 00:00:00-04:00,61.3471295701031,62.80399740711365,60.395701124363406,61.87239456176758,1272300,0.0,0.0
2020-11-02 00:00:00-05:00,63.0814895347315,66.342104669795,62.219257518422936,65.85647583007812,2849400,0.0,0.0
2020-11-03 00:00:00-05:00,66.35202147931969,67.66023136872987,65.38077875299689,66.71871948242188,2117700,0.0,0.0
2020-11-04 00:00:00-05:00,65.38076390040105,65.70781818876925,61.18854628250951,62.89318084716797,3029900,0.0,0.0
2020-11-05 00:00:00-05:00,64.48881142670633,65.66818507663847,63.874346382970536,63.91399002075195,1475600,0.0,0.0
2020-11-06 00:00:00-05:00,64.12211380669078,65.4005927775994,63.527474359146275,64.53836822509766,1204000,0.0,0.0
2020-11-09 00:00:00-05:00,68.25485940790539,69.69190505763964,64.81585206045604,64.90504455566406,1248400,0.0,0.0
2020-11-10 00:00:00-05:00,65.27174320073203,67.79896978459055,65.0933506470332,65.98531341552734,1768100,0.0,0.0
2020-11-11 00:00:00-05:00,66.3421053039155,67.19442452967765,64.17166360560843,66.9367446899414,1738200,0.0,0.0
2020-11-12 00:00:00-05:00,66.37181909875633,66.97637112835775,65.47985646809458,66.4709243774414,1591900,0.0,0.0
2020-11-13 00:00:00-05:00,67.01602448098475,68.66119351748526,66.50066485900928,68.32423400878906,1011800,0.0,0.0
2020-11-16 00:00:00-05:00,69.37477908034275,69.56308447173252,68.08638730149319,68.73058319091797,976400,0.0,0.0
2020-11-17 00:00:00-05:00,68.05665203404023,68.25487021240612,66.46103161413406,66.7880859375,1839800,0.0,0.0
2020-11-18 00:00:00-05:00,67.33317983090316,68.1161246616405,66.66915835185962,66.97639465332031,1461600,0.0,0.0
2020-11-19 00:00:00-05:00,67.03582794822614,68.39359360814903,66.3222578951644,67.61064910888672,1254300,0.0,0.0
2020-11-20 00:00:00-05:00,67.55121219832394,67.77915365021586,66.03487149959591,66.28263854980469,1401800,0.0,0.0
2020-11-23 00:00:00-05:00,67.01601609291963,68.3440434886161,66.71869268966758,68.29449462890625,920200,0.0,0.0
2020-11-24 00:00:00-05:00,68.52246344874655,70.28656385907205,67.63050044317431,69.99915313720703,1393200,0.0,0.0
2020-11-25 00:00:00-05:00,69.43424108255114,69.69192095177903,68.15576209758505,69.06755065917969,706100,0.0,0.0
2020-11-27 00:00:00-05:00,69.2162045866272,69.48379725475255,68.61165989618853,69.30540466308594,400900,0.0,0.0
2020-11-30 00:00:00-05:00,69.10720635995364,69.57300218009952,67.3034620830252,67.7296142578125,1332000,0.0,0.0
2020-12-01 00:00:00-05:00,68.79996620203974,69.85050384293822,68.3341628463468,69.33514404296875,1213800,0.0,0.0
2020-12-02 00:00:00-05:00,69.20628263004917,69.2360134612698,67.6106624903832,67.95753479003906,975800,0.0,0.0
2020-12-03 00:00:00-05:00,67.98727005822082,69.16664351526761,67.39263071125377,68.75039672851562,1651600,0.0,0.0
2020-12-04 00:00:00-05:00,68.95852899968882,71.02985796322659,68.7206671812798,70.09825897216797,1330100,0.0,0.0
2020-12-07 00:00:00-05:00,70.15772177010004,70.98031022579585,69.75138016141273,70.87129211425781,805000,0.0,0.0
2020-12-08 00:00:00-05:00,70.73254738719146,71.75334652774991,70.55415479050399,71.0893325805664,1015100,0.0,0.0
2020-12-09 00:00:00-05:00,71.47583240932913,72.86332166762568,71.47583240932913,72.44707489013672,1072300,0.0,0.0
2020-12-10 00:00:00-05:00,71.8920764505798,73.31921684622377,70.9505572768567,72.35787963867188,1324000,0.0,0.0
2020-12-11 00:00:00-05:00,72.8435203976474,73.10120027402748,71.35691794055255,71.4262924194336,1446700,0.0,0.0
2020-12-14 00:00:00-05:00,71.58486157289336,71.78307219437389,67.68005032747267,67.89808654785156,2101400,0.0,0.0
2020-12-15 00:00:00-05:00,68.28459199699302,68.9981622220181,67.98726854948278,68.62155151367188,1874700,0.0,0.0
2020-12-16 00:00:00-05:00,67.99717824988213,68.60173035403054,66.58986345977391,67.78905487060547,4594900,0.0,0.0
2020-12-17 00:00:00-05:00,68.175576173345,68.59182296471745,67.54129318803946,68.20530700683594,1425700,0.0,0.0
2020-12-18 00:00:00-05:00,68.29451106758478,68.68102704809897,66.80790881599174,67.68004608154297,2172300,0.0,0.0
2020-12-21 00:00:00-05:00,66.77818921829176,68.01702477669822,66.15381881890568,67.96747589111328,1271100,0.0,0.0
2020-12-22 00:00:00-05:00,67.84853639319492,68.85943031558436,67.69987463269634,68.5125503540039,1179800,0.0,0.0
2020-12-23 00:00:00-05:00,68.78013379675438,70.44512865594744,68.7504029608983,70.17753601074219,1201800,0.0,0.0
2020-12-24 00:00:00-05:00,70.4154091953717,70.54424535864437,69.76130045586861,70.29647827148438,243900,0.0,0.0
2020-12-28 00:00:00-05:00,70.91093137972624,71.34699623774488,69.94959403429282,70.07843017578125,625600,0.0,0.0
2020-12-29 00:00:00-05:00,70.79199769989962,70.79199769989962,69.14682095444527,69.9892349243164,593000,0.0,0.0
2020-12-30 00:00:00-05:00,70.15771073365602,71.0100298927391,69.99913621045478,70.51449584960938,610900,0.0,0.0
2020-12-31 00:00:00-05:00,70.74263574962845,71.61550907303844,70.36571472608058,71.43696594238281,524200,0.06,0.0
2021-01-04 00:00:00-05:00,70.3260434261223,71.2485150825471,67.05275495038725,67.69749450683594,3380800,0.0,0.0
2021-01-05 00:00:00-05:00,67.69749159938627,69.45315948033763,67.59830264903076,69.00680541992188,1929400,0.0,0.0
2021-01-06 00:00:00-05:00,70.34587102216626,74.35316643489466,70.12765080366832,74.19446563720703,1939600,0.0,0.0
2021-01-07 00:00:00-05:00,75.3053948174067,76.77341694349995,74.29365546320365,75.77159118652344,1166700,0.0,0.0
2021-01-08 00:00:00-05:00,75.99973996511964,76.17828311177351,74.40277281105803,75.36492156982422,809400,0.0,0.0
2021-01-11 00:00:00-05:00,74.45237170094157,76.01958309769152,74.39285983471638,74.70034790039062,915900,0.0,0.0
2021-01-12 00:00:00-05:00,75.27563936381178,75.96996955560824,73.82745955832809,75.64264678955078,728500,0.0,0.0
2021-01-13 00:00:00-05:00,75.23597762905267,75.6426622298548,73.40095526105296,74.16471862792969,882300,0.0,0.0
2021-01-14 00:00:00-05:00,74.60114856369759,77.25945335496104,74.01592844681419,76.95196533203125,1307900,0.0,0.0
2021-01-15 00:00:00-05:00,76.15843303233626,76.57503114293625,74.19446618657544,75.54345703125,1021300,0.0,0.0
2021-01-19 00:00:00-05:00,76.5750285630284,77.73556264293062,75.9997296729482,77.61653137207031,1151300,0.0,0.0
2021-01-20 00:00:00-05:00,77.98355621870596,79.21351602209137,77.49751742973764,78.62828826904297,1328000,0.0,0.0
2021-01-21 00:00:00-05:00,78.51917683786421,79.16390881538454,76.72382424996216,77.18009948730469,827300,0.0,0.0
2021-01-22 00:00:00-05:00,76.93211452598734,77.48758622033486,76.01956415563012,77.03131103515625,1034600,0.0,0.0
2021-01-25 00:00:00-05:00,76.91229139902086,77.14042524230369,73.80763241023291,75.10702514648438,697200,0.0,0.0
2021-01-26 00:00:00-05:00,75.67240473533182,75.67240473533182,74.13494953981427,74.23413848876953,698300,0.0,0.0
2021-01-27 00:00:00-05:00,72.57765481310255,72.76611910107738,69.81024018357309,71.08979797363281,1130500,0.0,0.0
2021-01-28 00:00:00-05:00,72.33961333941032,72.83556571179963,71.02037821262292,71.96269226074219,996400,0.0,0.0
2021-01-29 00:00:00-05:00,71.5659209643572,71.68494467733203,69.2746161103784,69.89952087402344,957000,0.0,0.0
2021-02-01 00:00:00-05:00,70.98068721158283,72.50822112745662,69.89951488400924,72.29000091552734,1458700,0.0,0.0
2021-02-02 00:00:00-05:00,73.33150816670722,76.16835595852443,72.96450073642612,75.20620727539062,1320800,0.0,0.0
2021-02-03 00:00:00-05:00,75.01774429453265,75.01774429453265,73.46045433121066,73.51997375488281,861300,0.0,0.0
2021-02-04 00:00:00-05:00,73.65885240328443,74.81937920047407,73.1133017374433,74.70034790039062,929500,0.0,0.0
2021-02-05 00:00:00-05:00,75.52361596882946,75.59304898842781,74.19446743148067,75.33515167236328,687000,0.0,0.0
2021-02-08 00:00:00-05:00,76.12868974068627,76.4460989587239,75.46411537286261,75.96006774902344,852700,0.0,0.0
2021-02-09 00:00:00-05:00,76.02950094337338,77.25946071997451,75.48395030136379,76.5452880859375,773000,0.0,0.0
2021-02-10 00:00:00-05:00,76.81309882667799,76.81309882667799,75.53354091491421,75.60297393798828,848800,0.0,0.0
2021-02-11 00:00:00-05:00,75.95013335485174,77.89426542269017,75.50377932109849,76.3865737915039,876100,0.0,0.0
2021-02-12 00:00:00-05:00,76.0790747088036,77.41815188342218,75.94020867949413,77.23960876464844,637300,0.0,0.0
2021-02-16 00:00:00-05:00,78.11249065863666,78.90601740031681,76.71390147914254,76.98171997070312,629300,0.0,0.0
2021-02-17 00:00:00-05:00,76.73375428133286,77.388407500069,75.40459794278041,76.20804595947266,604800,0.0,0.0
2021-02-18 00:00:00-05:00,75.74181872397628,75.88068473114578,73.30173486818835,75.26570129394531,793900,0.0,0.0
2021-02-19 00:00:00-05:00,75.97991695219551,77.15036508505169,75.80137376014511,76.6246566772461,802700,0.0,0.0
2021-02-22 00:00:00-05:00,76.53534570077142,78.04303703073214,75.44424482713487,77.2792739868164,1110800,0.0,0.0
2021-02-23 00:00:00-05:00,76.57503274701388,78.10256675217711,74.23413726560857,77.57685852050781,1217900,0.0,0.0
2021-02-24 00:00:00-05:00,78.04305008203771,81.32625171186487,77.73556209402547,80.47321319580078,1720500,0.0,0.0
2021-02-25 00:00:00-05:00,83.31999399098395,85.53194478026468,82.75460862017898,83.92505645751953,2031900,0.0,0.0
2021-02-26 00:00:00-05:00,83.90519554387208,85.06572952598783,81.98090601670694,83.17118835449219,1536000,0.0,0.0
2021-03-01 00:00:00-05:00,84.98639082267034,86.960278959741,84.53011559120654,85.0062255859375,1495700,0.0,0.0
2021-03-02 00:00:00-05:00,84.65906822490238,84.68882415634424,82.8835578284234,83.5282974243164,1331000,0.0,0.0
2021-03-03 00:00:00-05:00,83.52829457657936,84.35157730068782,81.91149262642216,82.0602798461914,1382400,0.0,0.0
2021-03-04 00:00:00-05:00,81.58415488630868,81.84205220610197,78.40014196846643,81.16755676269531,2443000,0.0,0.0
2021-03-05 00:00:00-05:00,82.00075901483254,82.96290777622987,78.15217153687544,82.4471206665039,1650200,0.0,0.0
2021-03-08 00:00:00-05:00,83.55803695630811,84.21269759007284,82.17929024079517,82.66532135009766,1507600,0.0,0.0
2021-03-09 00:00:00-05:00,83.44892907062837,83.97464485156013,82.377677882309,82.55622100830078,948600,0.0,0.0
2021-03-10 00:00:00-05:00,82.49670933188557,85.1153370471559,82.02059932963571,84.79792785644531,1421000,0.0,0.0
2021-03-11 00:00:00-05:00,85.68071685120661,87.53558118248017,85.12525269537348,86.70238494873047,1391400,0.0,0.0
2021-03-12 00:00:00-05:00,86.68253602799177,87.99184970121159,86.44448106039661,87.92241668701172,675400,0.0,0.0
2021-03-15 00:00:00-04:00,87.46616292499138,88.24976860144034,86.63295898298719,88.1307373046875,893500,0.0,0.0
2021-03-16 00:00:00-04:00,88.18031164324772,88.19023280719331,86.24609332592058,86.5535888671875,965800,0.0,0.0
2021-03-17 00:00:00-04:00,86.80156446500709,87.6843588600309,86.23617920563643,87.2181625366211,1038400,0.0,0.0
2021-03-18 00:00:00-04:00,87.32729203109594,88.0216223046573,85.00623106244487,85.11534118652344,1157900,0.0,0.0
2021-03-19 00:00:00-04:00,84.520204654343,85.68073142053194,83.15137879429706,84.76818084716797,1392000,0.0,0.0
2021-03-22 00:00:00-04:00,84.76817295488014,85.0756609837121,83.19104814781439,84.36149597167969,733700,0.0,0.0
2021-03-23 00:00:00-04:00,83.43900523401865,84.25236658202589,80.9493229403404,81.72300720214844,1900400,0.0,0.0
2021-03-24 00:00:00-04:00,82.66533101125651,83.7762669585578,81.46512727671696,81.6139144897461,1744700,0.0,0.0
2021-03-25 00:00:00-04:00,81.07827229816367,83.32989976734129,79.73920272699341,82.80419158935547,1118000,0.0,0.0
2021-03-26 00:00:00-04:00,83.97464361416785,86.49407453501536,83.032329742351,86.43456268310547,1253700,0.0,0.0
2021-03-29 00:00:00-04:00,85.85926984160865,87.04956004202984,83.39935038247654,83.63740539550781,1016000,0.0,0.0
2021-03-30 00:00:00-04:00,83.60766019557742,87.0495712145313,83.4588729554744,86.8611068725586,1571000,0.0,0.0
2021-03-31 00:00:00-04:00,87.46616969034629,88.18034239083765,85.95847765302386,87.26779174804688,1412000,0.0,0.0
2021-04-01 00:00:00-04:00,88.27951340256286,89.48963828025056,87.39671887394779,88.44813537597656,1358800,0.0,0.0
2021-04-05 00:00:00-04:00,90.23477174090304,91.46555954960584,89.50026262119322,91.2471923828125,1368100,0.06,0.0
2021-04-06 00:00:00-04:00,91.11816203924849,93.4010743335571,91.11816203924849,91.46556091308594,1928600,0.0,0.0
2021-04-07 00:00:00-04:00,91.46555927814964,91.5449668972438,89.75833333126205,90.42335510253906,1562800,0.0,0.0
2021-04-08 00:00:00-04:00,90.61194541238271,91.20748740426943,89.44070954682367,90.8402328491211,1109600,0.0,0.0
2021-04-09 00:00:00-04:00,91.2273414744586,93.05367122682811,90.72112738262105,93.02389526367188,933700,0.0,0.0
2021-04-12 00:00:00-04:00,93.11324184891286,93.43086480756538,92.05118937097521,92.55740356445312,976200,0.0,0.0
2021-04-13 00:00:00-04:00,92.82537621700435,93.78817274688849,91.98169111246666,93.36136627197266,1856300,0.0,0.0
2021-04-14 00:00:00-04:00,92.80553817257623,94.30432492011215,92.6268748015274,93.31175231933594,1176100,0.0,0.0
2021-04-15 00:00:00-04:00,93.81796171115116,94.61202284471261,93.03383599698766,94.57231903076172,907900,0.0,0.0
2021-04-16 00:00:00-04:00,95.20756396554677,95.77333005646908,93.927144376043,94.98919677734375,918900,0.0,0.0
2021-04-19 00:00:00-04:00,95.57479987581722,95.76339106016304,94.50281983752518,95.11821746826172,714700,0.0,0.0
2021-04-20 00:00:00-04:00,94.58223536429368,94.6517151370682,91.4953342531044,93.05367279052734,1209800,0.0,0.0
2021-04-21 00:00:00-04:00,93.30180717741061,94.94948102417575,92.67648928102017,94.86014556884766,853500,0.0,0.0
2021-04-22 00:00:00-04:00,95.04874239053895,96.05123513860237,94.14549780277012,95.20755004882812,1125000,0.0,0.0
2021-04-23 00:00:00-04:00,95.10828301611201,97.22245941192513,94.82043612363914,96.91476440429688,847300,0.0,0.0
2021-04-26 00:00:00-04:00,97.73860809217581,98.21503861637892,96.62692424782418,96.99417877197266,833100,0.0,0.0
2021-04-27 00:00:00-04:00,97.03388888811986,97.63935871374503,96.29937979205604,97.45076751708984,726500,0.0,0.0
2021-04-28 00:00:00-04:00,97.52026054558164,97.68899607461796,96.97434257196039,97.12322998046875,581500,0.0,0.0
2021-04-29 00:00:00-04:00,97.89742347425987,98.18527040953208,96.65670784260061,98.00660705566406,552000,0.0,0.0
2021-04-30 00:00:00-04:00,97.31181377887808,97.89742794887897,95.66413970981492,95.92221069335938,1727700,0.0,0.0
2021-05-03 00:00:00-04:00,97.11327711542565,97.76837851500329,96.32915160656327,96.45818328857422,866600,0.0,0.0
2021-05-04 00:00:00-04:00,96.05125954646,96.96443221139799,94.59218399754573,96.92472839355469,729100,0.0,0.0
2021-05-05 00:00:00-04:00,97.19268248143469,97.7386003018281,96.05122276689231,96.65669250488281,905100,0.0,0.0
2021-05-06 00:00:00-04:00,96.57732261584268,99.25726576233433,95.59467023243111,97.85773468017578,1195300,0.0,0.0
2021-05-07 00:00:00-04:00,96.8055944534541,100.96447564056079,96.597155137741,99.4359130859375,1584400,0.0,0.0
2021-05-10 00:00:00-04:00,99.98184538108292,101.2027054878223,99.37637546473215,99.8528060913086,1075100,0.0,0.0
2021-05-11 00:00:00-04:00,98.26469310471099,99.29696957736668,96.5574669219623,97.85773468017578,1362300,0.0,0.0
2021-05-12 00:00:00-04:00,97.79817334749545,98.41357106227643,93.80803497922454,93.96684265136719,1109300,0.0,0.0
2021-05-13 00:00:00-04:00,93.63927886667459,95.63435155973448,92.99411284910828,95.30680084228516,940900,0.0,0.0
2021-05-14 00:00:00-04:00,96.22990084617486,97.00411375726785,95.4854714711728,96.6964111328125,575900,0.0,0.0
2021-05-17 00:00:00-04:00,96.17034079816077,96.91477011029808,95.08844049942995,96.0611572265625,683500,0.0,0.0
2021-05-18 00:00:00-04:00,96.06117279815511,96.32917163469425,92.41843325772659,92.49784088134766,1404000,0.0,0.0
2021-05-19 00:00:00-04:00,91.64421876878778,91.78317830997695,89.36129903886227,90.59208679199219,1900200,0.0,0.0
2021-05-20 00:00:00-04:00,91.13800266159805,91.3265938516236,89.19256155540005,90.26454162597656,1978500,0.0,0.0
2021-05-21 00:00:00-04:00,91.25712584013446,92.66657709263784,91.21742202802803,91.93207550048828,959500,0.0,0.0
2021-05-24 00:00:00-04:00,92.36880003819677,92.54746340195979,91.53504272245449,91.7931137084961,560100,0.0,0.0
2021-05-25 00:00:00-04:00,92.63677250259116,93.56978529425031,92.11071040700423,93.12313079833984,1258300,0.0,0.0
2021-05-26 00:00:00-04:00,92.9742609872662,94.1355689539638,92.6764937913762,93.5995864868164,808200,0.0,0.0
2021-05-27 00:00:00-04:00,94.96932713617079,96.0313792968026,94.4730409382545,94.87007141113281,1134900,0.0,0.0
2021-05-28 00:00:00-04:00,94.94949494112007,95.10830261326397,93.8278830992156,94.64179229736328,650300,0.0,0.0
2021-06-01 00:00:00-04:00,96.63687204929026,97.26219008121602,95.40608410607665,95.73362731933594,996000,0.0,0.0
2021-06-02 00:00:00-04:00,95.84280144885481,95.96191287910314,92.24969372272949,92.85516357421875,1489700,0.0,0.0
2021-06-03 00:00:00-04:00,92.37872070165672,93.1330779091963,90.57223908527591,92.76582336425781,807200,0.0,0.0
2021-06-04 00:00:00-04:00,92.94448627401512,93.55988393682112,91.29681989764562,92.46805572509766,851300,0.0,0.0
2021-06-07 00:00:00-04:00,92.26953928045756,92.62686598855744,90.99904768398122,91.55488586425781,1080500,0.0,0.0
2021-06-08 00:00:00-04:00,92.5573836713032,94.17527408597105,91.81295431201657,93.81794738769531,978700,0.0,0.0
2021-06-09 00:00:00-04:00,93.34152033508619,93.77825466550055,92.09087684427153,92.15042877197266,753000,0.0,0.0
2021-06-10 00:00:00-04:00,93.07352124693513,93.28196813874338,90.7509052005527,90.98912048339844,1738400,0.0,0.0
2021-06-11 00:00:00-04:00,91.63427956947832,92.36878099228623,90.72111481974676,91.4357681274414,1598900,0.0,0.0
2021-06-14 00:00:00-04:00,92.13058766460968,92.93456904066545,90.49284137365377,91.0288314819336,831800,0.0,0.0
2021-06-15 00:00:00-04:00,90.82036941353041,91.71368603706117,90.4233389616583,91.36628723144531,686100,0.0,0.0
2021-06-16 00:00:00-04:00,91.18764018404745,91.42585546860256,89.7384852128522,90.42335510253906,1079000,0.0,0.0
2021-06-17 00:00:00-04:00,90.42335941971604,90.97920520718611,86.46299699422137,86.50270080566406,1820500,0.0,0.0
2021-06-18 00:00:00-04:00,84.97413682624953,86.02626130863791,84.59696198247744,85.27191162109375,2179100,0.0,0.0
2021-06-21 00:00:00-04:00,86.13543825611026,88.24962247654702,86.13543825611026,87.55481719970703,1772400,0.0,0.0
2021-06-22 00:00:00-04:00,87.67393383435284,88.73598614389795,86.63172964350771,88.27940368652344,1278000,0.0,0.0
2021-06-23 00:00:00-04:00,88.77567252696056,90.02630822319632,88.14042683507783,89.15284729003906,1055500,0.0,0.0
2021-06-24 00:00:00-04:00,89.8278250473543,91.83281847331685,89.04369174318589,91.37623596191406,1401000,0.0,0.0
2021-06-25 00:00:00-04:00,91.80304540503755,92.44821916405847,91.4258705113728,91.62438201904297,2015000,0.0,0.0
2021-06-28 00:00:00-04:00,91.55487653553793,92.11072223190547,89.37122027318249,90.51268005371094,731000,0.0,0.0
2021-06-29 00:00:00-04:00,91.02882743039865,91.46556177460938,89.75833578112479,90.0362548828125,703800,0.0,0.0
2021-06-30 00:00:00-04:00,89.6588076519885,90.58251122547756,89.19199623548401,89.95677947998047,1040700,0.06,0.0
2021-07-01 00:00:00-04:00,91.23805870175386,91.23805870175386,89.74821451338785,90.1455078125,724700,0.0,0.0
2021-07-02 00:00:00-04:00,90.13556922118308,90.2547594787178,88.44708225033918,88.923828125,800500,0.0,0.0
2021-07-06 00:00:00-04:00,89.03310223366881,89.03310223366881,86.35138529970818,87.39427185058594,906900,0.0,0.0
2021-07-07 00:00:00-04:00,86.39110222891884,88.27823215086106,86.35137214097676,87.37439727783203,1618400,0.0,0.0
2021-07-08 00:00:00-04:00,85.8646988144285,87.96041394805154,84.48411022960924,86.66921997070312,1404000,0.0,0.0
2021-07-09 00:00:00-04:00,88.07957510647992,89.52968898304354,87.80147211340447,89.18206024169922,904200,0.0,0.0
2021-07-12 00:00:00-04:00,89.08274225056111,90.3838702657745,88.07957849177859,90.01637268066406,722300,0.0,0.0
2021-07-13 00:00:00-04:00,89.41051882704365,89.79788531470399,88.73512244451115,89.13241577148438,688100,0.0,0.0
2021-07-14 00:00:00-04:00,89.79788298343273,90.77124365262047,87.74189063805308,88.20870971679688,623600,0.0,0.0
2021-07-15 00:00:00-04:00,87.1658160156775,89.15227485555697,86.84798290440636,87.7319564819336,791400,0.0,0.0
2021-07-16 00:00:00-04:00,88.26830822857659,88.81457990591527,86.97710684988571,87.3446044921875,927100,0.0,0.0
2021-07-19 00:00:00-04:00,85.85475593757688,86.04346437989476,83.82856695367727,84.86152648925781,882500,0.0,0.0
2021-07-20 00:00:00-04:00,84.7224605980978,88.23848558018292,84.35496303658584,87.7021484375,946300,0.0,0.0
2021-07-21 00:00:00-04:00,88.89403819280736,89.96672784664062,88.6357964070165,88.9437026977539,604400,0.0,0.0
2021-07-22 00:00:00-04:00,88.80465230720768,89.28139821870701,87.98027001213799,88.61593627929688,598300,0.0,0.0
2021-07-23 00:00:00-04:00,89.1026095879265,89.32112127087412,88.13917584642418,89.16220092773438,540200,0.0,0.0
2021-07-26 00:00:00-04:00,89.3310555486671,90.02631310448113,87.2254064717547,87.58296966552734,683500,0.0,0.0
2021-07-27 00:00:00-04:00,86.95723883092887,88.14911110491376,86.50034662890425,87.49357604980469,639400,0.0,0.0
2021-07-28 00:00:00-04:00,87.72202423144292,89.95679048147399,86.35137032607669,89.0529556274414,757800,0.0,0.0
2021-07-29 00:00:00-04:00,90.27462734795007,91.2777912502619,89.46017947279562,90.8308334350586,637400,0.0,0.0
2021-07-30 00:00:00-04:00,90.26470757954337,91.23807596768177,89.9170787186871,90.28457641601562,630400,0.0,0.0
2021-08-02 00:00:00-04:00,91.23805764514918,92.78749315822961,88.41728207408505,88.49674224853516,688300,0.0,0.0
2021-08-03 00:00:00-04:00,88.9734946362912,90.68185047751192,87.71208900987719,90.56266021728516,870000,0.0,0.0
2021-08-04 00:00:00-04:00,89.91707428574925,90.35409773370365,88.4172954711479,88.43716430664062,1054400,0.0,0.0
2021-08-05 00:00:00-04:00,87.71208195492551,93.62180116649701,87.71208195492551,91.90351104736328,1216300,0.0,0.0
2021-08-06 00:00:00-04:00,92.96629909714129,93.94959438570024,91.42679759731524,91.72476196289062,739500,0.0,0.0
2021-08-09 00:00:00-04:00,91.16852841881365,91.92338489189562,89.48003387580762,91.4565658569336,811000,0.0,0.0
2021-08-10 00:00:00-04:00,91.61547754444709,94.20780687929606,90.67191264749731,93.60193634033203,812900,0.0,0.0
2021-08-11 00:00:00-04:00,93.88998540745393,96.67103109734285,93.46289641031542,96.48231506347656,1352200,0.0,0.0
2021-08-12 00:00:00-04:00,97.50532239182532,98.84618048393935,96.7306047198367,97.69403839111328,1199500,0.0,0.0
2021-08-13 00:00:00-04:00,97.7039818559918,97.98208488423505,96.39291931017418,96.81007385253906,636400,0.0,0.0
2021-08-16 00:00:00-04:00,96.10486118921959,96.83984868826658,95.66783790872472,96.31343841552734,627200,0.0,0.0
2021-08-17 00:00:00-04:00,95.45926900148734,95.45926900148734,92.23127376389893,94.40644836425781,1041100,0.0,0.0
2021-08-18 00:00:00-04:00,94.07871135640211,96.32341243219565,93.92972539700268,95.58841705322266,885800,0.0,0.0
2021-08-19 00:00:00-04:00,94.34686137500873,95.6281282482372,94.26740877974012,95.2308349609375,820300,0.0,0.0
2021-08-20 00:00:00-04:00,95.03219003434097,95.75725083618617,94.53557533047793,95.64799499511719,607300,0.0,0.0
2021-08-23 00:00:00-04:00,96.62136162695765,97.39607940110166,95.91616961260247,96.84980773925781,634500,0.0,0.0
2021-08-24 00:00:00-04:00,97.09811238280551,98.68727797463963,96.86966627691407,98.37937927246094,809000,0.0,0.0
2021-08-25 00:00:00-04:00,98.80646475555558,102.00465708121529,98.37937580737986,101.49811553955078,1263400,0.0,0.0
2021-08-26 00:00:00-04:00,101.30941127417127,102.19338494279533,100.4552332787777,100.90218353271484,776800,0.0,0.0
2021-08-27 00:00:00-04:00,101.52791438808171,103.08728430298976,101.06109533967637,102.65026092529297,1007600,0.0,0.0
2021-08-30 00:00:00-04:00,103.36539693446093,103.68323008110652,102.30264163995162,102.70986938476562,641900,0.0,0.0
2021-08-31 00:00:00-04:00,102.98796063671678,103.23626799087783,101.28953924358383,101.40872192382812,822500,0.0,0.0
2021-09-01 00:00:00-04:00,101.51797887836017,101.9649366673915,99.92881330986239,101.0809555053711,750600,0.0,0.0
2021-09-02 00:00:00-04:00,109.52341154302015,113.95322169698846,107.9839103940105,113.26789093017578,3668800,0.0,0.0
2021-09-03 00:00:00-04:00,113.66517936895153,115.64170382983666,112.5527596698245,115.21461486816406,2387500,0.0,0.0
2021-09-07 00:00:00-04:00,114.93652181805847,115.3338151435118,112.69182097032602,114.4796371459961,1511900,0.0,0.0
2021-09-08 00:00:00-04:00,114.47962450135078,115.92973853800676,114.01280546383528,114.92657470703125,1095200,0.0,0.0
2021-09-09 00:00:00-04:00,114.41010799837262,115.51259334447009,113.14870229569837,113.72477722167969,892100,0.0,0.0
2021-09-10 00:00:00-04:00,114.60874823108882,116.27737404807895,113.62545317503341,115.01597595214844,1325900,0.0,0.0
2021-09-13 00:00:00-04:00,115.8701465433693,116.39655691793783,113.64530721023655,114.38030242919922,1075400,0.0,0.0
2021-09-14 00:00:00-04:00,114.70806573275256,115.88007677331414,113.5857191952126,115.21461486816406,1398400,0.0,0.0
2021-09-15 00:00:00-04:00,114.87691096596242,118.88955089627055,114.27104045251113,117.36991119384766,1306000,0.0,0.0
2021-09-16 00:00:00-04:00,117.20105885835876,118.61144266325132,115.82047072039886,116.0787124633789,1082500,0.0,0.0
2021-09-17 00:00:00-04:00,116.73424395553673,118.10490530432628,115.56223302281593,117.61821746826172,2272300,0.0,0.0
2021-09-20 00:00:00-04:00,114.44983210133081,116.27737063993813,113.29768230963025,115.91980743408203,1320400,0.0,0.0
2021-09-21 00:00:00-04:00,116.90311130534435,116.98257148548802,113.08911359132617,114.09227752685547,1212400,0.0,0.0
2021-09-22 00:00:00-04:00,115.11529829648606,117.21101310639617,114.98617361427785,115.08550262451172,1037500,0.0,0.0
2021-09-23 00:00:00-04:00,115.89994707333331,118.49227654691445,115.51258819362481,117.80694580078125,1326600,0.0,0.0
2021-09-24 00:00:00-04:00,117.22094104029512,118.60153700249984,116.47601892301944,116.49588775634766,1027500,0.0,0.0
2021-09-27 00:00:00-04:00,117.21100856819147,117.91620056265872,115.94960293336048,116.23764038085938,931500,0.0,0.0
2021-09-28 00:00:00-04:00,115.07557204015409,116.32704334892932,113.3274859746296,115.0457763671875,901500,0.0,0.0
2021-09-29 00:00:00-04:00,115.60198051871777,115.66157186364515,113.75457304857228,115.06563568115234,1262000,0.0,0.0
2021-09-30 00:00:00-04:00,115.8506996531455,115.8506996531455,113.10796356201172,113.10796356201172,1093300,0.06,0.0
2021-10-01 00:00:00-04:00,113.58495580261335,116.89411795589214,112.6408943408277,115.94012451171875,1512600,0.0,0.0
2021-10-04 00:00:00-04:00,115.42339268444262,116.71525562161169,112.17384483888388,112.43222045898438,1552300,0.0,0.0
2021-10-05 00:00:00-04:00,112.45208751079826,113.97251479122365,110.9912824510434,111.95521545410156,2449400,0.0,0.0
2021-10-06 00:00:00-04:00,110.77265771007553,112.15396142336681,107.88085869627918,111.01115417480469,1485900,0.0,0.0
2021-10-07 00:00:00-04:00,111.46827217773604,113.29676523632146,110.74284324153021,112.6806411743164,1632700,0.0,0.0
2021-10-08 00:00:00-04:00,112.48189242686294,113.36632403254501,111.48814836819408,112.06451416015625,617500,0.0,0.0
2021-10-11 00:00:00-04:00,111.76640820995742,112.50177677418695,110.16647948690421,110.20623016357422,624000,0.0,0.0
2021-10-12 00:00:00-04:00,110.24597910823223,111.78627800124849,109.61991543759807,110.94159698486328,664500,0.0,0.0
2021-10-13 00:00:00-04:00,111.1999589154436,111.44839492393133,109.75902551721555,110.30558776855469,635200,0.0,0.0
2021-10-14 00:00:00-04:00,111.52791716113269,112.58128360833723,110.95154369385723,112.43222045898438,743800,0.0,0.0
2021-10-15 00:00:00-04:00,114.07188459202263,114.50913441618839,111.45834037409023,111.63720703125,1145700,0.0,0.0
2021-10-18 00:00:00-04:00,111.19001456693582,112.57131810814703,110.84220568635476,111.96513366699219,716900,0.0,0.0
2021-10-19 00:00:00-04:00,112.50177611799542,113.5054598484768,111.26953547507746,112.5415267944336,843600,0.0,0.0
2021-10-20 00:00:00-04:00,112.55145397756267,114.13150338841594,111.65708281025636,113.60482025146484,901200,0.0,0.0
2021-10-21 00:00:00-04:00,113.56508117817935,116.03950200905976,112.44215300889083,115.87056732177734,1320500,0.0,0.0
2021-10-22 00:00:00-04:00,115.86062888130506,118.0071199228918,115.86062888130506,117.3214340209961,777300,0.0,0.0
2021-10-25 00:00:00-04:00,117.43073236088006,120.6305894092782,116.96367144514096,119.76602935791016,929200,0.0,0.0
2021-10-26 00:00:00-04:00,120.90884131112139,121.18708844256545,118.79216913406559,118.95116424560547,676800,0.0,0.0
2021-10-27 00:00:00-04:00,118.57354800775954,118.88160625859943,115.59231564995633,115.74137878417969,790800,0.0,0.0
2021-10-28 00:00:00-04:00,116.40718297656211,121.08771676606544,116.40718297656211,120.74984741210938,880000,0.0,0.0
2021-10-29 00:00:00-04:00,120.26290280288643,122.18082914191508,119.80578144509535,120.52127838134766,905200,0.0,0.0
2021-11-01 00:00:00-04:00,121.24671495941372,121.6243349730507,119.7660308502871,120.22315979003906,926900,0.0,0.0
2021-11-02 00:00:00-04:00,120.22315982026383,120.64053050623048,118.14623079057466,119.92503356933594,913000,0.0,0.0
2021-11-03 00:00:00-04:00,119.16979287314463,119.47785870541821,114.4395763277958,116.08918762207031,1638900,0.0,0.0
2021-11-04 00:00:00-04:00,111.55771915314621,116.68543496728275,110.1068536201864,112.57133483886719,1803500,0.0,0.0
2021-11-05 00:00:00-04:00,113.37626270386426,118.08661527867848,111.85583541745768,116.68543243408203,1657700,0.0,0.0
2021-11-08 00:00:00-05:00,120.67036033871597,123.90996860269739,118.84186704052809,119.0505599975586,1313600,0.0,0.0
2021-11-09 00:00:00-05:00,119.24929235606432,120.44178224695862,116.97361745046952,117.47048950195312,891100,0.0,0.0
2021-11-10 00:00:00-05:00,116.74505792811631,117.94748735587636,114.7575697668602,115.3140640258789,635300,0.0,0.0
2021-11-11 00:00:00-05:00,115.47307425878176,117.42081958375718,115.42339159724327,115.81095123291016,607200,0.0,0.0
2021-11-12 00:00:00-05:00,115.91029967189598,116.77485968217876,112.84956632916914,116.24817657470703,1233900,0.0,0.0
2021-11-15 00:00:00-05:00,117.82824856747945,118.533806034151,116.97362795564258,117.93756103515625,1182200,0.0,0.0
2021-11-16 00:00:00-05:00,118.07667829285577,119.24929668014383,117.20218617993451,118.74248504638672,869700,0.0,0.0
2021-11-17 00:00:00-05:00,118.68285692820791,119.22941921017268,116.77487009571117,117.75867462158203,957600,0.0,0.0
2021-11-18 00:00:00-05:00,118.16612997777243,119.07043328421749,117.1624461830366,118.315185546875,566700,0.0,0.0
2021-11-19 00:00:00-05:00,117.65930272276822,120.82934123994264,117.24193202119653,120.30265808105469,813900,0.0,0.0
2021-11-22 00:00:00-05:00,121.23676617699626,121.87276172089977,118.52384176185714,119.81571197509766,1056300,0.0,0.0
2021-11-23 00:00:00-05:00,119.69647668973806,121.06784843297082,118.60335966979359,120.07410430908203,1038300,0.0,0.0
2021-11-24 00:00:00-05:00,119.61699020194446,121.7833528271364,118.27542948771261,121.2169189453125,861700,0.0,0.0
2021-11-26 00:00:00-05:00,117.72887754619039,118.66299952793388,115.27432813912681,116.80469512939453,647100,0.0,0.0
2021-11-29 00:00:00-05:00,120.27286507671572,123.42303252207981,119.19961946968309,120.9188003540039,1100100,0.0,0.0
2021-11-30 00:00:00-05:00,119.43811034967989,120.61072873556392,112.88933253903669,113.06820678710938,1647600,0.0,0.0
2021-12-01 00:00:00-05:00,115.87055453748539,117.09286305305966,109.79877779468431,109.81865692138672,1129400,0.0,0.0
2021-12-02 00:00:00-05:00,110.4546639570894,115.19482022387697,109.90810164109034,112.87939453125,1731000,0.0,0.0
2021-12-03 00:00:00-05:00,113.47566593548703,113.73403399899519,109.44105885467096,111.90554809570312,1047700,0.0,0.0
2021-12-06 00:00:00-05:00,113.43589196549419,114.12157024763043,110.8720303354797,112.25333404541016,1191300,0.0,0.0
2021-12-07 00:00:00-05:00,114.28057809161325,116.77487804934891,113.77376644851432,116.26806640625,797600,0.0,0.0
2021-12-08 00:00:00-05:00,116.20842289031759,116.65560464650818,114.99605402746239,115.33392333984375,1018200,0.0,0.0
2021-12-09 00:00:00-05:00,114.52900884864748,116.29787215402425,112.86945800206732,112.94895935058594,844100,0.0,0.0
2021-12-10 00:00:00-05:00,113.78369295649978,114.54887253389893,112.53157333909033,113.64456939697266,611300,0.0,0.0
2021-12-13 00:00:00-05:00,114.04207671056686,114.17126071606083,110.653405640694,111.30928039550781,989100,0.0,0.0
2021-12-14 00:00:00-05:00,110.96145636378358,112.0744447682934,108.6360915098408,110.06708526611328,1005300,0.0,0.0
2021-12-15 00:00:00-05:00,110.72296740243324,111.56764838330638,108.01998219830648,111.45834350585938,864400,0.0,0.0
2021-12-16 00:00:00-05:00,112.4322070881309,114.4892570759015,109.85841350327904,110.65340423583984,913700,0.0,0.0
2021-12-17 00:00:00-05:00,109.9677358013378,110.82234883035642,106.7082484866706,108.17899322509766,2274600,0.0,0.0
2021-12-20 00:00:00-05:00,105.04870994055642,106.9666367592066,104.56177735226375,106.76789093017578,1690400,0.0,0.0
2021-12-21 00:00:00-05:00,107.69204073869403,110.27577363985817,107.69204073869403,110.13665008544922,951400,0.0,0.0
2021-12-22 00:00:00-05:00,110.47454059561383,111.05091404965496,109.441045720609,110.82234954833984,692300,0.0,0.0
2021-12-23 00:00:00-05:00,111.25958557400591,112.3328309931279,110.81240377353788,111.18008422851562,493100,0.0,0.0
2021-12-27 00:00:00-05:00,111.64715970915906,113.72408903623875,111.35897298044145,113.66445922851562,608100,0.0,0.0
2021-12-28 00:00:00-05:00,113.68432620146211,114.94637786858961,113.3961395035618,113.58495330810547,432200,0.0,0.0
2021-12-29 00:00:00-05:00,113.70419466922309,114.6184373940187,113.35638576105796,113.56507110595703,412800,0.0,0.0
2021-12-30 00:00:00-05:00,113.67439156949334,114.64826416263864,111.89558864907107,112.12415313720703,644600,0.0,0.0
2021-12-31 00:00:00-05:00,112.12416472213943,114.53896353513908,112.12416472213943,113.94271850585938,631400,0.0,0.0
2022-01-03 00:00:00-05:00,114.10178188194409,115.23534146105709,111.30765788613182,111.63578796386719,923600,0.07,0.0
2022-01-04 00:00:00-05:00,112.50087487316847,116.06065337956686,112.36166633593915,115.4938735961914,853300,0.0,0.0
2022-01-05 00:00:00-05:00,115.26516885279513,116.92573324175237,108.56324507685946,108.70245361328125,1585700,0.0,0.0
2022-01-06 00:00:00-05:00,109.15986241154296,109.86585078132943,107.42969362380855,109.3686752319336,1044700,0.0,0.0
2022-01-07 00:00:00-05:00,109.17975871655484,109.62721369712628,106.01772177313141,106.08732604980469,832200,0.0,0.0
2022-01-10 00:00:00-05:00,105.32167618173365,107.38992847681331,103.00483608925396,107.16122436523438,1380400,0.0,0.0
2022-01-11 00:00:00-05:00,107.638510949374,109.94540529167313,104.79466608089785,109.3587417602539,1133200,0.0,0.0
2022-01-12 00:00:00-05:00,110.10450099075767,110.75082313877347,107.6683362362402,109.51782989501953,757300,0.0,0.0
2022-01-13 00:00:00-05:00,110.08462090550279,111.2181806713754,106.42540817063222,106.67399597167969,824000,0.0,0.0
2022-01-14 00:00:00-05:00,105.05319977820963,106.41545598892834,104.53613293550845,106.03760528564453,581100,0.0,0.0
2022-01-18 00:00:00-05:00,104.4565828383117,105.83873021738867,103.48211545267135,105.00347137451172,1089200,0.0,0.0
2022-01-19 00:00:00-05:00,105.66968453571374,106.7435855086182,101.52324240767868,101.5829086303711,1148100,0.0,0.0
2022-01-20 00:00:00-05:00,101.9110456836298,103.51195161759519,99.15669637814665,99.41522979736328,1145100,0.0,0.0
2022-01-21 00:00:00-05:00,99.41523676197146,99.99195469498417,97.3072094774048,97.71488952636719,3039000,0.0,0.0
2022-01-24 00:00:00-05:00,95.20911966085241,99.09703617824294,93.37951724299593,98.91805267333984,1840200,0.0,0.0
2022-01-25 00:00:00-05:00,97.31716371428304,97.61546455021187,94.8312854833845,96.51173400878906,1456600,0.0,0.0
2022-01-26 00:00:00-05:00,98.44077794358178,100.67806835139045,95.39806541657744,96.51173400878906,1095100,0.0,0.0
2022-01-27 00:00:00-05:00,97.38675362210473,99.13680617612658,95.89522690379012,96.34268188476562,1165900,0.0,0.0
2022-01-28 00:00:00-05:00,96.33273666306768,97.9933088488456,94.37387127042062,97.94358825683594,939300,0.0,0.0
2022-01-31 00:00:00-05:00,96.99895418218114,102.1397476196289,96.99895418218114,102.1397476196289,1471000,0.0,0.0
2022-02-01 00:00:00-05:00,102.50763868410792,103.52188093002836,100.45927809697247,102.5374755859375,1054200,0.0,0.0
2022-02-02 00:00:00-05:00,102.71648102047052,103.41252381935098,100.89681652101477,103.22359466552734,1161600,0.0,0.0
2022-02-03 00:00:00-05:00,101.90112463564353,103.22360610001289,100.73772784821566,100.8968276977539,1049900,0.0,0.0
2022-02-04 00:00:00-05:00,100.61839980817187,101.84144752919087,99.355569542716,99.3853988647461,853000,0.0,0.0
2022-02-07 00:00:00-05:00,99.43512232997243,100.25049002962629,97.87399121284378,98.31150817871094,1241500,0.0,0.0
2022-02-08 00:00:00-05:00,98.68934808558531,102.05025212055648,98.41093098741334,101.67240142822266,1103800,0.0,0.0
2022-02-09 00:00:00-05:00,103.43239544583489,105.81883954222451,103.43239544583489,105.66968536376953,999600,0.0,0.0
2022-02-10 00:00:00-05:00,103.51196535127784,106.2464313348367,101.38405424733952,102.2889175415039,1325900,0.0,0.0
2022-02-11 00:00:00-05:00,102.23920042987405,103.24349736769894,98.76891651475236,99.34564208984375,1394800,0.0,0.0
2022-02-14 00:00:00-05:00,99.47489599390664,100.7377186930819,97.96347790584586,98.8981704711914,879500,0.0,0.0
2022-02-15 00:00:00-05:00,100.72778314988864,104.44665464498961,100.72778314988864,104.2477798461914,1334700,0.0,0.0
2022-02-16 00:00:00-05:00,103.1340998552148,107.11150435353363,102.62697865751598,106.37568664550781,1156100,0.0,0.0
2022-02-17 00:00:00-05:00,105.21228506600902,105.83873109996475,102.1198526085697,102.39827728271484,1118900,0.0,0.0
2022-02-18 00:00:00-05:00,102.17952082338604,103.34290978584035,101.2647120488156,101.59284973144531,901100,0.0,0.0
2022-02-22 00:00:00-05:00,100.81726799480914,102.72642048631084,99.55444530334746,100.20076751708984,1253400,0.0,0.0
2022-02-23 00:00:00-05:00,100.68800526438241,101.08574726412355,97.22765972882145,97.76461029052734,1154700,0.0,0.0
2022-02-24 00:00:00-05:00,97.44640413382129,108.88144135360645,96.45205307123128,108.125732421875,2814000,0.0,0.0
2022-02-25 00:00:00-05:00,106.82313934774065,108.28483668362861,103.50200271732291,107.5987319946289,2063600,0.0,0.0
2022-02-28 00:00:00-05:00,106.23646453586531,109.36867191945238,105.52053813890812,108.3246078491211,1398800,0.0,0.0
2022-03-01 00:00:00-05:00,108.90134083641937,110.40281328292868,107.33027169518002,107.75784301757812,1710200,0.0,0.0
2022-03-02 00:00:00-05:00,108.71241579883653,110.25365556852606,108.25501516862752,109.61727142333984,1192900,0.0,0.0
2022-03-03 00:00:00-05:00,110.26358660979723,112.47104714023443,110.26358660979723,111.7352294921875,1537400,0.0,0.0
2022-03-04 00:00:00-05:00,110.02494952947254,110.70110857353266,107.0120669432167,108.55330657958984,1056300,0.0,0.0
2022-03-07 00:00:00-05:00,108.18541015958641,111.23806794321133,107.17116771946237,107.39987182617188,1628400,0.0,0.0
2022-03-08 00:00:00-05:00,107.76777945106114,117.04507789254444,107.52913728915959,116.17005157470703,3089900,0.0,0.0
2022-03-09 00:00:00-05:00,117.1544598307771,120.46565119695607,116.10044997064595,118.04937744140625,2264000,0.0,0.0
2022-03-10 00:00:00-05:00,116.32914744322696,120.79378989619461,115.98112603247056,120.36621856689453,1636100,0.0,0.0
2022-03-11 00:00:00-05:00,120.8136713095727,124.244179929523,120.8136713095727,122.6233901977539,1963100,0.0,0.0
2022-03-14 00:00:00-04:00,122.48417329480993,123.95581631476809,120.59490461824235,121.9074478149414,1837100,0.0,0.0
2022-03-15 00:00:00-04:00,121.15173439951552,122.30518531709926,118.80507278258052,120.98269653320312,1090600,0.0,0.0
2022-03-16 00:00:00-04:00,122.15604091183944,123.73706323247534,119.12327436545957,122.1460952758789,1172900,0.0,0.0
2022-03-17 00:00:00-04:00,121.08213197685996,124.97999411457454,121.06224829252383,124.95016479492188,763300,0.0,0.0
2022-03-18 00:00:00-04:00,124.15467608876848,126.4317409655943,123.2995335555921,125.8450698852539,1269200,0.0,0.0
2022-03-21 00:00:00-04:00,126.0538833999736,128.21163101474534,125.95444980897551,127.49569702148438,1257700,0.0,0.0
2022-03-22 00:00:00-04:00,127.86362803254733,130.5980940649248,127.84375193112679,129.00714111328125,1154500,0.0,0.0
2022-03-23 00:00:00-04:00,128.49005584714257,129.21592793283824,126.99852913339853,128.48011779785156,936100,0.0,0.0
2022-03-24 00:00:00-04:00,128.55966569346205,132.10950691828947,128.55966569346205,131.82115173339844,1059700,0.0,0.0
2022-03-25 00:00:00-04:00,131.82114328319096,133.74023377873166,131.11514726908638,133.54136657714844,1206700,0.0,0.0
2022-03-28 00:00:00-04:00,133.41211186278883,134.84398015985533,132.72600703939477,134.7743682861328,1349000,0.0,0.0
2022-03-29 00:00:00-04:00,135.9078691593284,136.942002557207,131.13499713788613,133.70042419433594,1443600,0.0,0.0
2022-03-30 00:00:00-04:00,135.49029850826773,135.71901022450234,130.1705283204586,131.41346740722656,1753400,0.0,0.0
2022-03-31 00:00:00-04:00,131.38364408046343,134.70477383049007,130.63788059435942,130.8665771484375,1288500,0.0,0.0
2022-04-01 00:00:00-04:00,131.2543689617531,133.00442175244174,130.41911752796508,130.8765106201172,1087000,0.0,0.0
2022-04-04 00:00:00-04:00,130.8764856790738,131.45321113228687,129.07671263284672,130.697509765625,1158200,0.0,0.0
2022-04-05 00:00:00-04:00,130.47876553343573,132.34815064259774,129.13638534588296,129.36509704589844,1573200,0.0,0.0
2022-04-06 00:00:00-04:00,127.27696192931647,129.8722193380603,125.55673090276939,128.6790008544922,1984100,0.0,0.0
2022-04-07 00:00:00-04:00,128.8480249394598,132.97457617820717,128.0028203856949,131.61231994628906,1811700,0.0,0.0
2022-04-08 00:00:00-04:00,132.3186702134989,134.43776354915312,130.9954816896893,133.30360412597656,1661100,0.07,0.0
2022-04-11 00:00:00-04:00,131.97049819959105,134.43780540249665,131.64220197384788,132.3485565185547,1832400,0.0,0.0
2022-04-12 00:00:00-04:00,133.01513449863884,134.6268465627246,132.099848911698,133.2340087890625,1594600,0.0,0.0
2022-04-13 00:00:00-04:00,133.28369921931272,134.67652122205718,132.96533122975896,134.0497589111328,1079700,0.0,0.0
2022-04-14 00:00:00-04:00,134.17910225576125,136.0395332080978,133.90053781445525,134.44772338867188,1532700,0.0,0.0
2022-04-18 00:00:00-04:00,134.17910123470614,136.5867025623148,134.11941102354098,135.67141723632812,1014100,0.0,0.0
2022-04-19 00:00:00-04:00,135.82063888700264,138.50680427688454,135.15407298814975,138.19839477539062,1044700,0.0,0.0
2022-04-20 00:00:00-04:00,136.85533141911134,139.3226230971718,135.87041251803788,137.13389587402344,1480600,0.0,0.0
2022-04-21 00:00:00-04:00,138.457068663104,138.457068663104,123.74283284194203,124.6282730102539,3511800,0.0,0.0
2022-04-22 00:00:00-04:00,123.60355113955126,124.24027199151419,119.07686406982451,119.9225082397461,2619000,0.0,0.0
2022-04-25 00:00:00-04:00,118.56948422219905,120.39011161503528,116.64937061129615,120.05184936523438,1725100,0.0,0.0
2022-04-26 00:00:00-04:00,118.987321826132,119.44496446661847,115.9728448655575,116.47028350830078,1385200,0.0,0.0
2022-04-27 00:00:00-04:00,116.97768185757057,119.3554381417029,116.8284487354481,117.1965560913086,1831400,0.0,0.0
2022-04-28 00:00:00-04:00,117.95263677417168,119.15643725870989,114.53026441484599,118.231201171875,1141100,0.0,0.0
2022-04-29 00:00:00-04:00,117.39552068116454,120.23091945074056,114.88843324025295,115.38587188720703,1122900,0.0,0.0
2022-05-02 00:00:00-04:00,115.12720060840428,116.15192299727087,112.31169607082143,115.63459014892578,1663700,0.0,0.0
2022-05-03 00:00:00-04:00,115.50525582126315,119.27584179080893,115.50525582126315,118.40035247802734,1271600,0.0,0.0
2022-05-04 00:00:00-04:00,118.8878414827195,120.9273430547402,116.25141502801108,120.65872192382812,2059800,0.0,0.0
2022-05-05 00:00:00-04:00,122.55894346967685,125.07598195677063,118.01235427287247,120.37020874023438,2174400,0.0,0.0
2022-05-06 00:00:00-04:00,119.14649922158831,120.08167865662416,114.67949499268344,116.98760986328125,1620300,0.0,0.0
2022-05-09 00:00:00-04:00,114.90833244070183,116.07233710349126,108.61075707487427,109.26737976074219,2095800,0.0,0.0
2022-05-10 00:00:00-04:00,110.16276453238696,112.6101617298664,108.15310817660942,111.24717712402344,2108500,0.0,0.0
2022-05-11 00:00:00-04:00,110.5209163265061,113.50554824575686,107.97403285097846,108.2028579711914,2069100,0.0,0.0
2022-05-12 00:00:00-04:00,106.99905842491242,109.49619502428472,105.7853068843415,108.37198638916016,1365600,0.0,0.0
2022-05-13 00:00:00-04:00,110.33190375310159,114.1223841692468,110.21251573413112,111.99334716796875,1662100,0.0,0.0
2022-05-16 00:00:00-04:00,112.05302863552619,112.99816663373011,110.05333070847237,111.61528778076172,1288800,0.0,0.0
2022-05-17 00:00:00-04:00,113.27673121509822,114.08257940794786,110.49107170872907,113.0777587890625,1608400,0.0,0.0
2022-05-18 00:00:00-04:00,112.35150138660438,115.66444484120551,109.45640460457133,110.05333709716797,1132000,0.0,0.0
2022-05-19 00:00:00-04:00,108.98882501875416,114.69941931683768,108.69035875492689,112.94843292236328,1447900,0.0,0.0
2022-05-20 00:00:00-04:00,114.25170553817448,114.73920088041001,110.57066256270345,112.42113494873047,1588800,0.0,0.0
2022-05-23 00:00:00-04:00,113.90350786274533,117.33583934032067,113.5354080939787,115.83357238769531,1372700,0.0,0.0
2022-05-24 00:00:00-04:00,114.88841803177391,115.77385809891618,113.18717140492127,115.31621551513672,1307500,0.0,0.0
2022-05-25 00:00:00-04:00,115.78381698224034,118.64906845267485,115.15704701823849,117.75367736816406,1243900,0.0,0.0
2022-05-26 00:00:00-04:00,119.38527684305096,121.9918581199697,118.66896396754281,120.01204681396484,1764600,0.0,0.0
2022-05-27 00:00:00-04:00,121.29543760667232,123.77268752852544,120.98702807508322,122.8772964477539,1486000,0.0,0.0
2022-05-31 00:00:00-04:00,123.23545119601611,123.34488830385445,117.72383016337515,118.39039611816406,10607300,0.0,0.0
2022-06-01 00:00:00-04:00,119.91256271755846,121.12631426799977,117.08711475909186,119.1664047241211,1350900,0.0,0.0
2022-06-02 00:00:00-04:00,119.20619481988336,124.07114408875506,118.4003466558099,123.9318618774414,1189200,0.0,0.0
2022-06-03 00:00:00-04:00,123.08621095095671,128.7769098674176,122.5489763409785,128.4585418701172,1746200,0.0,0.0
2022-06-06 00:00:00-04:00,133.88064199196842,137.7507139789584,130.20954242356933,130.72686767578125,2312900,0.0,0.0
2022-06-07 00:00:00-04:00,129.6026755334412,133.4727477848203,128.23968325270266,133.05490112304688,1402000,0.0,0.0
2022-06-08 00:00:00-04:00,132.49777463006754,132.49777463006754,128.48841962643246,129.77182006835938,1565600,0.0,0.0
2022-06-09 00:00:00-04:00,129.07538502041646,132.03017178503984,127.76213971141821,130.09014892578125,912700,0.0,0.0
2022-06-10 00:00:00-04:00,127.92132988956075,128.40882525000643,124.01146164920235,125.95146942138672,1411400,0.0,0.0
2022-06-13 00:00:00-04:00,124.71782793318064,128.07055981826923,122.4594520486723,125.16551971435547,2222700,0.0,0.0
2022-06-14 00:00:00-04:00,125.21524769277153,125.84201760974234,121.84261451944654,122.91708374023438,1504300,0.0,0.0
2022-06-15 00:00:00-04:00,123.16581619451874,125.00633773253904,120.31051553175944,123.48417663574219,1631900,0.0,0.0
2022-06-16 00:00:00-04:00,120.56918728534006,121.70334684592058,113.28668545883336,114.14228057861328,2132700,0.0,0.0
2022-06-17 00:00:00-04:00,113.28667120405363,116.23150684960314,112.28184309162113,113.26676940917969,2049000,0.0,0.0
2022-06-21 00:00:00-04:00,115.59479662689982,120.08168781247356,114.88843465039251,118.61922454833984,1338300,0.0,0.0
2022-06-22 00:00:00-04:00,116.31110623527668,119.55440069711668,116.10217532738514,118.25111389160156,1119100,0.0,0.0
2022-06-23 00:00:00-04:00,118.55952151617906,120.86763646089942,115.96289125457976,120.1413803100586,1472000,0.0,0.0
2022-06-24 00:00:00-04:00,121.37504044675137,125.92162977298851,120.90744686336724,125.33465576171875,2702700,0.0,0.0
2022-06-27 00:00:00-04:00,126.25988342924217,127.6228604901779,124.53874233810966,127.2547607421875,1214700,0.0,0.0
2022-06-28 00:00:00-04:00,127.79197839020354,129.1947589413856,123.15585440063984,123.46426391601562,888300,0.0,0.0
2022-06-29 00:00:00-04:00,123.69309845944042,123.96171199489193,117.3557272271087,119.13655853271484,1727100,0.0,0.0
2022-06-30 00:00:00-04:00,116.99632445152616,124.900273327805,116.99632445152616,124.77085876464844,1493100,0.07,0.0
2022-07-01 00:00:00-04:00,124.64143766438274,127.18981062543648,121.59533513470127,125.56721496582031,1036100,0.0,0.0
2022-07-05 00:00:00-04:00,123.52653297333481,127.01064029999976,121.19716200613085,126.67218780517578,1297300,0.0,0.0
2022-07-06 00:00:00-04:00,126.20433331152574,127.41879491572658,122.50122336912712,125.71656036376953,1048100,0.0,0.0
2022-07-07 00:00:00-04:00,127.16992357683093,131.9182686162831,126.23418941921317,131.6494903564453,981300,0.0,0.0
2022-07-08 00:00:00-04:00,131.63950644162526,132.97341788465394,129.80785029845984,131.35081481933594,882800,0.0,0.0
2022-07-11 00:00:00-04:00,130.12644890142056,131.4006356685002,129.63866834624773,130.5544891357422,589100,0.0,0.0
2022-07-12 00:00:00-04:00,129.26039355131277,130.6042544652731,126.30387068054404,127.14006042480469,985400,0.0,0.0
2022-07-13 00:00:00-04:00,125.56721133908532,128.92190367410285,124.59166566581179,127.31922149658203,985900,0.0,0.0
2022-07-14 00:00:00-04:00,125.19889113908253,127.60790799993336,123.94461810650158,127.45858001708984,888500,0.0,0.0
2022-07-15 00:00:00-04:00,129.5689725811307,129.5689725811307,119.84333198432937,127.42872619628906,1401400,0.0,0.0
2022-07-18 00:00:00-04:00,128.1554306378077,129.68843121527127,126.194367085127,126.38350677490234,844800,0.0,0.0
2022-07-19 00:00:00-04:00,127.56808270006903,130.9526528893682,127.56808270006903,130.5146484375,885300,0.0,0.0
2022-07-20 00:00:00-04:00,130.40516443680366,132.65489691993506,129.13097778571117,131.6992645263672,783100,0.0,0.0
2022-07-21 00:00:00-04:00,130.69384044771076,132.61508473107222,130.02688456173124,132.5354461669922,547400,0.0,0.0
2022-07-22 00:00:00-04:00,133.1924405452109,135.4720353707371,130.99246908685893,132.45579528808594,699700,0.0,0.0
2022-07-25 00:00:00-04:00,131.2811683228246,133.25217334831353,128.16537606730486,133.07298278808594,784400,0.0,0.0
2022-07-26 00:00:00-04:00,133.34177588298863,134.55623749593533,131.9780014444764,132.67481994628906,907300,0.0,0.0
2022-07-27 00:00:00-04:00,133.48111405596774,134.54626263964627,132.4657566572943,133.36166381835938,1455000,0.0,0.0
2022-07-28 00:00:00-04:00,137.5426139637898,144.71988242484312,135.7109724399343,144.63027954101562,2590000,0.0,0.0
2022-07-29 00:00:00-04:00,145.3469937098306,146.17322667644993,137.36342178613944,138.1000518798828,2613400,0.0,0.0
2022-08-01 00:00:00-04:00,137.37335612178606,138.83668221737383,135.8801674682884,138.090087890625,1453700,0.0,0.0
2022-08-02 00:00:00-04:00,137.9308564350898,139.46387246613153,136.03948959053776,137.68199157714844,940600,0.0,0.0
2022-08-03 00:00:00-04:00,139.07562891156127,139.07562891156127,135.49196926750085,136.43765258789062,1659600,0.0,0.0
2022-08-04 00:00:00-04:00,134.7154943038323,135.491951258592,131.20152457050906,132.80421447753906,1779100,0.0,0.0
2022-08-05 00:00:00-04:00,133.55080217797956,138.0204040056771,132.86393293946452,136.28831481933594,1287200,0.0,0.0
2022-08-08 00:00:00-04:00,137.31365421131116,139.12538218518804,136.55709544440393,136.63673400878906,1095600,0.0,0.0
2022-08-09 00:00:00-04:00,136.2186342559417,137.29373202236462,134.96436112319935,135.22317504882812,654300,0.0,0.0
2022-08-10 00:00:00-04:00,137.16432275240595,139.89188655326393,136.93537137900444,139.6131591796875,1187900,0.0,0.0
2022-08-11 00:00:00-04:00,141.42489589585932,142.09185173740627,140.12083158411613,140.60861206054688,888000,0.0,0.0
2022-08-12 00:00:00-04:00,140.71810816895533,142.97780472651715,140.36969138541224,142.80857849121094,790800,0.0,0.0
2022-08-15 00:00:00-04:00,141.50454730178328,142.80861187190405,140.6783293684886,142.32083129882812,624900,0.0,0.0
2022-08-16 00:00:00-04:00,142.08188970418863,143.4158165981908,141.41493385193866,141.7832489013672,912100,0.0,0.0
2022-08-17 00:00:00-04:00,140.6086280609691,143.57509256275188,139.7823950078527,143.46559143066406,1077900,0.0,0.0
2022-08-18 00:00:00-04:00,144.37144970160813,145.63568716617186,142.99771111508213,143.82394409179688,573600,0.0,0.0
2022-08-19 00:00:00-04:00,142.90810715490022,143.34611159286519,141.14614028017778,141.37510681152344,728500,0.0,0.0
2022-08-22 00:00:00-04:00,139.1851125718143,141.70362313151153,138.28919017851962,139.37423706054688,652300,0.0,0.0
2022-08-23 00:00:00-04:00,139.88191701929208,142.36060045761838,139.52355113562436,140.5787353515625,725700,0.0,0.0
2022-08-24 00:00:00-04:00,141.05656091751936,144.85922222619143,141.05656091751936,144.45108032226562,731800,0.0,0.0
2022-08-25 00:00:00-04:00,145.7053780776469,148.651944394132,145.4764266835412,147.07911682128906,863400,0.0,0.0
2022-08-26 00:00:00-04:00,147.5370123020079,147.5370123020079,143.30631077121262,143.9732666015625,982800,0.0,0.0
2022-08-29 00:00:00-04:00,142.3506545048556,145.96417597984987,141.65383615706764,144.212158203125,654300,0.0,0.0
2022-08-30 00:00:00-04:00,145.50625653146352,145.99403696440672,139.0755991761338,140.12081909179688,758600,0.0,0.0
2022-08-31 00:00:00-04:00,140.03124208170846,141.41492974474176,139.31451025155434,140.65838623046875,1415200,0.0,0.0
2022-09-01 00:00:00-04:00,139.82222434588454,140.72808079326748,136.39784181618325,138.46839904785156,1328300,0.0,0.0
2022-09-02 00:00:00-04:00,140.7081728159401,144.02303879296716,139.463848737941,139.96157836914062,790300,0.0,0.0
2022-09-06 00:00:00-04:00,139.75250719941334,141.03664279875267,137.88103916705748,139.6230926513672,889900,0.0,0.0
2022-09-07 00:00:00-04:00,139.49370485524125,141.95249033491768,138.59778244677693,141.7832489013672,886700,0.0,0.0
2022-09-08 00:00:00-04:00,141.3253300149508,145.99403563658606,140.47918370191866,145.9442596435547,990600,0.0,0.0
2022-09-09 00:00:00-04:00,147.07909219870984,147.32795699092426,144.8990341885915,146.0935821533203,730000,0.0,0.0
2022-09-12 00:00:00-04:00,146.86010010504035,147.47727997169923,143.9732743918589,144.99859619140625,774700,0.0,0.0
2022-09-13 00:00:00-04:00,141.10636484612246,143.6547383876259,140.25026918550762,140.80772399902344,730800,0.0,0.0
2022-09-14 00:00:00-04:00,140.8574964953121,142.5597386487079,139.4837577465893,141.72354125976562,1565500,0.0,0.0
2022-09-15 00:00:00-04:00,139.30455867952367,141.45475413219484,137.41317714283088,138.24937438964844,1623000,0.0,0.0
2022-09-16 00:00:00-04:00,136.47746619469783,137.89101647530424,134.24763205640892,136.79600524902344,3608000,0.0,0.0
2022-09-19 00:00:00-04:00,135.3725010654422,141.5045181476351,135.1335853910054,140.6384735107422,1753600,0.0,0.0
2022-09-20 00:00:00-04:00,140.0013731656715,140.26018707444948,136.90549462553452,137.94078063964844,1272700,0.0,0.0
2022-09-21 00:00:00-04:00,138.49824955001668,141.49457640778598,135.8005483139998,135.91004943847656,699700,0.0,0.0
2022-09-22 00:00:00-04:00,136.8756458787273,137.28378781373723,134.75531283101964,135.09378051757812,761000,0.0,0.0
2022-09-23 00:00:00-04:00,133.08294533132724,133.08294533132724,126.06495480407008,128.17532348632812,1647300,0.0,0.0
2022-09-26 00:00:00-04:00,127.49841532731486,130.4449660339791,124.86044694556702,125.16903686523438,1282500,0.0,0.0
2022-09-27 00:00:00-04:00,127.08032367046813,128.2450090984661,123.56634635488956,124.97990417480469,1034900,0.0,0.0
2022-09-28 00:00:00-04:00,126.22425455150376,130.47487042887968,126.04507155629057,129.6088104248047,962900,0.0,0.0
2022-09-29 00:00:00-04:00,128.41423157302634,128.41423157302634,124.34280725623009,127.34909057617188,857600,0.0,0.0
2022-09-30 00:00:00-04:00,127.8570536718042,129.6100307819224,125.98456852047524,126.88097381591797,1033700,0.07,0.0
2022-10-03 00:00:00-04:00,128.87297473964733,131.7613806591906,127.4885295964733,130.8251495361328,787100,0.0,0.0
2022-10-04 00:00:00-04:00,132.77733250746513,136.42271193978294,132.77733250746513,135.48646545410156,888600,0.0,0.0
2022-10-05 00:00:00-04:00,133.9027985562019,135.26731936004293,131.46259146109443,134.01235961914062,757500,0.0,0.0
2022-10-06 00:00:00-04:00,133.8330684232008,135.83504642624817,131.602028926303,131.69166564941406,698700,0.0,0.0
2022-10-07 00:00:00-04:00,131.14390229650252,131.22358447514063,127.02044453836542,128.01644897460938,623000,0.0,0.0
2022-10-10 00:00:00-04:00,128.06619029810713,130.54624561611743,127.77734064051542,128.51438903808594,565300,0.0,0.0
2022-10-11 00:00:00-04:00,128.9526694385491,132.14983452006967,127.15985877713553,128.92279052734375,1064900,0.0,0.0
2022-10-12 00:00:00-04:00,129.36102620713044,129.36102620713044,125.78536729246764,125.85508728027344,775500,0.0,0.0
2022-10-13 00:00:00-04:00,123.67386779606201,130.10806307732034,123.10614557699931,129.6897430419922,843000,0.0,0.0
2022-10-14 00:00:00-04:00,130.23749116260407,131.00441857804194,122.75750581307793,122.9168701171875,816800,0.0,0.0
2022-10-17 00:00:00-04:00,125.89494368251316,129.789316502095,125.40690370846944,129.1717987060547,902000,0.0,0.0
2022-10-18 00:00:00-04:00,132.62790050208594,135.4465937353953,131.15380359281573,132.88685607910156,871100,0.0,0.0
2022-10-19 00:00:00-04:00,131.7016150074015,132.6279067030088,129.98848677704092,132.04026794433594,601900,0.0,0.0
2022-10-20 00:00:00-04:00,132.32911430385994,133.5342860335919,129.8092249758742,130.21759033203125,706200,0.0,0.0
2022-10-21 00:00:00-04:00,130.49650317260043,133.50442557416218,130.0781831405519,132.876953125,775500,0.0,0.0
2022-10-24 00:00:00-04:00,133.84305501531242,137.21950879060637,133.38488637656866,136.86094665527344,958200,0.0,0.0
2022-10-25 00:00:00-04:00,137.17965447620742,142.17959982527697,136.76133453513566,141.7812042236328,1365400,0.0,0.0
2022-10-26 00:00:00-04:00,142.6277663914436,143.73333141324179,139.50031451322937,139.92860412597656,982200,0.0,0.0
2022-10-27 00:00:00-04:00,140.81508956829651,142.0700494863042,139.21152207415486,139.69955444335938,751500,0.0,0.0
2022-10-28 00:00:00-04:00,140.31705566929975,142.14969947698467,138.91268630890193,140.6158447265625,830600,0.0,0.0
2022-10-31 00:00:00-04:00,140.0481335772437,141.71145855856076,139.89873904513766,141.472412109375,753900,0.0,0.0
2022-11-01 00:00:00-04:00,143.00628590705307,143.48436367116526,141.15371747357295,141.70152282714844,719900,0.0,0.0
2022-11-02 00:00:00-04:00,140.42661257602168,142.38874171578811,136.0441857591897,136.23342895507812,1229300,0.0,0.0
2022-11-03 00:00:00-04:00,143.98235657855778,146.11380483811774,136.41273420528913,143.8329620361328,2404500,0.0,0.0
2022-11-04 00:00:00-04:00,147.0600060285145,148.90261977712416,140.21746241108795,146.18353271484375,1635600,0.0,0.0
2022-11-07 00:00:00-05:00,147.12974429201392,148.43450738588294,144.6496883180935,146.66162109375,1220500,0.0,0.0
2022-11-08 00:00:00-05:00,146.66161426655523,149.19145817535286,145.41660905206837,147.16957092285156,1001000,0.0,0.0
2022-11-09 00:00:00-05:00,145.33691086780104,147.30899465469088,142.04013985503687,142.46841430664062,823800,0.0,0.0
2022-11-10 00:00:00-05:00,147.23929377586285,148.39466222523615,143.35486851286302,146.4723663330078,1345000,0.0,0.0
2022-11-11 00:00:00-05:00,146.48234776102444,148.40462860844957,143.59392640767237,143.89273071289062,1065400,0.0,0.0
2022-11-14 00:00:00-05:00,143.474409874136,144.22141303363568,141.5521138408247,141.62184143066406,907400,0.0,0.0
2022-11-15 00:00:00-05:00,143.45448667094195,144.84888650059386,141.36287172864576,143.4744110107422,779200,0.0,0.0
2022-11-16 00:00:00-05:00,143.04613328193483,146.41263269286904,142.27922091025943,146.14370727539062,826600,0.0,0.0
2022-11-17 00:00:00-05:00,144.44054786423925,148.26520072936762,143.8429392050169,148.1556396484375,884900,0.0,0.0
2022-11-18 00:00:00-05:00,149.40063629949432,149.79903191716554,146.2532592473085,148.0659942626953,749500,0.0,0.0
2022-11-21 00:00:00-05:00,147.23928350708536,149.0420484423215,146.93052467700394,148.3448486328125,621100,0.0,0.0
2022-11-22 00:00:00-05:00,149.4006235051853,151.16355511793535,147.12973524373186,147.19944763183594,923300,0.0,0.0
2022-11-23 00:00:00-05:00,146.92056191257052,149.29105657570514,144.68952241580072,145.6157989501953,682800,0.0,0.0
2022-11-25 00:00:00-05:00,146.3429010977607,148.59388048997124,145.88474764120363,147.9265594482422,271700,0.0,0.0
2022-11-28 00:00:00-05:00,147.98628812394708,149.94841737861617,142.1497036035346,142.98634338378906,880900,0.0,0.0
2022-11-29 00:00:00-05:00,143.45447045903865,144.589914534243,142.52819393355304,143.97239685058594,579700,0.0,0.0
2022-11-30 00:00:00-05:00,143.82301347508923,149.56996248690407,143.59393674365404,149.2811279296875,1560700,0.0,0.0
2022-12-01 00:00:00-05:00,149.89862217344574,152.40855684662245,148.70342025215777,151.1237030029297,907000,0.0,0.0
2022-12-02 00:00:00-05:00,150.05797015649378,154.032016492357,149.7790902451285,152.45834350585938,627000,0.0,0.0
2022-12-05 00:00:00-05:00,151.23327479657647,151.7312768989344,148.41458107349249,150.2173614501953,748200,0.0,0.0
2022-12-06 00:00:00-05:00,150.62572549093662,151.57192653296374,148.3747612522614,148.99227905273438,475800,0.0,0.0
2022-12-07 00:00:00-05:00,148.6934411851258,150.2970083485625,147.48828476908037,147.7173614501953,627900,0.0,0.0
2022-12-08 00:00:00-05:00,149.47036506894628,150.9544016746089,148.38470888627478,149.7093963623047,622300,0.0,0.0
2022-12-09 00:00:00-05:00,149.88868119186895,151.06395888163522,147.25923064752888,147.54806518554688,745000,0.0,0.0
2022-12-12 00:00:00-05:00,148.0659789127202,149.82889529586356,147.74725029337085,149.65957641601562,565500,0.0,0.0
2022-12-13 00:00:00-05:00,154.26112694952437,154.38064258370702,149.6097894128372,151.9304656982422,984400,0.0,0.0
2022-12-14 00:00:00-05:00,152.94639662045623,154.18144725202876,150.20738517611335,151.48226928710938,1518800,0.0,0.0
2022-12-15 00:00:00-05:00,148.71338206073366,148.71338206073366,143.36484446389133,144.2413330078125,1921300,0.0,0.0
2022-12-16 00:00:00-05:00,142.32899313838996,143.62380162919757,141.14376091457208,142.69752502441406,2219200,0.0,0.0
2022-12-19 00:00:00-05:00,143.40467483146327,143.75328236690638,140.954513106419,141.79115295410156,1290500,0.0,0.0
2022-12-20 00:00:00-05:00,141.5321906892917,144.62976409197995,141.5321906892917,142.08995056152344,1664500,0.0,0.0
2022-12-21 00:00:00-05:00,143.23536200095805,144.92856610648474,142.92660312968073,144.13177490234375,653800,0.0,0.0
2022-12-22 00:00:00-05:00,142.80708497157178,143.74333133753547,139.85890589563198,142.02023315429688,672800,0.0,0.0
2022-12-23 00:00:00-05:00,142.13975810739262,143.64371889393706,141.37283066096134,143.62379455566406,405700,0.0,0.0
2022-12-27 00:00:00-05:00,143.92258000822025,144.84885644619388,142.73733280003157,143.3946990966797,417600,0.0,0.0
2022-12-28 00:00:00-05:00,143.25530599751153,144.4405535933621,140.2872173207045,140.75534057617188,445600,0.0,0.0
2022-12-29 00:00:00-05:00,142.21942798711032,142.82699113547565,141.0441503677445,142.12979125976562,502400,0.0,0.0
2022-12-30 00:00:00-05:00,140.8940777270156,142.46864904619167,139.94733073934913,142.01022338867188,400900,0.08,0.0
2023-01-03 00:00:00-05:00,142.36897549348723,142.8373612696759,138.68169583088238,140.126708984375,789800,0.0,0.0
2023-01-04 00:00:00-05:00,140.35592934308426,140.9140021903578,137.40611137711127,138.0738067626953,930000,0.0,0.0
2023-01-05 00:00:00-05:00,137.52569041036315,138.98067904317728,134.14734253679714,135.1040496826172,1101400,0.0,0.0
2023-01-06 00:00:00-05:00,137.27652898292578,140.47550233821852,136.2999016733457,138.64181518554688,894800,0.0,0.0
2023-01-09 00:00:00-05:00,139.0105518784906,142.47858620044565,137.74491285167525,138.16346740722656,815800,0.0,0.0
2023-01-10 00:00:00-05:00,137.53564268521717,139.1500849508867,137.53564268521717,139.03048706054688,939600,0.0,0.0
2023-01-11 00:00:00-05:00,140.55523934348503,143.17620490910514,139.48892483688272,140.20645141601562,875700,0.0,0.0
2023-01-12 00:00:00-05:00,141.06350727627745,147.47140059348789,140.71470411509372,147.30198669433594,1204000,0.0,0.0
2023-01-13 00:00:00-05:00,146.6840985146812,148.65728883698318,145.96657199632716,147.98959350585938,770800,0.0,0.0
2023-01-17 00:00:00-05:00,147.98959645356402,149.82326861195102,147.36175693591287,147.76039123535156,849900,0.0,0.0
2023-01-18 00:00:00-05:00,148.26862896406544,150.07240540339114,142.8473242848997,143.8040313720703,753300,0.0,0.0
2023-01-19 00:00:00-05:00,142.63803245307645,143.82394456839788,141.69128566767466,142.99679565429688,1677800,0.0,0.0
2023-01-20 00:00:00-05:00,143.25591859753536,145.8768839220801,142.7277414706919,145.73736572265625,931800,0.0,0.0
2023-01-23 00:00:00-05:00,146.93323196101065,149.26518542689476,146.49474186526984,149.03598022460938,766100,0.0,0.0
2023-01-24 00:00:00-05:00,148.31844623794015,153.042159476239,147.67067128151686,150.98922729492188,804600,0.0,0.0
2023-01-25 00:00:00-05:00,149.4844509259653,149.51434659964292,145.14939576657443,148.37826538085938,915200,0.0,0.0
2023-01-26 00:00:00-05:00,149.13559511539006,149.6538119533383,146.91326465434534,149.544189453125,840400,0.0,0.0
2023-01-27 00:00:00-05:00,149.20541486803754,150.61057235972336,148.7669247112268,149.4844512939453,645200,0.0,0.0
2023-01-30 00:00:00-05:00,149.0160697385984,150.6603926674689,147.90988415903337,148.58755493164062,743000,0.0,0.0
2023-01-31 00:00:00-05:00,148.91637747188446,151.71673181789677,148.25865755611653,151.66690063476562,705500,0.0,0.0
2023-02-01 00:00:00-05:00,150.98924774835817,153.8493937678284,150.331527755269,152.34457397460938,569100,0.0,0.0
2023-02-02 00:00:00-05:00,153.06209977183454,153.67997914086925,149.026016784889,151.15866088867188,991900,0.0,0.0
2023-02-03 00:00:00-05:00,150.29163995452788,153.22153714663935,149.88304553928137,151.90606689453125,850200,0.0,0.0
2023-02-06 00:00:00-05:00,151.31811859224047,152.84285872866954,150.90952412264986,152.19509887695312,696600,0.0,0.0
2023-02-07 00:00:00-05:00,151.82635217355653,153.51053057117664,149.98270486838513,153.0421600341797,569000,0.0,0.0
2023-02-08 00:00:00-05:00,152.46415844174024,154.08854557405266,151.66690510715864,151.83631896972656,960300,0.0,0.0
2023-02-09 00:00:00-05:00,152.69338705918233,153.47070499785872,151.2184780481483,151.93600463867188,1313200,0.0,0.0
2023-02-10 00:00:00-05:00,151.86623365983752,153.47070068433663,149.83325184805736,150.81983947753906,1063800,0.0,0.0
2023-02-13 00:00:00-05:00,150.90950373828545,153.92910313684447,149.99266774917646,153.75967407226562,582200,0.0,0.0
2023-02-14 00:00:00-05:00,153.20162759553008,155.0851310801843,151.69682292151202,153.67001342773438,803700,0.0,0.0
2023-02-15 00:00:00-05:00,152.7232582874787,155.832529544496,151.90606944327456,155.46380615234375,653400,0.0,0.0
2023-02-16 00:00:00-05:00,154.28788185946573,157.99508201098573,153.47069294861643,154.78616333007812,911400,0.0,0.0
2023-02-17 00:00:00-05:00,154.39747989844676,156.5201637016136,154.20814572433054,154.36758422851562,862600,0.0,0.0
2023-02-21 00:00:00-05:00,153.43085032124262,154.1085058805284,147.6408063612869,148.1889190673828,1098600,0.0,0.0
2023-02-22 00:00:00-05:00,148.64733594215986,149.4645096685426,146.8236238861333,147.8899383544922,1155900,0.0,0.0
2023-02-23 00:00:00-05:00,159.45006412477144,168.16998950659487,157.6861435326151,159.0713653564453,2860100,0.0,0.0
2023-02-24 00:00:00-05:00,157.66621961302084,162.5593317869895,156.57995451922272,160.08786010742188,1468900,0.0,0.0
2023-02-27 00:00:00-05:00,161.88166226335636,164.2235756992739,160.30709122822887,162.34007263183594,866800,0.0,0.0
2023-02-28 00:00:00-05:00,162.350080468169,163.44629063415738,160.7356380828839,160.8452606201172,1195000,0.0,0.0
2023-03-01 00:00:00-05:00,161.36344383836894,162.81843219089433,158.44352218612218,159.1012420654297,957400,0.0,0.0
2023-03-02 00:00:00-05:00,158.3040207647239,160.19748416847037,157.4270405576786,159.49989318847656,741200,0.0,0.0
2023-03-03 00:00:00-05:00,162.01122877300293,163.26689248157751,159.7589870145482,162.559326171875,793100,0.0,0.0
2023-03-06 00:00:00-05:00,161.88167550693473,164.32325150427187,160.29714418854553,162.8084716796875,769300,0.0,0.0
2023-03-07 00:00:00-05:00,163.13735303390516,164.0840848018692,161.6026527707822,162.4098663330078,607300,0.0,0.0
2023-03-08 00:00:00-05:00,162.19062681657851,163.09750278808636,160.42670606439134,161.87171936035156,772200,0.0,0.0
2023-03-09 00:00:00-05:00,162.63906993147688,163.715359739146,159.07137275596546,159.99818420410156,589700,0.0,0.0
2023-03-10 00:00:00-05:00,159.6294486560522,159.79887774191997,155.45386260023992,156.80918884277344,1695700,0.0,0.0
2023-03-13 00:00:00-04:00,154.73633039900872,157.41708711372598,154.3177757931696,155.33425903320312,897700,0.0,0.0
2023-03-14 00:00:00-04:00,158.62293079518335,160.56622560281116,157.01846375784046,159.19097900390625,860300,0.0,0.0
2023-03-15 00:00:00-04:00,156.68957930811288,158.0150097797139,151.1785877298651,154.8060760498047,1368800,0.0,0.0
2023-03-16 00:00:00-04:00,153.2314933316374,157.51671648779558,151.4775482472679,156.66964721679688,848300,0.0,0.0
2023-03-17 00:00:00-04:00,156.9387191197701,157.2576265425181,152.36449911992145,154.56690979003906,1607500,0.0,0.0
2023-03-20 00:00:00-04:00,155.25454512870422,157.8954462373732,154.7263679482394,156.7493896484375,1000500,0.0,0.0
2023-03-21 00:00:00-04:00,159.31055358595526,161.56278037571255,157.89543602357566,161.0644989013672,764000,0.0,0.0
2023-03-22 00:00:00-04:00,160.40675929785317,162.76860833141828,157.95520805305316,158.01499938964844,752200,0.0,0.0
2023-03-23 00:00:00-04:00,158.28411154156825,161.283760856981,156.7195002492253,158.4236297607422,808400,0.0,0.0
2023-03-24 00:00:00-04:00,156.44045920208316,161.29373146779918,154.3277504578772,160.22740173339844,1209700,0.0,0.0
2023-03-27 00:00:00-04:00,162.14078807506314,163.14732638135484,159.7390677286116,161.8916473388672,821000,0.0,0.0
2023-03-28 00:00:00-04:00,162.29029622942352,164.10403304467445,161.69235232626446,162.71881103515625,901000,0.0,0.0
2023-03-29 00:00:00-04:00,164.38303959951082,164.93115221005743,163.15727154781013,164.89129638671875,651500,0.0,0.0
2023-03-30 00:00:00-04:00,166.27652994317953,166.64525335901018,164.9112283970579,165.94766235351562,695300,0.0,0.0
2023-03-31 00:00:00-04:00,166.4260087452347,167.1534954238898,164.99095569788958,166.06724548339844,919100,0.0,0.0
2023-04-03 00:00:00-04:00,166.30641890871806,166.91432287606835,163.35658608198307,165.22015380859375,671600,0.0,0.0
2023-04-04 00:00:00-04:00,165.77825271955282,166.31639002145158,161.3335752743216,162.09095764160156,830600,0.0,0.0
2023-04-05 00:00:00-04:00,161.08443169438536,161.27378108444995,157.36725621639786,159.36038208007812,1095400,0.0,0.0
2023-04-06 00:00:00-04:00,158.74221183600594,160.63662312225688,158.60262379611328,158.66244506835938,679300,0.08,0.0
2023-04-10 00:00:00-04:00,157.86480855223746,161.25481284289623,157.7152401425586,161.06536865234375,941200,0.0,0.0
2023-04-11 00:00:00-04:00,161.1650461486858,163.32866812567917,161.1650461486858,163.2489013671875,755800,0.0,0.0
2023-04-12 00:00:00-04:00,164.49523700096813,166.1104873200455,163.84715297369033,164.5151824951172,883300,0.0,0.0
2023-04-13 00:00:00-04:00,164.77440849863743,165.5222047619906,162.48117879551748,164.5550537109375,838900,0.0,0.0
2023-04-14 00:00:00-04:00,164.38555075061,166.20021027158097,164.06649893118043,165.5321807861328,444000,0.0,0.0
2023-04-17 00:00:00-04:00,165.70170727210572,166.95799969565147,165.32281890981707,166.35977172851562,449400,0.0,0.0
2023-04-18 00:00:00-04:00,166.85828742787157,167.8054930332741,166.27998979593153,167.29698181152344,711400,0.0,0.0
2023-04-19 00:00:00-04:00,166.18025056891523,167.19725763342063,164.81428108218353,165.52218627929688,434400,0.0,0.0
2023-04-20 00:00:00-04:00,164.5151669851928,167.59608373374863,163.77733591078163,166.79843139648438,512100,0.0,0.0
2023-04-21 00:00:00-04:00,166.67882076182383,166.74862239114296,164.73455327733365,165.31285095214844,526300,0.0,0.0
2023-04-24 00:00:00-04:00,166.28996146881124,168.61311722816023,166.00082024845992,167.7755889892578,514200,0.0,0.0
2023-04-25 00:00:00-04:00,166.10051443755182,167.5861419324186,165.77148223208647,166.72866821289062,597000,0.0,0.0
2023-04-26 00:00:00-04:00,165.51225836764166,166.72867497758054,162.98969323734767,163.5879364013672,578300,0.0,0.0
2023-04-27 00:00:00-04:00,164.95388428206226,168.88230967616215,164.4553534495918,168.4735107421875,790800,0.0,0.0
2023-04-28 00:00:00-04:00,168.57322328859104,170.3180812052842,168.15444400030546,169.14154052734375,727900,0.0,0.0
2023-05-01 00:00:00-04:00,169.27115113086313,171.43477296490477,168.234198552937,168.71279907226562,740800,0.0,0.0
2023-05-02 00:00:00-04:00,167.9550392646809,168.0048953921578,164.505214324217,167.62600708007812,688100,0.0,0.0
2023-05-03 00:00:00-04:00,168.43362856592356,170.45767784846163,167.71575812645423,167.72572326660156,870700,0.0,0.0
2023-05-04 00:00:00-04:00,166.48933574650516,168.9720245186289,160.12809331177394,164.8641357421875,1229200,0.0,0.0
2023-05-05 00:00:00-04:00,167.30694130940932,171.0359419963005,167.30694130940932,170.5673370361328,855100,0.0,0.0
2023-05-08 00:00:00-04:00,170.4975241513157,170.82655628675562,167.68580329243926,168.38375854492188,821200,0.0,0.0
2023-05-09 00:00:00-04:00,168.36383199768974,170.93625289824251,167.52630385721773,170.49754333496094,889300,0.0,0.0
2023-05-10 00:00:00-04:00,171.67406576076326,172.32216495471337,169.20135715507962,170.92626953125,711000,0.0,0.0
2023-05-11 00:00:00-04:00,169.06176629413295,171.26527917422231,168.75267962535887,171.08580017089844,686200,0.0,0.0
2023-05-12 00:00:00-04:00,171.99314820272798,175.77200546040442,171.03596224902495,173.3391876220703,896000,0.0,0.0
2023-05-15 00:00:00-04:00,172.9902229314263,174.55561726583883,172.35210398565536,174.29637145996094,652900,0.0,0.0
2023-05-16 00:00:00-04:00,173.02011961587377,173.42891857374926,168.8025527864965,169.19140625,959700,0.0,0.0
2023-05-17 00:00:00-04:00,170.35797397956154,170.6670606928472,167.6858405349191,169.26119995117188,969200,0.0,0.0
2023-05-18 00:00:00-04:00,168.7726367095078,171.99314171179842,167.60607635661532,171.3849334716797,827600,0.0,0.0
2023-05-19 00:00:00-04:00,172.2523621375913,173.51863467065493,170.13859634535368,171.20545959472656,658000,0.0,0.0
2023-05-22 00:00:00-04:00,171.62422903371376,173.69811911979437,170.27818970219562,170.48757934570312,795500,0.0,0.0
2023-05-23 00:00:00-04:00,168.68289357616823,169.63011437621768,165.02367890919916,166.12045288085938,1166500,0.0,0.0
2023-05-24 00:00:00-04:00,168.57323714297578,168.57323714297578,165.15330743393042,166.0706024169922,698900,0.0,0.0
2023-05-25 00:00:00-04:00,166.6189777947934,172.5315462488688,166.10050146177974,172.3421173095703,1080400,0.0,0.0
2023-05-26 00:00:00-04:00,173.478804389336,175.8318710673986,172.57147441457573,173.48876953125,811300,0.0,0.0
2023-05-30 00:00:00-04:00,175.15381069697656,181.2957138481802,175.15381069697656,180.6376495361328,1711000,0.0,0.0
2023-05-31 00:00:00-04:00,178.2646637377588,180.3285888646869,176.081111283151,177.0582275390625,1767200,0.0,0.0
2023-06-01 00:00:00-04:00,176.4799204133472,177.34735922148985,174.70515180935755,175.53271484375,986400,0.0,0.0
2023-06-02 00:00:00-04:00,176.07110702884606,179.8699093496481,176.03123125836555,179.5508575439453,756500,0.0,0.0
2023-06-05 00:00:00-04:00,179.5508623633358,179.5508623633358,175.98137985838093,178.70335388183594,596100,0.0,0.0
2023-06-06 00:00:00-04:00,177.99545220392753,181.54498928728802,177.99545220392753,181.08633422851562,619700,0.0,0.0
2023-06-07 00:00:00-04:00,180.92682840597166,184.18720931237672,180.92682840597166,183.38955688476562,764100,0.0,0.0
2023-06-08 00:00:00-04:00,182.5819418391908,183.4095049130488,181.15615084682605,182.83120727539062,508900,0.0,0.0
2023-06-09 00:00:00-04:00,182.4523038897933,183.0306014315144,181.16608593256555,182.2927703857422,347100,0.0,0.0
2023-06-12 00:00:00-04:00,182.65172914667727,185.94203568939193,181.61477649355385,184.83529663085938,679200,0.0,0.0
2023-06-13 00:00:00-04:00,184.705671052675,185.59305531449138,183.69864426107097,184.45640563964844,787600,0.0,0.0
2023-06-14 00:00:00-04:00,184.43648043455983,185.95201857237615,183.10042132512092,184.54615783691406,828300,0.0,0.0
2023-06-15 00:00:00-04:00,183.94792565319128,186.06169167080887,183.5291615486041,185.2540740966797,660300,0.0,0.0
2023-06-16 00:00:00-04:00,186.3608114423827,188.05581333910683,185.3438042187664,185.40362548828125,1752600,0.0,0.0
2023-06-20 00:00:00-04:00,184.0675738244587,186.15142927078148,183.05056655994576,185.2042236328125,647400,0.0,0.0
2023-06-21 00:00:00-04:00,185.05463168665435,190.74784467644318,184.8552072034226,190.37893676757812,1015300,0.0,0.0
2023-06-22 00:00:00-04:00,189.50154995956993,191.2763186217599,187.88631482552063,188.75375366210938,624100,0.0,0.0
2023-06-23 00:00:00-04:00,186.94907562123697,188.8434868352836,185.9719593792306,186.0616912841797,2264000,0.0,0.0
2023-06-26 00:00:00-04:00,187.50742761990386,191.05696496548993,187.48748212527846,189.95022583007812,729300,0.0,0.0
2023-06-27 00:00:00-04:00,190.00006902951216,194.30738273818903,190.00006902951216,194.08802795410156,623200,0.0,0.0
2023-06-28 00:00:00-04:00,194.41707528937027,194.5666284656574,192.66223687984194,193.1508026123047,659000,0.0,0.0
2023-06-29 00:00:00-04:00,192.7918536480603,194.546676787863,191.91443447118178,194.27748107910156,853300,0.0,0.0
2023-06-30 00:00:00-04:00,195.22505162754513,196.52176714620688,193.0705103245565,195.9532012939453,723300,0.08,0.0
2023-07-03 00:00:00-04:00,195.37470225178131,195.71385406737056,192.88102395594422,195.21511840820312,398900,0.0,0.0
2023-07-05 00:00:00-04:00,193.6590381440336,195.39464360766885,193.05058006944338,194.65650939941406,575100,0.0,0.0
2023-07-06 00:00:00-04:00,193.5493126896269,195.02558108319715,191.514478057159,192.0431365966797,729200,0.0,0.0
2023-07-07 00:00:00-04:00,191.83366595493183,195.02557070871555,191.7738048987526,193.1104278564453,737300,0.0,0.0
2023-07-10 00:00:00-04:00,194.82607736812608,200.09272395887373,194.37720316284233,199.28475952148438,1021700,0.0,0.0
2023-07-11 00:00:00-04:00,199.00547668511393,199.98300943465344,198.15763528423116,199.44436645507812,902600,0.0,0.0
2023-07-12 00:00:00-04:00,200.49171574527458,201.97795334624146,197.73870065013492,197.92820739746094,715400,0.0,0.0
2023-07-13 00:00:00-04:00,197.98807587626115,198.81597884848384,196.26243963791816,197.7686309814453,534400,0.0,0.0
2023-07-14 00:00:00-04:00,198.0977883083753,198.0977883083753,194.1378263887723,195.634033203125,687600,0.0,0.0
2023-07-17 00:00:00-04:00,195.85349326996365,199.44438077066417,194.96574443343505,198.80599975585938,516100,0.0,0.0
2023-07-18 00:00:00-04:00,198.65636561844605,200.12264948362915,197.99803098097556,199.105224609375,812600,0.0,0.0
2023-07-19 00:00:00-04:00,198.13768159826836,199.92314837676506,196.98061133567234,199.44436645507812,542000,0.0,0.0
2023-07-20 00:00:00-04:00,200.41188365498053,200.41188365498053,198.49674104518968,199.47425842285156,522000,0.0,0.0
2023-07-21 00:00:00-04:00,200.08272038663154,202.9654112004971,200.08272038663154,200.98045349121094,671500,0.0,0.0
2023-07-24 00:00:00-04:00,202.48666740735794,203.65370696451285,201.0403371127747,203.29461669921875,598700,0.0,0.0
2023-07-25 00:00:00-04:00,202.65622813378542,205.9079788668974,202.40686032608716,204.88058471679688,615200,0.0,0.0
2023-07-26 00:00:00-04:00,204.17239259792518,204.88058866211196,201.06028716838733,202.13754272460938,734100,0.0,0.0
2023-07-27 00:00:00-04:00,202.9654297227224,203.12502876301687,200.35206012375977,201.1201171875,602200,0.0,0.0
2023-07-28 00:00:00-04:00,202.07768730749837,204.09258339866253,199.04538154809921,199.9730224609375,1089400,0.0,0.0
2023-07-31 00:00:00-04:00,200.89069305841969,201.63879645643297,199.5241623885136,201.11013793945312,821500,0.0,0.0
2023-08-01 00:00:00-04:00,200.45181467633859,201.93803699098922,199.15509910058393,201.37945556640625,1094800,0.0,0.0
2023-08-02 00:00:00-04:00,200.1326205994599,201.95799471860315,199.34462504976545,201.80838012695312,1235000,0.0,0.0
2023-08-03 00:00:00-04:00,199.76356173200253,203.69360070008142,193.50941303863326,202.82579040527344,1349600,0.0,0.0
2023-08-04 00:00:00-04:00,203.5439689396814,203.84321334122694,197.6888179149647,199.77352905273438,1009500,0.0,0.0
2023-08-07 00:00:00-04:00,199.81343549939834,201.78842418813866,198.84588723032502,201.60887145996094,552200,0.0,0.0
2023-08-08 00:00:00-04:00,201.77844160393138,203.34447868782965,200.88072361533665,202.18740844726562,630800,0.0,0.0
2023-08-09 00:00:00-04:00,201.987926963324,204.1424685037816,201.55902163398838,202.92555236816406,501600,0.0,0.0
2023-08-10 00:00:00-04:00,203.46416721568164,204.28210088970616,198.3970117903512,199.9231414794922,676000,0.0,0.0
2023-08-11 00:00:00-04:00,199.98301646518982,201.03034910191158,199.12519058106676,199.663818359375,522100,0.0,0.0
2023-08-14 00:00:00-04:00,199.7037180709697,203.09511410402075,198.7960156151121,203.02528381347656,554400,0.0,0.0
2023-08-15 00:00:00-04:00,202.35700511795898,203.61382874258604,201.49917915996144,202.68617248535156,668900,0.0,0.0
2023-08-16 00:00:00-04:00,202.83577612566302,203.77338627570782,200.12265322374768,200.26229858398438,483800,0.0,0.0
2023-08-17 00:00:00-04:00,200.2722729868002,202.00787841186317,199.40447788437027,199.90321350097656,826600,0.0,0.0
2023-08-18 00:00:00-04:00,198.02796017307276,203.1150694853141,196.81104406653978,202.55648803710938,696900,0.0,0.0
2023-08-21 00:00:00-04:00,202.94549911569166,203.74346390765604,200.70118889283555,203.0552215576172,478300,0.0,0.0
2023-08-22 00:00:00-04:00,204.0227564945082,207.1548155142372,203.2547146142092,206.10748291015625,681300,0.0,0.0
2023-08-23 00:00:00-04:00,206.177305183938,208.88045897951073,205.06014224978125,207.723388671875,552400,0.0,0.0
2023-08-24 00:00:00-04:00,207.99269922910275,207.99269922910275,201.0104008175733,201.05029296875,697100,0.0,0.0
2023-08-25 00:00:00-04:00,202.22732970381767,206.23715322974707,202.11760725588206,204.7509307861328,634200,0.0,0.0
2023-08-28 00:00:00-04:00,205.36936401410549,207.35433736748453,204.99032005210242,207.1548309326172,428400,0.0,0.0
2023-08-29 00:00:00-04:00,206.40671937692028,208.11240191891335,205.1399418423197,208.072509765625,406600,0.0,0.0
2023-08-30 00:00:00-04:00,208.62109691041945,210.53625502213774,208.45152863160953,209.10986328125,410400,0.0,0.0
2023-08-31 00:00:00-04:00,209.46894003507333,211.8927876069252,209.29937176718343,209.33926391601562,767100,0.0,0.0
2023-09-01 00:00:00-04:00,210.38662183741673,212.2818262329618,209.46895016786752,211.82298278808594,559800,0.0,0.0
2023-09-05 00:00:00-04:00,211.3342267218712,211.35418040832562,206.1074871658558,208.28196716308594,640800,0.0,0.0
2023-09-06 00:00:00-04:00,208.71087859086182,210.53625270649567,206.98524246273533,208.56124877929688,509200,0.0,0.0
2023-09-07 00:00:00-04:00,207.4440914797523,209.61857144035028,204.91050604983755,208.1722412109375,667500,0.0,0.0
2023-09-08 00:00:00-04:00,208.8804587194466,209.040057772757,205.13994152112875,205.97781372070312,621500,0.0,0.0
2023-09-11 00:00:00-04:00,207.11493098747601,207.47402124844493,203.72353480515014,204.52149963378906,613700,0.0,0.0
2023-09-12 00:00:00-04:00,203.96291593724382,207.49397266822646,203.70357889278995,203.972900390625,478200,0.0,0.0
2023-09-13 00:00:00-04:00,203.3843743519993,205.09005682403588,197.69879147888216,199.8234100341797,826300,0.0,0.0
2023-09-14 00:00:00-04:00,201.24978179533753,203.24472417514136,200.0927267824052,202.2771759033203,568100,0.0,0.0
2023-09-15 00:00:00-04:00,201.05031633820087,201.05031633820087,197.8883340878652,198.73619079589844,1211200,0.0,0.0
2023-09-18 00:00:00-04:00,199.2448616200697,199.83336594397144,196.8708754196639,197.20004272460938,602800,0.0,0.0
2023-09-19 00:00:00-04:00,196.89084144790823,197.9681121806665,193.45953805176032,195.634033203125,787600,0.0,0.0
2023-09-20 00:00:00-04:00,196.3721392273655,197.43944065702576,194.67644132679106,194.75624084472656,472500,0.0,0.0
2023-09-21 00:00:00-04:00,193.67896829246948,193.67896829246948,185.61939970207217,185.99844360351562,1375100,0.0,0.0
2023-09-22 00:00:00-04:00,185.96853801978986,189.12055075034294,185.86878480899648,187.97344970703125,1121900,0.0,0.0
2023-09-25 00:00:00-04:00,187.41485021208598,187.8836628613154,184.18303826807502,187.1056365966797,726000,0.0,0.0
2023-09-26 00:00:00-04:00,185.68925327375237,186.5570483988297,183.7042799885831,184.382568359375,841700,0.0,0.0
2023-09-27 00:00:00-04:00,186.97597489251396,190.0282343537118,185.93861153310007,189.63922119140625,1261800,0.0,0.0
2023-09-28 00:00:00-04:00,189.32999418702812,191.7239340493184,188.14300109808693,188.44224548339844,774700,0.0,0.0
2023-09-29 00:00:00-04:00,189.7395208292585,190.59771008057214,185.80781693897634,186.67599487304688,910900,0.08,0.0
2023-10-02 00:00:00-04:00,186.48638140854607,186.72586615390472,175.11038397787195,176.2679443359375,2088200,0.0,0.0
2023-10-03 00:00:00-04:00,174.84097097107727,176.16815626165925,168.00539267986494,169.0132598876953,2950100,0.0,0.0
2023-10-04 00:00:00-04:00,168.15507849904924,171.5179909540251,163.54481402263343,171.3882598876953,2620500,0.0,0.0
2023-10-05 00:00:00-04:00,169.91136784214737,171.328375096301,167.28690248796124,167.8756561279297,1914200,0.0,0.0
2023-10-06 00:00:00-04:00,167.12725667577953,173.45391521695524,165.41087804652074,172.34625244140625,1648400,0.0,0.0
2023-10-09 00:00:00-04:00,171.2086371056823,173.72331837941303,169.86147445953003,173.52374267578125,1055000,0.0,0.0
2023-10-10 00:00:00-04:00,173.83309109649082,178.4832797032456,173.64348884457263,177.25587463378906,1421800,0.0,0.0
2023-10-11 00:00:00-04:00,177.71488629801698,179.70070025288445,177.21593944543565,178.9423065185547,813500,0.0,0.0
2023-10-12 00:00:00-04:00,180.16971717568367,181.0678154479,176.39768006973517,177.5352783203125,1080100,0.0,0.0
2023-10-13 00:00:00-04:00,178.503242774752,179.1418941796474,171.69759994218307,173.1645050048828,944700,0.0,0.0
2023-10-16 00:00:00-04:00,175.32992349828365,176.49745732308355,173.23435582299524,176.0084991455078,696400,0.0,0.0
2023-10-17 00:00:00-04:00,174.84099320003597,179.55103829933773,174.37198185887917,179.02215576171875,729100,0.0,0.0
2023-10-18 00:00:00-04:00,177.0961983390953,177.11616047680312,171.37827163110785,171.67762756347656,770400,0.0,0.0
2023-10-19 00:00:00-04:00,171.1088434672706,172.80525980622662,168.2548667175821,168.3845977783203,1442300,0.0,0.0
2023-10-20 00:00:00-04:00,168.97335674302508,169.61200815749964,163.54481210666586,164.3531036376953,1908600,0.0,0.0
2023-10-23 00:00:00-04:00,163.86414975555283,166.43870239400266,162.626755945664,165.12149047851562,1261300,0.0,0.0
2023-10-24 00:00:00-04:00,169.39245457214446,173.77320728014308,166.88774688156693,166.89772033691406,1249200,0.0,0.0
2023-10-25 00:00:00-04:00,167.55633805562383,170.29055710134497,167.26694035011408,167.8756561279297,1063900,0.0,0.0
2023-10-26 00:00:00-04:00,168.54423884150637,169.34255684210999,166.02955769558167,166.89772033691406,919900,0.0,0.0
2023-10-27 00:00:00-04:00,167.0174854291119,167.07735662263855,163.494921427881,164.5227508544922,810800,0.0,0.0
2023-10-30 00:00:00-04:00,165.969690861167,167.2370049226997,162.21760072796224,164.4129638671875,1106900,0.0,0.0
2023-10-31 00:00:00-04:00,164.48282024121147,167.32680814750742,163.7044643740863,166.7679901123047,1573500,0.0,0.0
2023-11-01 00:00:00-04:00,163.71443329633777,164.5027778236803,153.41617852517632,159.28378295898438,4262000,0.0,0.0
2023-11-02 00:00:00-04:00,169.64194050867684,174.88088278909188,165.88986542372618,174.71124267578125,3054400,0.0,0.0
2023-11-03 00:00:00-04:00,176.1681526472072,177.6250841948233,167.00749550145716,168.8236541748047,1758100,0.0,0.0
2023-11-06 00:00:00-05:00,168.69393245962013,168.91347029100936,165.02167573818602,168.1051788330078,1114400,0.0,0.0
2023-11-07 00:00:00-05:00,166.66821608924525,167.15717427494383,163.59470155444689,164.7322998046875,1093700,0.0,0.0
2023-11-08 00:00:00-05:00,169.82154884505462,170.65979115634514,166.7679964462571,169.40243530273438,1801900,0.0,0.0
2023-11-09 00:00:00-05:00,171.35829479660885,174.62141121940897,167.7459247404496,169.21282958984375,1670600,0.0,0.0
2023-11-10 00:00:00-05:00,170.94918771364308,174.1025358363933,169.35256673907492,173.70338439941406,1406000,0.0,0.0
2023-11-13 00:00:00-05:00,173.66345298234214,177.16605466183313,173.25431287893034,175.86880493164062,1273900,0.0,0.0
2023-11-14 00:00:00-05:00,179.62087105192927,184.39080185395406,179.19178405765274,182.46487426757812,1520800,0.0,0.0
2023-11-15 00:00:00-05:00,183.7521518718493,186.90549973087056,183.21329595432923,183.33303833007812,1517900,0.0,0.0
2023-11-16 00:00:00-05:00,182.80415625068233,185.08932621035376,181.81623596873746,182.91392517089844,846400,0.0,0.0
2023-11-17 00:00:00-05:00,183.89185328180247,184.80991367589786,181.8262212017503,182.7243194580078,633900,0.0,0.0
2023-11-20 00:00:00-05:00,182.82412704502096,184.66024795497904,181.38715755839266,183.7421875,806300,0.0,0.0
2023-11-21 00:00:00-05:00,183.43283848904903,184.56044808506107,182.68441816816343,182.9738006591797,733500,0.0,0.0
2023-11-22 00:00:00-05:00,183.12349561983407,184.10144255969715,181.8262457912822,183.42286682128906,789600,0.0,0.0
2023-11-24 00:00:00-05:00,183.26317291729828,183.9018242797275,181.61665439394704,182.1954345703125,329300,0.0,0.0
2023-11-27 00:00:00-05:00,181.74640131049554,185.48850303257524,181.06782561369997,185.31886291503906,1191100,0.0,0.0
2023-11-28 00:00:00-05:00,185.03941987319246,186.03731356451524,180.58882253681648,180.95803833007812,1185300,0.0,0.0
2023-11-29 00:00:00-05:00,182.63452912453548,186.03733543981346,182.25532460471607,185.2190704345703,1580400,0.0,0.0
2023-11-30 00:00:00-05:00,186.69592906107707,188.38237185379592,185.78784213782086,187.91336059570312,1889900,0.0,0.0
2023-12-01 00:00:00-05:00,187.41441685251073,192.47374531456435,186.18701184210443,190.14865112304688,1012500,0.0,0.0
2023-12-04 00:00:00-05:00,188.77154356693532,190.22847502362782,187.93331653924054,189.2405548095703,686400,0.0,0.0
2023-12-05 00:00:00-05:00,188.7516120635857,190.51788840811085,186.76581308473595,189.03102111816406,896400,0.0,0.0
2023-12-06 00:00:00-05:00,190.7374267886078,192.75317659640055,189.7794420084073,191.44593811035156,1007300,0.0,0.0
2023-12-07 00:00:00-05:00,191.40598695307685,194.33979684883013,191.40598695307685,193.9705810546875,1266300,0.0,0.0
2023-12-08 00:00:00-05:00,194.58925905311423,199.16958718873803,194.30985005311857,198.83030700683594,1477600,0.0,0.0
2023-12-11 00:00:00-05:00,198.8303143351472,201.34501065444115,198.71057196692095,201.33502197265625,962700,0.0,0.0
2023-12-12 00:00:00-05:00,201.36498040422958,206.14490016673534,201.0755979059771,204.83766174316406,1050500,0.0,0.0
2023-12-13 00:00:00-05:00,204.88753778101733,211.1143846020377,204.88753778101733,209.8370819091797,1481100,0.0,0.0
2023-12-14 00:00:00-05:00,211.9227057798951,216.79243249629894,211.84287244705965,215.34548950195312,1496800,0.0,0.0
2023-12-15 00:00:00-05:00,215.0161572750486,216.5030243732239,212.5413851565494,214.56710815429688,1792700,0.0,0.0
2023-12-18 00:00:00-05:00,214.70681630769354,215.64483884013757,213.50934688981494,214.54714965820312,893500,0.0,0.0
2023-12-19 00:00:00-05:00,215.56500675332674,218.0397789280412,214.54715089029224,217.25144958496094,1537100,0.0,0.0
2023-12-20 00:00:00-05:00,216.15377655886297,218.70838224979275,212.29193242660983,212.4515838623047,1441900,0.0,0.0
2023-12-21 00:00:00-05:00,213.66901376359235,215.27562337697447,210.68532107206195,212.00253295898438,1014800,0.0,0.0
2023-12-22 00:00:00-05:00,213.17005881388397,213.70892996785926,210.49571086249642,213.58917236328125,766500,0.0,0.0
2023-12-26 00:00:00-05:00,213.84862813363347,215.02613541935483,213.62909029618544,214.20787048339844,395000,0.0,0.0
2023-12-27 00:00:00-05:00,214.68688662406498,215.57501155946989,214.0582086133153,215.49517822265625,454100,0.0,0.0
2023-12-28 00:00:00-05:00,216.54295109081275,216.7924245367699,214.8964324381558,216.01406860351562,474200,0.0,0.0
2023-12-29 00:00:00-05:00,215.32522875700528,216.50322583599927,214.17716449056263,215.43504333496094,457100,0.09,0.0
2024-01-02 00:00:00-05:00,213.22876254483535,214.46667088038257,207.9177679088067,208.91607666015625,1068800,0.0,0.0
2024-01-03 00:00:00-05:00,203.6949324124696,205.2223589775205,201.0893456872411,201.39883422851562,1354600,0.0,0.0
2024-01-04 00:00:00-05:00,200.60016743536906,202.4969480123081,199.4021999534611,199.7316436767578,1271700,0.0,0.0
2024-01-05 00:00:00-05:00,199.13264118227133,200.97951840361742,197.79491115617338,198.74330139160156,722000,0.0,0.0
2024-01-08 00:00:00-05:00,198.7433213600684,205.61169090400693,197.70507165864416,205.22235107421875,1071200,0.0,0.0
2024-01-09 00:00:00-05:00,203.2756226100451,204.06429505227666,201.0194503210321,203.75482177734375,597200,0.0,0.0
2024-01-10 00:00:00-05:00,203.42539354231698,203.98444404705836,199.80152763289047,203.2956085205078,696400,0.0,0.0
2024-01-11 00:00:00-05:00,203.5851010152451,203.74483407503652,200.32064229128716,202.12757873535156,743300,0.0,0.0
2024-01-12 00:00:00-05:00,203.3255599137988,203.3255599137988,201.21912764898227,202.11761474609375,525400,0.0,0.0
2024-01-16 00:00:00-05:00,200.61014634435514,201.91792840920348,199.9612517303868,201.02943420410156,589900,0.0,0.0
2024-01-17 00:00:00-05:00,198.7233416845442,200.68003357985674,198.64347515483934,199.8214874267578,400900,0.0,0.0
2024-01-18 00:00:00-05:00,200.92964063963097,203.15586526650472,199.72168014364095,201.5685577392578,455500,0.0,0.0
2024-01-19 00:00:00-05:00,202.6566898218152,203.08595530123122,199.0727648252174,202.087646484375,617900,0.0,0.0
2024-01-22 00:00:00-05:00,202.8862837805847,204.16411776687968,201.8680198194008,203.11590576171875,668400,0.0,0.0
2024-01-23 00:00:00-05:00,204.11422062050087,204.11422062050087,186.95329019119472,195.22926330566406,3326300,0.0,0.0
2024-01-24 00:00:00-05:00,195.94803592539733,196.55700485883455,192.29422232477418,192.95310974121094,1200200,0.0,0.0
2024-01-25 00:00:00-05:00,195.35906839965133,198.33402461562505,193.17276950135076,197.65518188476562,1067500,0.0,0.0
2024-01-26 00:00:00-05:00,198.06444146519502,198.3140186420579,194.0911770747728,195.96800231933594,870500,0.0,0.0
2024-01-29 00:00:00-05:00,195.6685102757175,197.29575837348312,194.5703645840384,196.72671508789062,1013800,0.0,0.0
2024-01-30 00:00:00-05:00,195.87817789583747,197.235878483868,194.15109269046408,196.91641235351562,1297100,0.0,0.0
2024-01-31 00:00:00-05:00,197.1260535281614,197.37563071699162,193.19271459492015,193.72181701660156,1195100,0.0,0.0
2024-02-01 00:00:00-05:00,195.30912874439025,201.02943377785033,195.24923265497964,199.9213104248047,1134300,0.0,0.0
2024-02-02 00:00:00-05:00,198.3938983957782,205.7414515818854,197.12605722052044,204.15414428710938,1131700,0.0,0.0
2024-02-05 00:00:00-05:00,202.04772696013268,203.72489374445297,200.1709014529844,201.8480682373047,924100,0.0,0.0
2024-02-06 00:00:00-05:00,201.7981566152112,205.94113237856132,199.89138299640356,205.76144409179688,1010100,0.0,0.0
2024-02-07 00:00:00-05:00,207.23889470549935,210.5832348683039,205.85124625309902,208.5466766357422,1020300,0.0,0.0
2024-02-08 00:00:00-05:00,208.4768297749617,211.42183770592405,206.71981176035982,207.4186248779297,751500,0.0,0.0
2024-02-09 00:00:00-05:00,207.64823694573235,210.64316344014193,206.08088476849238,209.75466918945312,684200,0.0,0.0
2024-02-12 00:00:00-05:00,209.0159172978351,211.76126661232178,209.0159172978351,211.24215698242188,724100,0.0,0.0
2024-02-13 00:00:00-05:00,207.3187714108227,208.64652384506735,205.47190940652894,206.49017333984375,725100,0.0,0.0
2024-02-14 00:00:00-05:00,208.48681879095088,212.58986881731977,207.59832451433982,212.2803955078125,943500,0.0,0.0
2024-02-15 00:00:00-05:00,213.54825780692576,214.1272787897041,210.39359806612703,213.697998046875,684500,0.0,0.0
2024-02-16 00:00:00-05:00,213.6780064305532,213.7578729616071,210.65313201943485,211.08241271972656,712500,0.0,0.0
2024-02-20 00:00:00-05:00,208.12742308027998,209.00593973564864,206.26059042060564,208.84620666503906,968800,0.0,0.0
2024-02-21 00:00:00-05:00,207.51845228431094,211.71136157017003,206.23064059198606,210.86279296875,1116100,0.0,0.0
2024-02-22 00:00:00-05:00,221.82420758797986,235.59089417718488,220.69612902643954,232.5360565185547,2317000,0.0,0.0
2024-02-23 00:00:00-05:00,235.11170758487927,236.90866652941565,230.32981498120847,233.9936065673828,1515100,0.0,0.0
2024-02-26 00:00:00-05:00,233.98362198851314,238.5958037811932,232.82558012177626,235.24148559570312,1315700,0.0,0.0
2024-02-27 00:00:00-05:00,238.61576782502905,240.66230386174186,235.79055216193504,239.1648406982422,1200100,0.0,0.0
2024-02-28 00:00:00-05:00,239.5042591698742,239.5042591698742,236.1100002332963,238.22642517089844,723000,0.0,0.0
2024-02-29 00:00:00-05:00,239.40441021558323,241.74044894992522,236.4494249532486,241.10153198242188,1712700,0.0,0.0
2024-03-01 00:00:00-05:00,239.51424423083213,242.12980839876676,238.57583152640217,240.48260498046875,845900,0.0,0.0
2024-03-04 00:00:00-05:00,241.8602690792848,244.9949579961805,240.15315438638132,242.92845153808594,806300,0.0,0.0
2024-03-05 00:00:00-05:00,241.4010505642723,243.53743080530373,238.73556787333476,239.3046112060547,1122900,0.0,0.0
2024-03-06 00:00:00-05:00,240.56248459094468,243.1680712964657,240.16316714449056,241.39108276367188,688000,0.0,0.0
2024-03-07 00:00:00-05:00,243.08817883560056,245.00492979353322,242.0798924893964,243.90679931640625,851800,0.0,0.0
2024-03-08 00:00:00-05:00,243.0981641831963,244.765338008575,240.10323785983704,241.65061950683594,802000,0.0,0.0
2024-03-11 00:00:00-04:00,240.37277564042574,241.73047612734422,236.16990440273963,238.7355499267578,843100,0.0,0.0
2024-03-12 00:00:00-04:00,239.20477903500642,242.0998685448115,237.41781293428915,241.3611297607422,777200,0.0,0.0
2024-03-13 00:00:00-04:00,241.09156153573718,242.61897269452996,240.10323039587846,241.42100524902344,484600,0.0,0.0
2024-03-14 00:00:00-04:00,243.9267507746011,245.0149036314514,239.4144062949147,241.95010375976562,714800,0.0,0.0
2024-03-15 00:00:00-04:00,239.6640019961791,243.57737068166566,239.6640019961791,242.33946228027344,1007800,0.0,0.0
2024-03-18 00:00:00-04:00,244.58564917789917,246.54234107383488,242.26956551466847,243.3976593017578,527600,0.0,0.0
2024-03-19 00:00:00-04:00,242.94842276605462,246.28277040042266,242.19969118889506,245.97329711914062,583400,0.0,0.0
2024-03-20 00:00:00-04:00,245.5839544390198,249.9565516730983,245.25451072096075,249.0880126953125,822400,0.0,0.0
2024-03-21 00:00:00-04:00,251.82339294818868,256.0163020637424,250.71526957901807,255.8665313720703,973900,0.0,0.0
2024-03-22 00:00:00-04:00,256.15606297440814,257.0844828887584,254.77840712624374,255.48719787597656,910500,0.0,0.0
2024-03-25 00:00:00-04:00,255.06789295488062,256.0761945704651,252.7218612317697,255.10781860351562,693100,0.0,0.0
2024-03-26 00:00:00-04:00,256.60530370132705,260.1592806089308,255.57704685108155,258.7416687011719,1093200,0.0,0.0
2024-03-27 00:00:00-04:00,261.4969980765826,261.5668870013591,257.96297654861996,259.3106994628906,626400,0.0,0.0
2024-03-28 00:00:00-04:00,259.2508268712163,260.89803037529634,258.62188742315686,259.3606262207031,745700,0.0,0.0
2024-04-01 00:00:00-04:00,259.42049407324595,259.9296412788137,256.5952937492924,258.821533203125,810000,0.0,0.0
2024-04-02 00:00:00-04:00,256.49546826070036,256.49546826070036,252.26264877061004,255.66688537597656,916900,0.0,0.0
2024-04-03 00:00:00-04:00,254.84825109071556,262.66499503284814,254.84825109071556,261.8464050292969,862200,0.0,0.0
2024-04-04 00:00:00-04:00,264.50191997507363,265.37044372771726,256.44556091440353,257.8531799316406,969100,0.0,0.0
2024-04-05 00:00:00-04:00,259.05110521960097,264.55179570198425,259.05110521960097,262.7548522949219,652100,0.0,0.0
2024-04-08 00:00:00-04:00,263.5937578152755,264.0331663836191,260.37810264315465,261.9060363769531,534600,0.09,0.0
2024-04-09 00:00:00-04:00,262.83479979079465,263.1643410113978,253.30766649299684,256.053955078125,1026800,0.0,0.0
2024-04-10 00:00:00-04:00,250.31167410858927,256.69306370834073,248.97348645726498,253.95675659179688,749900,0.0,0.0
2024-04-11 00:00:00-04:00,253.84690891025053,257.8814644444943,251.60992686957115,257.6517639160156,617500,0.0,0.0
2024-04-12 00:00:00-04:00,255.64448556838406,257.5219376953977,252.59859922744468,254.3462371826172,632500,0.0,0.0
2024-04-15 00:00:00-04:00,258.36079949088685,259.3594497480252,247.93490360644458,248.55406188964844,794700,0.0,0.0
2024-04-16 00:00:00-04:00,247.4156059019712,249.7424628738505,244.96891577318283,248.35433959960938,756300,0.0,0.0
2024-04-17 00:00:00-04:00,248.7338395669185,249.92222063354166,242.69200215493169,245.62803649902344,911900,0.0,0.0
2024-04-18 00:00:00-04:00,246.58673581638075,251.27040826726883,244.14004557376308,245.34840393066406,1114500,0.0,0.0
2024-04-19 00:00:00-04:00,246.32709137049164,247.87500241276143,242.2825545304301,242.93167114257812,1134700,0.0,0.0
2024-04-22 00:00:00-04:00,245.69792825409493,248.1546146585465,243.27121537731418,245.2285614013672,739800,0.0,0.0
2024-04-23 00:00:00-04:00,247.7851071046376,252.19913959394643,245.96757148583714,251.6099395751953,816900,0.0,0.0
2024-04-24 00:00:00-04:00,253.5073658967864,259.0598587137332,251.29036117661082,252.8382568359375,1027700,0.0,0.0
2024-04-25 00:00:00-04:00,250.94083956837667,255.914128903142,247.4056243041136,254.84556579589844,604200,0.0,0.0
2024-04-26 00:00:00-04:00,255.98403081556717,262.5551671855941,254.8555662819971,261.3068542480469,1179900,0.0,0.0
2024-04-29 00:00:00-04:00,263.6137056498975,265.351347318864,260.9772543818508,261.98590087890625,884700,0.0,0.0
2024-04-30 00:00:00-04:00,260.54783639360505,264.5324714967375,257.292257399212,258.21099853515625,1066500,0.0,0.0
2024-05-01 00:00:00-04:00,257.6517788429903,260.38807092787073,252.5686524446887,255.6644744873047,1184200,0.0,0.0
2024-05-02 00:00:00-04:00,244.66931990081187,257.4620276175147,244.66931990081187,254.65582275390625,1442600,0.0,0.0
2024-05-03 00:00:00-04:00,257.1125344418937,257.5219847805642,250.95086303907235,255.9840545654297,970800,0.0,0.0
2024-05-06 00:00:00-04:00,259.5092278559708,270.055002067715,259.1197701234212,269.13623046875,1382100,0.0,0.0
2024-05-07 00:00:00-04:00,270.25471745818993,271.59290509482344,266.4498625609446,266.519775390625,1116600,0.0,0.0
2024-05-08 00:00:00-04:00,265.4811695270304,266.62961117912687,263.5238236388076,264.6223449707031,977800,0.0,0.0
2024-05-09 00:00:00-04:00,266.0703861248567,271.5430006171564,264.6323272871194,269.80535888671875,1013300,0.0,0.0
2024-05-10 00:00:00-04:00,272.1721839112086,272.5017251279805,267.44855662820464,271.1136169433594,949800,0.0,0.0
2024-05-13 00:00:00-04:00,271.6328554625926,272.6315056664992,264.79209547055535,265.07171630859375,743400,0.0,0.0
2024-05-14 00:00:00-04:00,265.8207484801361,267.7581326382912,259.79888796111726,263.0045471191406,1041800,0.0,0.0
2024-05-15 00:00:00-04:00,265.151687455095,271.17354837511874,265.1416911982727,270.424560546875,803200,0.0,0.0
2024-05-16 00:00:00-04:00,269.3559588696995,270.794017733055,263.3840191322541,263.46392822265625,701800,0.0,0.0
2024-05-17 00:00:00-04:00,266.4798611975128,266.4798611975128,262.37542280357223,264.04315185546875,795500,0.0,0.0
2024-05-20 00:00:00-04:00,264.0430967736787,268.20748135939806,264.0430967736787,267.2987060546875,657200,0.0,0.0
2024-05-21 00:00:00-04:00,265.92059906807106,272.31195485441276,265.92059906807106,271.68280029296875,751200,0.0,0.0
2024-05-22 00:00:00-04:00,272.5915752568359,273.7600095084549,268.08768316244056,270.7341003417969,588400,0.0,0.0
2024-05-23 00:00:00-04:00,275.4177737935579,280.7006119188213,272.75136409240395,276.1767272949219,2084200,0.0,0.0
2024-05-24 00:00:00-04:00,277.62479087334566,285.58403519765506,277.62479087334566,283.0474548339844,1165800,0.0,0.0
2024-05-28 00:00:00-04:00,286.48279511469826,286.48279511469826,278.36376362737656,279.2625732421875,1251300,0.0,0.0
2024-05-29 00:00:00-04:00,275.87713842346085,281.4196352582459,275.87713842346085,277.5948181152344,877200,0.0,0.0
2024-05-30 00:00:00-04:00,277.75461091738464,280.990228114832,276.63612746524916,279.3824157714844,632100,0.0,0.0
2024-05-31 00:00:00-04:00,280.72060511748543,283.9362602990152,269.2460924591223,275.56756591796875,1867900,0.0,0.0
2024-06-03 00:00:00-04:00,277.89442077957256,279.0229005466517,264.6623036965176,271.6029357910156,1046600,0.0,0.0
2024-06-04 00:00:00-04:00,270.6242401239402,271.6029284078092,265.04178849932896,269.6555480957031,1258800,0.0,0.0
2024-06-05 00:00:00-04:00,270.08497228754567,276.09683582070113,269.7554006382879,275.55755615234375,772500,0.0,0.0
2024-06-06 00:00:00-04:00,275.29794111898514,278.0442294390808,266.1902247990833,266.91925048828125,809200,0.0,0.0
2024-06-07 00:00:00-04:00,266.6196743512459,270.71411629666443,265.0617822846286,268.9565124511719,502400,0.0,0.0
2024-06-10 00:00:00-04:00,268.6369524181109,271.93248648398486,266.63965165663797,271.2034912109375,594500,0.0,0.0
2024-06-11 00:00:00-04:00,269.8652899147082,271.6328900290589,266.6496346298675,271.1934814453125,667600,0.0,0.0
2024-06-12 00:00:00-04:00,275.1581032809613,281.21991763741346,274.66877440891784,276.4164123535156,683100,0.0,0.0
2024-06-13 00:00:00-04:00,275.8671065582369,277.62474056751006,272.6414860917807,276.3265075683594,481700,0.0,0.0
2024-06-14 00:00:00-04:00,273.26071057048824,274.2493647022565,268.74679131141124,272.9211730957031,762000,0.0,0.0
2024-06-17 00:00:00-04:00,272.53166964732884,278.44369302541304,271.75272360702485,276.2066955566406,642700,0.0,0.0
2024-06-18 00:00:00-04:00,276.2067053062363,282.29847864486777,275.98700100627286,280.82049560546875,740000,0.0,0.0
2024-06-20 00:00:00-04:00,280.8204722566609,282.58807228913344,271.69279402556145,273.6002197265625,948200,0.0,0.0
2024-06-21 00:00:00-04:00,272.7214125388907,274.1395094044996,265.7508223259373,273.63018798828125,1388300,0.0,0.0
2024-06-24 00:00:00-04:00,273.2806595346613,276.6960571081844,270.634242228078,273.8598937988281,826900,0.0,0.0
2024-06-25 00:00:00-04:00,272.991050814583,273.2407134073574,268.38728723249045,272.6015930175781,702000,0.0,0.0
2024-06-26 00:00:00-04:00,270.564305549621,270.81396811270366,264.44257462661193,266.210205078125,948100,0.0,0.0
2024-06-27 00:00:00-04:00,267.1189704256061,267.578340991025,264.5024812626718,266.69952392578125,652500,0.0,0.0
2024-06-28 00:00:00-04:00,266.03045622495773,267.26877278949047,251.23045212224295,253.74703979492188,2163600,0.0,0.0
2024-07-01 00:00:00-04:00,255.7051093421185,256.02478274395105,245.90486581063342,247.36341857910156,1352000,0.09,0.0
2024-07-02 00:00:00-04:00,247.36342002384023,249.45133505434615,244.92584744080648,247.5332489013672,1011500,0.0,0.0
2024-07-03 00:00:00-04:00,248.7820055581476,254.83596834855246,247.7830013948836,254.34646606445312,601400,0.0,0.0
2024-07-05 00:00:00-04:00,253.37742934745737,254.53626258503888,248.4323465729031,252.2785186767578,637900,0.0,0.0
2024-07-08 00:00:00-04:00,253.95685376541547,256.73406886215446,252.39839447399117,254.40640258789062,553400,0.0,0.0
2024-07-09 00:00:00-04:00,254.40639471190934,256.72409160412667,253.74704832944133,254.5362548828125,648300,0.0,0.0
2024-07-10 00:00:00-04:00,254.5362551527451,258.0727230598901,251.66911818235712,257.6131896972656,562200,0.0,0.0
2024-07-11 00:00:00-04:00,260.2905317410069,264.9958634670197,260.2905317410069,263.8769836425781,838400,0.0,0.0
2024-07-12 00:00:00-04:00,267.32351110693224,271.10974529064384,264.73609407238524,268.54229736328125,751300,0.0,0.0
2024-07-15 00:00:00-04:00,266.5143341037445,266.6342097274766,256.61419901469026,256.98382568359375,1263500,0.0,0.0
2024-07-16 00:00:00-04:00,259.32147666521877,261.6591731402415,253.0277628892891,259.1116943359375,1317000,0.0,0.0
2024-07-17 00:00:00-04:00,256.52428074778123,259.011791289796,243.96680668859196,244.69607543945312,1764600,0.0,0.0
2024-07-18 00:00:00-04:00,262.6582154446344,265.36550847334354,254.74608823109295,264.4464111328125,2218200,0.0,0.0
2024-07-19 00:00:00-04:00,266.5642429285762,266.5642429285762,256.9937973399568,258.302490234375,1122200,0.0,0.0
2024-07-22 00:00:00-04:00,261.6791469778034,267.54329640405643,260.65017393266925,267.4433898925781,796900,0.0,0.0
2024-07-23 00:00:00-04:00,267.23360585979987,269.9309292166239,262.5882427338799,264.1966247558594,958300,0.0,0.0
2024-07-24 00:00:00-04:00,260.84996392619433,261.9488746095001,250.4903108155079,251.66912841796875,841900,0.0,0.0
2024-07-25 00:00:00-04:00,253.24755734265375,254.18662370234708,245.93483949417748,248.56222534179688,1074700,0.0,0.0
2024-07-26 00:00:00-04:00,254.09670007020088,258.891907576798,253.4972915100798,256.4743347167969,642300,0.0,0.0
2024-07-29 00:00:00-04:00,257.3434896917086,261.369475424414,253.9069127823752,255.96485900878906,722800,0.0,0.0
2024-07-30 00:00:00-04:00,256.74405765396244,260.97982534729556,249.56121562536893,251.3494415283203,941900,0.0,0.0
2024-07-31 00:00:00-04:00,259.6411690121421,270.5203386938691,257.7930052619432,265.11572265625,1427000,0.0,0.0
2024-08-01 00:00:00-04:00,260.75009068471314,265.8350183006372,249.6012003814264,254.62619018554688,1718100,0.0,0.0
2024-08-02 00:00:00-04:00,247.43336265684022,248.17263128156844,239.80097087882737,240.6800994873047,1787600,0.0,0.0
2024-08-05 00:00:00-04:00,229.77095384627142,242.32844329296864,226.8838324707294,239.34141540527344,1641900,0.0,0.0
2024-08-06 00:00:00-04:00,242.7779843719213,251.99878808806753,239.77097222892527,247.78298950195312,1035300,0.0,0.0
2024-08-07 00:00:00-04:00,254.70610651894242,257.0637569386789,247.80298413715363,248.25253295898438,1349500,0.0,0.0
2024-08-08 00:00:00-04:00,253.23758785786958,263.00783276833374,249.1216800628783,262.5382995605469,1195400,0.0,0.0
2024-08-09 00:00:00-04:00,262.58824454596606,264.73609735156975,256.16465523658684,259.3614501953125,802300,0.0,0.0
2024-08-12 00:00:00-04:00,260.58022746723657,262.29851574981325,257.2934954206131,259.7810363769531,652000,0.0,0.0
2024-08-13 00:00:00-04:00,262.46835867683086,263.9668648297337,256.12467653210496,261.73907470703125,699400,0.0,0.0
2024-08-14 00:00:00-04:00,262.77807710627286,264.10673929713283,259.98084701348944,263.2076416015625,776400,0.0,0.0
2024-08-15 00:00:00-04:00,266.6442141513886,270.40047969183587,264.935925509191,267.6731872558594,584600,0.0,0.0
2024-08-16 00:00:00-04:00,267.6532214682763,269.721137013568,263.3674848691906,265.625244140625,544100,0.0,0.0
2024-08-19 00:00:00-04:00,265.67518554956206,268.06278978960665,262.63820417470356,267.8330383300781,514300,0.0,0.0
2024-08-20 00:00:00-04:00,267.7930248258057,269.2615620076867,263.96685270549506,266.5942077636719,456500,0.0,0.0
2024-08-21 00:00:00-04:00,266.3645043051226,272.2686229979573,265.0058426909132,269.0917663574219,900500,0.0,0.0
2024-08-22 00:00:00-04:00,269.3914582188349,270.7301200988688,265.6152238148031,267.5332946777344,534300,0.0,0.0
2024-08-23 00:00:00-04:00,269.271589758445,274.136735138532,266.66417304813075,272.8979797363281,504100,0.0,0.0
2024-08-26 00:00:00-04:00,273.0078406480923,276.03482186734453,270.1007350435138,270.7401123046875,391800,0.0,0.0
2024-08-27 00:00:00-04:00,269.5912571803043,271.76910949365976,265.7351156250099,270.09075927734375,448600,0.0,0.0
2024-08-28 00:00:00-04:00,270.090749316391,271.19965978426006,266.69414127922715,267.2336120605469,649900,0.0,0.0
2024-08-29 00:00:00-04:00,268.7321135233691,276.044831141376,266.2046342699416,270.7800598144531,593400,0.0,0.0
2024-08-30 00:00:00-04:00,271.6392536279597,275.39551942404063,270.19068524737577,274.8560485839844,682700,0.0,0.0
2024-09-03 00:00:00-04:00,270.6202490422525,272.3185378062888,255.505296119206,257.3434753417969,1250000,0.0,0.0
2024-09-04 00:00:00-04:00,255.6551564991057,257.4134135646048,253.39739735701588,255.41539001464844,684200,0.0,0.0
2024-09-05 00:00:00-04:00,254.66614728128977,254.8759448691915,249.90089300815168,251.13966369628906,808000,0.0,0.0
2024-09-06 00:00:00-04:00,251.86890989236989,254.60618662578233,246.83393591399462,247.673095703125,594400,0.0,0.0
2024-09-09 00:00:00-04:00,251.23955797546333,252.26853102557862,247.8129658306029,249.81097412109375,682800,0.0,0.0
2024-09-10 00:00:00-04:00,250.1606475954756,251.15965180432113,246.66413286451618,249.78102111816406,682600,0.0,0.0
2024-09-11 00:00:00-04:00,251.70912613079898,263.9469133675149,250.25057316882058,262.8280334472656,867600,0.0,0.0
2024-09-12 00:00:00-04:00,264.666152971625,270.1007377982861,263.1077089906016,268.23260498046875,674000,0.0,0.0
2024-09-13 00:00:00-04:00,270.1807039454948,272.4284634442521,267.8929757414578,269.2716064453125,476600,0.0,0.0
2024-09-16 00:00:00-04:00,270.38046396810563,272.47837875624185,267.1337005182146,271.26959228515625,401400,0.0,0.0
2024-09-17 00:00:00-04:00,273.80706115973373,275.49538071790846,270.1207636636599,273.6472473144531,365900,0.0,0.0
2024-09-18 00:00:00-04:00,273.777101713337,279.19171814679396,271.6891864954336,271.7890930175781,632400,0.0,0.0
2024-09-19 00:00:00-04:00,281.1996835052384,291.41947588053785,277.253605136949,289.44146728515625,1043500,0.0,0.0
2024-09-20 00:00:00-04:00,286.6842018738386,293.5073863215158,281.3195548456173,290.6003112792969,1349700,0.0,0.0
2024-09-23 00:00:00-04:00,293.11779069146485,297.89302897307743,290.87003151207676,295.8350830078125,858900,0.0,0.0
2024-09-24 00:00:00-04:00,295.75514130474266,298.192713662782,294.1667284995521,297.9429626464844,686700,0.0,0.0
2024-09-25 00:00:00-04:00,298.72219102856747,301.9389854072173,296.5343696397276,297.6432800292969,997200,0.0,0.0
2024-09-26 00:00:00-04:00,301.09987025055227,306.19479794511943,294.55640470793867,296.06488037109375,754300,0.0,0.0
2024-09-27 00:00:00-04:00,297.70324353920824,300.99994511506924,294.90604404982236,296.4444885253906,818700,0.0,0.0
2024-09-30 00:00:00-04:00,296.44445846185687,299.00190644627446,294.7062011331065,297.8530578613281,677200,0.0,0.0
2024-10-01 00:00:00-04:00,297.79311029437685,298.49263651040326,292.4068377215901,295.8444519042969,603600,0.09,0.0
2024-10-02 00:00:00-04:00,294.8351786253345,299.39201043045006,293.20630536453734,298.8823547363281,545100,0.0,0.0
2024-10-03 00:00:00-04:00,298.7524493768702,300.3613475511721,294.97507472396046,298.1928405761719,785500,0.0,0.0
2024-10-04 00:00:00-04:00,304.78828055927863,306.24725854362123,300.79105720768155,305.5077819824219,619600,0.0,0.0
2024-10-07 00:00:00-04:00,301.1408118591823,308.09597175586146,301.1408118591823,307.2965393066406,812600,0.0,0.0
2024-10-08 00:00:00-04:00,309.3950383416178,312.3030217310755,308.03599716110506,308.4557189941406,788100,0.0,0.0
2024-10-09 00:00:00-04:00,308.885409626583,311.1238447202166,305.1180074777122,307.39642333984375,582100,0.0,0.0
2024-10-10 00:00:00-04:00,304.96814487967407,307.78619463016264,301.660445032938,306.7768859863281,594600,0.0,0.0
2024-10-11 00:00:00-04:00,306.1373242076856,309.844740020523,303.23934361685656,309.2052001953125,375100,0.0,0.0
2024-10-14 00:00:00-04:00,310.21449314911,313.342325192356,309.20521502548746,310.7641296386719,387400,0.0,0.0
2024-10-15 00:00:00-04:00,310.8440685715366,312.12317881215273,303.85893058921164,305.3279113769531,618500,0.0,0.0
2024-10-16 00:00:00-04:00,307.1465931787952,313.5421742196778,306.15729026930694,312.00323486328125,491200,0.0,0.0
2024-10-17 00:00:00-04:00,315.98051129747313,316.06044234436024,311.43365153569005,312.9226379394531,625000,0.0,0.0
2024-10-18 00:00:00-04:00,313.8819539417671,314.49151583385185,310.4143616394108,314.05181884765625,449200,0.0,0.0
2024-10-21 00:00:00-04:00,314.35161864218867,317.6892962040319,313.54218342042026,317.41949462890625,515300,0.0,0.0
2024-10-22 00:00:00-04:00,314.6414187410791,315.6807053424289,310.45435537344747,312.75274658203125,497400,0.0,0.0
2024-10-23 00:00:00-04:00,312.942579314058,314.7712953420882,305.07804826807217,306.4171142578125,940200,0.0,0.0
2024-10-24 00:00:00-04:00,308.6155901603391,310.7541191646292,306.71691528043925,309.6548767089844,562700,0.0,0.0
2024-10-25 00:00:00-04:00,310.72412053105796,310.9139910560504,306.16728892401886,307.9560546875,671400,0.0,0.0
2024-10-28 00:00:00-04:00,310.50430455696124,315.08111177862264,309.6848664682065,313.1424560546875,767700,0.0,0.0
2024-10-29 00:00:00-04:00,311.7834024018755,313.81199190918585,309.55493954062246,313.21240234375,578300,0.0,0.0
2024-10-30 00:00:00-04:00,311.12385855567044,315.6607153456308,310.74411747902985,311.4136657714844,923000,0.0,0.0
2024-10-31 00:00:00-04:00,298.93233174425865,307.10664532479393,293.0564091521156,301.42059326171875,1423200,0.0,0.0
2024-11-01 00:00:00-04:00,305.3078933535681,309.3551000925717,301.48056560416,303.289306640625,913100,0.0,0.0
2024-11-04 00:00:00-05:00,304.54843110197567,308.46569257651345,301.3506404932012,304.1087341308594,713400,0.0,0.0
2024-11-05 00:00:00-05:00,307.42647579805026,315.7506803664422,306.3771863254056,314.401611328125,839100,0.0,0.0
2024-11-06 00:00:00-05:00,309.7848099401568,311.9732921662197,297.87307092662513,310.604248046875,2547000,0.0,0.0
2024-11-07 00:00:00-05:00,311.93329275443386,320.76715217949544,311.1438326501888,320.6372375488281,1075200,0.0,0.0
2024-11-08 00:00:00-05:00,319.757880357976,333.00865450751303,318.96842023823217,330.750244140625,1305500,0.0,0.0
2024-11-11 00:00:00-05:00,334.76743178600725,334.76743178600725,326.8828946498538,329.46112060546875,1055400,0.0,0.0
2024-11-12 00:00:00-05:00,328.9214853559021,331.0899922771482,322.4259979050175,327.04278564453125,606500,0.0,0.0
2024-11-13 00:00:00-05:00,328.80157748595553,333.5782578641723,324.8842854348142,326.653076171875,941800,0.0,0.0
2024-11-14 00:00:00-05:00,326.8529352730068,328.1520511411586,322.6358634787418,323.6451721191406,779400,0.0,0.0
2024-11-15 00:00:00-05:00,320.1475931663119,325.0641911038276,319.7778549010054,323.10552978515625,902000,0.0,0.0
2024-11-18 00:00:00-05:00,323.0855714270721,331.8194947837983,321.48667597025144,328.1820373535156,912800,0.0,0.0
2024-11-19 00:00:00-05:00,324.5945002866118,332.5789434518789,322.81573727556383,330.55035400390625,823500,0.0,0.0
2024-11-20 00:00:00-05:00,332.04932753942205,332.7888040670874,327.3825560696496,332.1092834472656,750500,0.0,0.0
2024-11-21 00:00:00-05:00,335.68679945914937,342.04236936249595,334.46764522973876,339.7739562988281,988400,0.0,0.0
2024-11-22 00:00:00-05:00,340.52344933396296,343.4614107839773,337.70539969882384,341.6826477050781,853400,0.0,0.0
2024-11-25 00:00:00-05:00,343.07165919038044,344.21088239891526,336.81599535270146,342.68194580078125,1231500,0.0,0.0
2024-11-26 00:00:00-05:00,345.9196780354292,349.9468789409916,341.422802213002,346.359375,851400,0.0,0.0
2024-11-27 00:00:00-05:00,347.69845603593916,348.78769567814794,340.513445027633,343.70123291015625,534400,0.0,0.0
2024-11-29 00:00:00-05:00,347.0289137000477,348.25807081102334,343.7511919005056,344.28082275390625,370800,0.0,0.0
2024-12-02 00:00:00-05:00,344.76047537996317,346.95896017514525,341.5327069071255,342.0923156738281,650800,0.0,0.0
2024-12-03 00:00:00-05:00,341.91245034845196,343.24154405093896,338.29496847545363,339.5041198730469,785600,0.0,0.0
2024-12-04 00:00:00-05:00,339.0144909790402,339.0144909790402,329.78091519139707,333.4283752441406,1179300,0.0,0.0
2024-12-05 00:00:00-05:00,333.2485014268004,338.8545921963942,329.90082097523356,334.7374572753906,1172700,0.0,0.0
2024-12-06 00:00:00-05:00,336.5761802405832,336.885962595358,330.28056597055,332.23919677734375,1081100,0.0,0.0
2024-12-09 00:00:00-05:00,333.6981548948967,335.3570060652451,320.7671363169242,321.7564697265625,1032400,0.0,0.0
2024-12-10 00:00:00-05:00,322.4160360942537,324.554534635819,316.8099147304015,319.67791748046875,923700,0.0,0.0
2024-12-11 00:00:00-05:00,326.48317050063395,334.05792510461566,322.90566936191016,334.0179443359375,1268100,0.0,0.0
2024-12-12 00:00:00-05:00,331.85944288450577,336.5861700610851,331.85944288450577,335.8666687011719,977000,0.0,0.0
2024-12-13 00:00:00-05:00,336.59614614964823,340.7632645925501,334.55758435406256,337.3656311035156,1121200,0.0,0.0
2024-12-16 00:00:00-05:00,337.3656452131016,343.2015874434181,336.3463337762866,342.2622375488281,1133500,0.0,0.0
2024-12-17 00:00:00-05:00,339.7639398200567,341.43279376640794,332.7388219312799,336.1964111328125,1136200,0.0,0.0
2024-12-18 00:00:00-05:00,338.9145339535446,338.9145339535446,319.40809698345834,320.39739990234375,1318700,0.0,0.0
2024-12-19 00:00:00-05:00,324.6744523364493,328.4518270873139,318.98839982441007,322.3660583496094,1022400,0.0,0.0
2024-12-20 00:00:00-05:00,319.35814963360076,330.6903047920056,319.09835085054834,328.1820373535156,2080900,0.0,0.0
2024-12-23 00:00:00-05:00,327.11272919333544,328.20196876346756,323.3153796736749,327.1527099609375,595300,0.0,0.0
2024-12-24 00:00:00-05:00,329.5810469725477,330.5803527832031,327.0528044914453,330.5803527832031,1196900,0.0,0.0
2024-12-26 00:00:00-05:00,329.9408031085256,331.1399517478079,326.4831831491006,330.3904724121094,294500,0.0,0.0
2024-12-27 00:00:00-05:00,327.92218108281054,329.1613409704584,320.1675890745608,322.9156799316406,582000,0.0,0.0
2024-12-30 00:00:00-05:00,318.8984623934942,322.17618420151257,313.60215384579146,318.7585754394531,1084600,0.0,0.0
2024-12-31 00:00:00-05:00,318.69863028698234,319.8278202634565,315.5008394167221,315.8305969238281,691900,0.0,0.0
2025-01-02 00:00:00-05:00,318.4196275024042,320.43885313195847,311.95207139211465,315.3807678222656,1054500,0.1,0.0
2025-01-03 00:00:00-05:00,318.0797437800647,327.086317572456,316.9801534402154,326.3965759277344,693200,0.0,0.0
2025-01-06 00:00:00-05:00,330.49503462555725,332.70419079655454,327.65611168717015,327.9360046386719,863500,0.0,0.0
2025-01-07 00:00:00-05:00,328.4458161341323,331.09480839964493,316.26042120673105,319.6891174316406,911900,0.0,0.0
2025-01-08 00:00:00-05:00,317.44996599369125,319.4392040125863,307.4437400075893,312.0820007324219,1165800,0.0,0.0
2025-01-10 00:00:00-05:00,309.1931042367891,314.52110702574436,307.28382239639416,313.3615417480469,825600,0.0,0.0
2025-01-13 00:00:00-05:00,308.5833280527842,315.34075212613044,307.1838328277668,314.1112365722656,798100,0.0,0.0
2025-01-14 00:00:00-05:00,318.0097594791622,323.8375424583121,315.8105788232321,319.76910400390625,1087800,0.0,0.0
2025-01-15 00:00:00-05:00,327.6061380420912,331.6646010331009,326.14666791764637,329.2955017089844,1438100,0.0,0.0
2025-01-16 00:00:00-05:00,331.6145970824494,337.75229088982974,329.42542243183397,336.06292724609375,1469600,0.0,0.0
2025-01-17 00:00:00-05:00,339.70155794417167,342.5405114960262,336.4028172833623,337.33245849609375,1358000,0.0,0.0
2025-01-21 00:00:00-05:00,344.8695987296504,358.5844141370539,342.0206698563273,357.86468505859375,1892500,0.0,0.0
2025-01-22 00:00:00-05:00,362.9627852446517,365.74173342132195,355.10573979167776,357.1949462890625,1417400,0.0,0.0
2025-01-23 00:00:00-05:00,355.36565284648356,359.5340903827013,352.4967423303498,354.6159362792969,1061500,0.0,0.0
2025-01-24 00:00:00-05:00,357.9346772618619,361.8631846243162,352.5567057143788,357.8946838378906,1150100,0.0,0.0
2025-01-27 00:00:00-05:00,314.82095928758537,324.87715430020995,291.7996655431076,292.3194580078125,4484000,0.0,0.0
2025-01-28 00:00:00-05:00,311.30230719466715,311.30230719466715,290.32021996069034,293.868896484375,3450900,0.0,0.0
2025-01-29 00:00:00-05:00,294.8885093832846,305.2046164228217,293.47903860991374,297.68743896484375,1944300,0.0,0.0
2025-01-30 00:00:00-05:00,302.83552580084097,311.69216291724615,298.88700632423974,309.1731262207031,1482200,0.0,0.0
2025-01-31 00:00:00-05:00,315.2507899769286,316.850191302073,302.85548309263476,307.49371337890625,1162700,0.0,0.0
2025-02-03 00:00:00-05:00,298.1972494810966,306.7140183131136,296.8577596029699,301.7059326171875,1082100,0.0,0.0
2025-02-04 00:00:00-05:00,304.3849189373682,307.52374686586336,299.2368714013769,299.86663818359375,1096100,0.0,0.0
2025-02-05 00:00:00-05:00,303.2153404893112,307.71363967700734,297.69743780124634,298.6370849609375,1583300,0.0,0.0
2025-02-06 00:00:00-05:00,299.6266923784269,311.4822253143145,297.8873598379511,310.96240234375,1490900,0.0,0.0
2025-02-07 00:00:00-05:00,314.5910464405781,320.2889043212358,311.00240694606094,312.1219787597656,897000,0.0,0.0
2025-02-10 00:00:00-05:00,313.70138500237175,314.5610452839681,309.1230991350397,310.5525817871094,661600,0.0,0.0
2025-02-11 00:00:00-05:00,307.583715529921,308.2534452168628,299.9765759023248,302.6755676269531,1060900,0.0,0.0
2025-02-12 00:00:00-05:00,294.2287420189858,299.4967390878128,293.46901952104406,298.21722412109375,1305000,0.0,0.0
2025-02-13 00:00:00-05:00,300.2764886610949,301.69593491905226,286.46170431334025,290.75006103515625,1873300,0.0,0.0
2025-02-14 00:00:00-05:00,292.08958155231494,294.298737789073,282.6131533304502,285.3421325683594,2091800,0.0,0.0
2025-02-18 00:00:00-05:00,285.7019667513955,287.85114799059676,281.43359171331514,287.4812927246094,2165200,0.0,0.0
2025-02-19 00:00:00-05:00,286.1018240520456,293.63898299993207,285.00223367407096,291.9596252441406,1728600,0.0,0.0
2025-02-20 00:00:00-05:00,307.46373914095926,309.2930645902697,275.72573880317753,281.0537414550781,3996700,0.0,0.0
2025-02-21 00:00:00-05:00,290.79004604696325,290.88000837005836,267.75874564726524,269.2581787109375,3467700,0.0,0.0
2025-02-24 00:00:00-05:00,269.588075855878,270.9975466214856,258.5422642930834,259.261962890625,2896300,0.0,0.0
2025-02-25 00:00:00-05:00,259.37194597210515,269.3081920277794,253.34422596502304,264.29010009765625,3227000,0.0,0.0
2025-02-26 00:00:00-05:00,270.29779996179985,275.8956896205267,267.8987131097868,268.7084045410156,1660300,0.0,0.0
2025-02-27 00:00:00-05:00,268.5084594182181,270.91755217647244,257.51261706435076,259.1620178222656,2067300,0.0,0.0
2025-02-28 00:00:00-05:00,259.0620672615998,262.41080739994015,254.91362639214594,259.5318908691406,3038900,0.0,0.0
2025-03-03 00:00:00-05:00,261.5611072425482,264.40003018188554,248.5760114223008,250.81517028808594,1986900,0.0,0.0
2025-03-04 00:00:00-05:00,244.5775276596932,256.21312783129565,241.3487526758172,249.53565979003906,2389500,0.0,0.0
2025-03-05 00:00:00-05:00,250.19539020884946,254.91360739242668,246.72671581095685,253.06431579589844,1341500,0.0,0.0
2025-03-06 00:00:00-05:00,243.41796663945135,246.36686397096085,238.42986223387146,240.78897094726562,2241400,0.0,0.0
2025-03-07 00:00:00-05:00,241.47870220875146,247.90626456948564,237.72011359689304,245.92701721191406,2057600,0.0,0.0
2025-03-10 00:00:00-04:00,236.86044396595784,241.1588218727396,231.2225761600694,236.62054443359375,2602200,0.0,0.0
2025-03-11 00:00:00-04:00,236.38062736210813,249.85552832402874,236.22068417339747,245.93701171875,2447500,0.0,0.0
2025-03-12 00:00:00-04:00,252.8943885490423,259.3119602956276,244.90740285860633,249.005859375,1750600,0.0,0.0
2025-03-13 00:00:00-04:00,248.50604039187672,252.6944438451387,242.14844373151993,250.1953887939453,1817400,0.0,0.0
2025-03-14 00:00:00-04:00,255.57336902754392,261.8309976021285,251.82478632047173,260.71142578125,2080100,0.0,0.0
2025-03-17 00:00:00-04:00,258.21235925719327,270.4677348757083,258.02242863459315,267.2989196777344,1736100,0.0,0.0
2025-03-18 00:00:00-04:00,263.5703478993198,266.75911403477147,261.40115472236835,263.26043701171875,1220500,0.0,0.0
2025-03-19 00:00:00-04:00,265.09977428042066,273.03677563078105,262.31082027795316,270.29779052734375,1301100,0.0,0.0
2025-03-20 00:00:00-04:00,266.3992608127176,274.00636952735874,264.8498589278561,270.9975280761719,1174900,0.0,0.0
2025-03-21 00:00:00-04:00,268.4984830781412,270.03790954442184,264.8998376726996,268.1186218261719,1606100,0.0,0.0
2025-03-24 00:00:00-04:00,274.6361489671843,279.6442651396623,273.7264892518492,278.2947692871094,1346600,0.0,0.0
2025-03-25 00:00:00-04:00,277.90494398647303,278.79459177377333,273.7865059013415,276.1455993652344,1262500,0.0,0.0
2025-03-26 00:00:00-04:00,275.20594219231504,275.7457466371772,258.9820654537544,260.54150390625,1521000,0.0,0.0
2025-03-27 00:00:00-04:00,257.3626876458135,258.5022714398596,250.5852512829305,254.78367614746094,1581100,0.0,0.0
2025-03-28 00:00:00-04:00,255.42342424746914,256.1531440552977,250.7551912183654,254.19387817382812,1150100,0.0,0.0
2025-03-31 00:00:00-04:00,248.70596712539393,254.7836709717321,244.60751065157007,254.08392333984375,1626800,0.0,0.0
2025-04-01 00:00:00-04:00,252.75444159877375,258.03244480577,249.86553448262228,257.8025207519531,979800,0.0,0.0
2025-04-02 00:00:00-04:00,252.00472079547066,264.6699148789895,250.7951714233713,264.489990234375,867300,0.0,0.0
2025-04-03 00:00:00-04:00,248.69000244140625,256.7699890136719,248.69000244140625,252.0399932861328,1703900,0.1,0.0
2025-04-04 00:00:00-04:00,243.1199951171875,245.9499969482422,232.35000610351562,239.47000122070312,2086900,0.0,0.0
2025-04-07 00:00:00-04:00,232.2100067138672,252.64999389648438,227.0800018310547,245.1999969482422,2396200,0.0,0.0
2025-04-08 00:00:00-04:00,253.39999389648438,260.0,240.80999755859375,245.0500030517578,1702200,0.0,0.0
2025-04-09 00:00:00-04:00,243.22000122070312,271.6600036621094,241.6199951171875,269.6000061035156,1952900,0.0,0.0
2025-04-10 00:00:00-04:00,262.3299865722656,270.1300048828125,255.0,262.70001220703125,1535200,0.0,0.0
2025-04-11 00:00:00-04:00,262.6700134277344,270.9200134277344,259.05999755859375,269.57000732421875,1098300,0.0,0.0
2025-04-14 00:00:00-04:00,275.2900085449219,277.70001220703125,269.6700134277344,274.29998779296875,1103000,0.0,0.0
