Date,Open,High,Low,Close,Volume,Dividends,Stock Splits
2020-04-14 00:00:00-04:00,25.670096784779115,25.972394809069538,24.452510545576853,24.805191040039062,3253900,0.0,0.0
2020-04-15 00:00:00-04:00,23.814322610111933,24.09982589456038,23.43645014492147,23.520421981811523,4055100,0.0,0.0
2020-04-16 00:00:00-04:00,23.402862630307908,23.444847748403095,22.353218661632322,22.62192726135254,4420900,0.0,0.0
2020-04-17 00:00:00-04:00,23.52042541484803,24.51128971119198,23.360879061632527,24.418920516967773,3782800,0.0,0.0
2020-04-20 00:00:00-04:00,24.05783850773968,25.107482435665755,23.528818672781934,24.578462600708008,3178600,0.0,0.0
2020-04-21 00:00:00-04:00,23.873105471138402,24.704423399334278,23.444850489650264,24.057842254638672,3716200,0.0,0.0
2020-04-22 00:00:00-04:00,24.54487481065839,24.771598298117013,23.948677789892713,24.26776885986328,2313200,0.0,0.0
2020-04-23 00:00:00-04:00,24.54487546511901,25.082294294346465,24.393726469449714,24.511287689208984,2443500,0.0,0.0
2020-04-24 00:00:00-04:00,24.6876279401332,24.97313125222807,24.150210694603903,24.73801040649414,3075200,0.0,0.0
2020-04-27 00:00:00-04:00,24.96473427486435,26.13193957441204,24.77999749440309,25.854833602905273,3588700,0.0,0.0
2020-04-28 00:00:00-04:00,26.383851626194676,26.71973738559032,26.07315629773518,26.308277130126953,3669500,0.0,0.0
2020-04-29 00:00:00-04:00,26.879281412036697,27.576246546658925,26.652559531437106,26.988445281982422,4516300,0.0,0.0
2020-04-30 00:00:00-04:00,26.451024917780664,26.896072883417965,26.182316349479787,26.543394088745117,2726900,0.0,0.0
2020-05-01 00:00:00-04:00,26.24110143150529,26.535002087864093,25.63650703111011,25.947200775146484,4477600,0.0,0.0
2020-05-04 00:00:00-04:00,25.628113297688667,25.91361664962382,25.342609945753516,25.754070281982422,3109600,0.0,0.0
2020-05-05 00:00:00-04:00,26.12354296764955,26.358662221855457,25.317415463091255,25.342607498168945,3344100,0.0,0.0
2020-05-06 00:00:00-04:00,25.619714057337475,25.69528856265117,24.76320406486881,25.0906925201416,3038700,0.0,0.0
2020-05-07 00:00:00-04:00,25.404962194292466,26.08446572076087,25.022740448113865,25.116172790527344,2763500,0.34,0.0
2020-05-08 00:00:00-04:00,25.7192323389394,26.194884784370362,25.438936945373854,26.092958450317383,2618300,0.0,0.0
2020-05-11 00:00:00-04:00,25.79567678664398,25.84663914384028,24.80190191096343,24.810394287109375,2221700,0.0,0.0
2020-05-12 00:00:00-04:00,24.929306602191684,25.00575094184914,23.58728609051988,23.638248443603516,2498300,0.0,0.0
2020-05-13 00:00:00-04:00,23.391927655783714,23.485358360843126,21.94798090416846,22.34718894958496,2770000,0.0,0.0
2020-05-14 00:00:00-04:00,21.752623937862882,23.519334404588648,21.293957926085433,23.39192771911621,3819800,0.0,0.0
2020-05-15 00:00:00-04:00,23.29000427621698,23.459880957878028,22.771881855208473,22.950252532958984,2205200,0.0,0.0
2020-05-18 00:00:00-04:00,23.850594091330954,25.80416775096585,23.850594091330954,25.68525505065918,2856100,0.0,0.0
2020-05-19 00:00:00-04:00,25.42194846705643,25.549355167139066,24.649012650482472,24.81888771057129,2383500,0.0,0.0
2020-05-20 00:00:00-04:00,25.923084110569768,26.74698232191095,25.651282705593882,26.43271255493164,3791500,0.0,0.0
2020-05-21 00:00:00-04:00,26.19488803795807,26.908367604755707,26.00802495905938,26.101455688476562,2854200,0.0,0.0
2020-05-22 00:00:00-04:00,26.237353083729563,26.415723762888426,25.39646690500263,25.64278793334961,2111700,0.0,0.0
2020-05-26 00:00:00-04:00,26.80643559743717,28.454233450898137,26.780955231187757,27.9700870513916,3348000,0.0,0.0
2020-05-27 00:00:00-04:00,29.439519442574625,29.889689939872422,28.445746101718306,29.796260833740234,3103100,0.0,0.0
2020-05-28 00:00:00-04:00,29.99161528627543,29.99161528627543,28.62411267969504,28.89591407775879,3302200,0.0,0.0
2020-05-29 00:00:00-04:00,28.207915522509264,28.793989931243978,27.919126126356478,27.953102111816406,4209400,0.0,0.0
2020-06-01 00:00:00-04:00,28.16544645481383,28.81097396173155,27.83418870520288,28.38628387451172,1559500,0.0,0.0
2020-06-02 00:00:00-04:00,28.878926415346736,29.167715809105335,28.156954551014383,28.411767959594727,1810900,0.0,0.0
2020-06-03 00:00:00-04:00,29.15921811547509,30.339855844030982,28.972353471199124,30.144498825073242,2201100,0.0,0.0
2020-06-04 00:00:00-04:00,30.07654608771215,31.622417449951175,29.66884407087052,31.622417449951172,2386000,0.0,0.0
2020-06-05 00:00:00-04:00,34.323454675964854,34.79910876720987,32.5482498805928,32.79457092285156,3206600,0.0,0.0
2020-06-08 00:00:00-04:00,33.90725597545109,34.569774733697166,33.32968042127685,34.459354400634766,2572600,0.0,0.0
2020-06-09 00:00:00-04:00,33.27022891901522,33.635462752490014,32.54825687059059,33.38914489746094,2842600,0.0,0.0
2020-06-10 00:00:00-04:00,32.92197753477196,33.10034985231844,31.214724633533244,31.223217010498047,3287200,0.0,0.0
2020-06-11 00:00:00-04:00,29.50746483197828,29.762278203005586,28.505196097826776,28.59862518310547,3902800,0.0,0.0
2020-06-12 00:00:00-04:00,29.719811343168946,30.01709308430351,28.530677898374755,29.626379013061523,3695200,0.0,0.0
2020-06-15 00:00:00-04:00,28.360806526258305,30.84099858460412,28.24189380759427,30.662626266479492,2985700,0.0,0.0
2020-06-16 00:00:00-04:00,32.02163562494972,32.2254850676253,30.55220820182671,31.401588439941406,2628000,0.0,0.0
2020-06-17 00:00:00-04:00,31.478025056664222,31.622418106403938,30.475756362741176,30.518224716186523,1974300,0.0,0.0
2020-06-18 00:00:00-04:00,29.906673234589185,31.13827505608025,29.745292178305316,30.6881046295166,2270800,0.0,0.0
2020-06-19 00:00:00-04:00,31.333635313447747,31.333635313447747,29.804751589086244,30.645639419555664,6586900,0.0,0.0
2020-06-22 00:00:00-04:00,30.509737041926684,30.824010067496268,29.949146206216003,30.35685157775879,1745900,0.0,0.0
2020-06-23 00:00:00-04:00,30.908948984039867,31.206234036824487,30.11902503597856,30.13601303100586,1626300,0.0,0.0
2020-06-24 00:00:00-04:00,29.72830330723447,29.72830330723447,28.18243179446851,28.216407775878906,2875700,0.0,0.0
2020-06-25 00:00:00-04:00,27.953102736797373,29.21868068238518,27.953102736797373,29.091272354125977,1668700,0.0,0.0
2020-06-26 00:00:00-04:00,28.496702595353014,28.547666569387868,27.358533096265706,27.426485061645508,2411700,0.0,0.0
2020-06-29 00:00:00-04:00,27.970092943082456,28.462731821733506,27.62184715709733,28.072017669677734,1533500,0.0,0.0
2020-06-30 00:00:00-04:00,28.03803754282254,29.091270362629608,27.868164103610443,28.878925323486328,1592200,0.0,0.0
2020-07-01 00:00:00-04:00,28.819465162060837,28.92988547505465,27.587863449810904,27.647319793701172,1365700,0.0,0.0
2020-07-02 00:00:00-04:00,28.30134967046911,28.717547418620946,27.401005439033046,27.528413772583008,1605900,0.0,0.0
2020-07-06 00:00:00-04:00,28.216410081592173,28.692060899694017,27.570879342556545,27.944608688354492,1263600,0.0,0.0
2020-07-07 00:00:00-04:00,27.502927162148985,27.936109565708502,26.68752146472142,26.789447784423828,1758400,0.0,0.0
2020-07-08 00:00:00-04:00,26.653546436612867,27.19715079433163,26.279820364507156,26.908361434936523,2125100,0.0,0.0
2020-07-09 00:00:00-04:00,26.577110452744385,26.840417892999334,25.58333543364706,25.85513687133789,1783900,0.0,0.0
2020-07-10 00:00:00-04:00,25.795674075013107,27.37551994253867,25.761698093744364,27.358531951904297,1652800,0.0,0.0
2020-07-13 00:00:00-04:00,27.825693884690846,28.250383984055123,26.96782130963147,27.927621841430664,2348200,0.0,0.0
2020-07-14 00:00:00-04:00,27.910630597510508,27.97008694528555,26.899867825142834,27.19715118408203,1944700,0.0,0.0
2020-07-15 00:00:00-04:00,27.800211876398134,28.624111657426642,27.570878847448093,28.47971534729004,1611800,0.0,0.0
2020-07-16 00:00:00-04:00,28.148454773646673,28.997834836774828,27.953097747942532,28.36079978942871,1162400,0.0,0.0
2020-07-17 00:00:00-04:00,28.23340159663843,28.581647377686192,27.57088278284058,27.65582275390625,2325300,0.0,0.0
2020-07-20 00:00:00-04:00,27.468952556804503,27.630333609318487,26.86589184352054,27.19715118408203,2314700,0.0,0.0
2020-07-21 00:00:00-04:00,27.095227404018495,28.77700139080021,26.933844716283737,28.65808868408203,3300900,0.0,0.0
2020-07-22 00:00:00-04:00,28.275867747853237,28.692062233033184,28.02105433486759,28.267372131347656,1909200,0.0,0.0
2020-07-23 00:00:00-04:00,28.3692992740263,29.12524711489913,28.26737131965621,28.89591407775879,1574600,0.0,0.0
2020-07-24 00:00:00-04:00,29.091268146326023,29.29512079402955,28.55615778121618,28.564653396606445,1520100,0.0,0.0
2020-07-27 00:00:00-04:00,28.36080602875816,28.45423837467766,27.49443778495255,27.528413772583008,1470800,0.0,0.0
2020-07-28 00:00:00-04:00,27.451968771500642,27.817202529572477,27.341548434376296,27.401004791259766,1196500,0.0,0.0
2020-07-29 00:00:00-04:00,27.29058527269235,28.38628320955502,27.06125224215045,28.343814849853516,1866100,0.0,0.0
2020-07-30 00:00:00-04:00,27.78322362677373,27.868163584927032,26.899869122812028,27.842679977416992,1336000,0.0,0.0
2020-07-31 00:00:00-04:00,27.68978948420067,27.76623382148133,27.129200377582425,27.57937240600586,1442500,0.0,0.0
2020-08-03 00:00:00-04:00,27.689792549249272,27.808708496059516,27.21414172252128,27.562387466430664,1555400,0.0,0.0
2020-08-04 00:00:00-04:00,27.409496688393258,27.58786573483788,27.112213324254885,27.375520706176758,1095400,0.0,0.0
2020-08-05 00:00:00-04:00,27.69828473805474,28.13996276545364,27.5199157001036,28.088998794555664,1402400,0.0,0.0
2020-08-06 00:00:00-04:00,27.81720297305116,28.072016398061045,27.468957202841004,27.66431427001953,1130200,0.0,0.0
2020-08-07 00:00:00-04:00,27.451965954697737,28.7005558013916,27.197152559896242,28.7005558013916,1032800,0.0,0.0
2020-08-10 00:00:00-04:00,28.853442684671386,29.796255102682423,28.802478712842063,29.47348976135254,1694000,0.0,0.0
2020-08-11 00:00:00-04:00,30.169992580489,31.01087737271029,29.889695489662486,30.059572219848633,1696700,0.0,0.0
2020-08-12 00:00:00-04:00,30.539835740397343,30.668476722773267,29.09045646275661,29.750823974609375,1489900,0.34,0.0
2020-08-13 00:00:00-04:00,29.356318205020557,30.01668568262541,29.15049133526994,29.38204574584961,867500,0.0,0.0
2020-08-14 00:00:00-04:00,29.004691252714462,29.96522417748735,28.970385687511456,29.57929801940918,836700,0.0,0.0
2020-08-17 00:00:00-04:00,29.33916703042412,29.484964070093053,28.867476883842112,29.056154251098633,1283700,0.0,0.0
2020-08-18 00:00:00-04:00,29.056144315555898,29.36488780310872,28.027000447565882,28.078458786010742,1209700,0.0,0.0
2020-08-19 00:00:00-04:00,28.249985961689934,28.70452653437391,27.966973219791285,28.224258422851562,1691800,0.0,0.0
2020-08-20 00:00:00-04:00,27.8297549180046,27.958395886950715,27.340910402800233,27.555316925048828,1379700,0.0,0.0
2020-08-21 00:00:00-04:00,27.51243818134671,27.726843080123192,26.869221849237697,27.09220314025879,2072400,0.0,0.0
2020-08-24 00:00:00-04:00,27.195116844083884,28.352905271841152,27.049323081825094,28.335752487182617,1651300,0.0,0.0
2020-08-25 00:00:00-04:00,28.678796438018473,29.004692781507018,27.906940809620053,28.352903366088867,1395600,0.0,0.0
2020-08-26 00:00:00-04:00,28.44724285024291,28.44724285024291,27.675387111082316,27.683961868286133,1082000,0.0,0.0
2020-08-27 00:00:00-04:00,27.72683795112293,28.79886224669882,27.709685169806693,28.550151824951172,1866300,0.0,0.0
2020-08-28 00:00:00-04:00,28.593039638163383,28.730258653106894,28.095618664268557,28.318601608276367,1423700,0.0,0.0
2020-08-31 00:00:00-04:00,28.35290799132555,28.35290799132555,27.5467433928466,27.5810489654541,1905700,0.0,0.0
2020-09-01 00:00:00-04:00,27.323758725671045,28.11276712224193,27.10077745176993,27.60677146911621,1583700,0.0,0.0
2020-09-02 00:00:00-04:00,27.555315882958485,27.95839482961668,27.195113986101862,27.778295516967773,1567700,0.0,0.0
2020-09-03 00:00:00-04:00,28.035586491057128,29.10761110366108,27.709693364348357,27.864065170288086,2044900,0.0,0.0
2020-09-04 00:00:00-04:00,28.77313303225108,29.133334916721108,28.13849644620006,28.884624481201172,1913700,0.0,0.0
2020-09-08 00:00:00-04:00,28.430089968956914,28.67879715712701,27.28087798195768,27.632503509521484,2326700,0.0,0.0
2020-09-09 00:00:00-04:00,28.009854929638955,28.009854929638955,27.28087797047368,27.54673957824707,1364600,0.0,0.0
2020-09-10 00:00:00-04:00,27.786878836190077,28.018433269947494,26.637666702667154,26.689125061035156,1693500,0.0,0.0
2020-09-11 00:00:00-04:00,26.654819092296005,27.0578997455045,26.45756696215864,27.00644302368164,1256100,0.0,0.0
2020-09-14 00:00:00-04:00,27.075044557125675,28.018424601075488,27.075044557125675,27.675378799438477,1013700,0.0,0.0
2020-09-15 00:00:00-04:00,27.6496555911461,27.6496555911461,26.67196819677845,26.723424911499023,1564900,0.0,0.0
2020-09-16 00:00:00-04:00,26.697698364195954,27.761146509183618,26.414683951705523,27.280879974365234,1801600,0.0,0.0
2020-09-17 00:00:00-04:00,26.903522936662885,27.31517988115337,26.792031491834656,27.03216552734375,1138300,0.0,0.0
2020-09-18 00:00:00-04:00,26.826337302446017,27.22941785983707,26.61193243740793,26.94640350341797,2507800,0.0,0.0
2020-09-21 00:00:00-04:00,26.320345650376723,26.543326939860663,25.291201489032314,25.56563949584961,1536100,0.0,0.0
2020-09-22 00:00:00-04:00,25.436998025034118,25.822927511785394,24.450735780400397,24.545074462890625,1860300,0.0,0.0
2020-09-23 00:00:00-04:00,24.682293586527845,25.205440449477916,24.17629787301739,24.227754592895508,1524500,0.0,0.0
2020-09-24 00:00:00-04:00,24.244900689010073,24.768047407625335,23.738905115102476,24.20201873779297,1255400,0.0,0.0
2020-09-25 00:00:00-04:00,23.858975503484093,24.4764626233862,23.627417833520806,24.399276733398438,1546600,0.0,0.0
2020-09-28 00:00:00-04:00,24.862388289215144,25.419840618685033,24.72516930460038,25.19685935974121,1478700,0.0,0.0
2020-09-29 00:00:00-04:00,25.059642619065233,25.35123339642662,24.476462700121935,24.845237731933594,1437200,0.0,0.0
2020-09-30 00:00:00-04:00,24.9395765775764,25.359809962956646,24.759477256318927,25.059642791748047,1911600,0.0,0.0
2020-10-01 00:00:00-04:00,25.059639496014814,25.35980662774676,24.69086451016163,24.973878860473633,1515200,0.0,0.0
2020-10-02 00:00:00-04:00,24.665135909738062,25.694278282099877,24.502187754030203,25.59994125366211,3176100,0.0,0.0
2020-10-05 00:00:00-04:00,26.063057220980376,27.006439039379202,26.063057220980376,26.826339721679688,1567900,0.0,0.0
2020-10-06 00:00:00-04:00,27.152233528113214,27.735415056044594,26.423256618198987,26.500442504882812,1621700,0.0,0.0
2020-10-07 00:00:00-04:00,26.81776173967939,27.6753812263149,26.81776173967939,27.572467803955078,1319000,0.0,0.0
2020-10-08 00:00:00-04:00,27.641080169096806,27.726844094681077,27.126508066048537,27.563894271850586,992400,0.0,0.0
2020-10-09 00:00:00-04:00,27.71826602721684,27.872637821491374,26.989289018575754,27.083627700805664,910200,0.0,0.0
2020-10-12 00:00:00-04:00,27.049318248583734,27.358060138372636,26.946403194801242,27.29802703857422,980500,0.0,0.0
2020-10-13 00:00:00-04:00,27.100777167183438,27.160810271876514,26.165971759244187,26.183124542236328,1123200,0.0,0.0
2020-10-14 00:00:00-04:00,26.2946132023061,26.58620395721532,25.908683780873492,25.92583656311035,1348800,0.0,0.0
2020-10-15 00:00:00-04:00,25.582791895213678,26.740578650357197,25.582791895213678,26.73200225830078,1852700,0.0,0.0
2020-10-16 00:00:00-04:00,26.671970098925783,26.869222215904827,26.123092438237702,26.706274032592773,1831200,0.0,0.0
2020-10-19 00:00:00-04:00,26.89494650262645,27.032165483902766,25.917259216308594,25.917259216308594,1515600,0.0,0.0
2020-10-20 00:00:00-04:00,27.083625369299938,27.083625369299938,25.73716293525113,26.174549102783203,2618700,0.0,0.0
2020-10-21 00:00:00-04:00,26.01160031431268,26.68054413748936,25.76289150088483,25.78004264831543,1875900,0.0,0.0
2020-10-22 00:00:00-04:00,25.942994346914364,27.743994298737583,25.780046155808,27.658233642578125,2436700,0.0,0.0
2020-10-23 00:00:00-04:00,27.966973401526985,28.575882482756874,27.469552503693752,28.47296905517578,3093000,0.0,0.0
2020-10-26 00:00:00-04:00,28.207107909499655,28.207107909499655,27.443826994660128,27.83833122253418,2216400,0.0,0.0
2020-10-27 00:00:00-04:00,27.546739159414226,27.98412696404266,26.654815673828125,26.654815673828125,1786100,0.0,0.0
2020-10-28 00:00:00-04:00,25.9772967401677,26.706272043024633,25.960143956722263,26.2431583404541,1982000,0.0,0.0
2020-10-29 00:00:00-04:00,26.020175893404453,27.203690089690134,25.58278974988296,27.066471099853516,1885900,0.0,0.0
2020-10-30 00:00:00-04:00,26.86921609467594,27.709684361069705,26.79203021678489,27.675378799438477,1732100,0.0,0.0
2020-11-02 00:00:00-05:00,28.061310197670483,28.6016081100268,27.366637246922657,28.49011993408203,1210900,0.0,0.0
2020-11-03 00:00:00-05:00,28.833167358389712,29.75939801072428,28.755981470695165,29.55356788635254,1876800,0.0,0.0
2020-11-04 00:00:00-05:00,27.735417056984538,28.16422684248426,26.251735591742573,26.53474998474121,4176300,0.0,0.0
2020-11-05 00:00:00-05:00,26.714846375999816,28.13849621244934,26.671966056470207,27.94124412536621,2332900,0.0,0.0
2020-11-06 00:00:00-05:00,28.232834414030403,28.481544872213977,27.2036919209764,27.40094566345215,1756000,0.0,0.0
2020-11-09 00:00:00-05:00,30.016684721743005,35.076641454889,29.982379154029708,33.944583892822266,5289500,0.0,0.0
2020-11-10 00:00:00-05:00,34.28195350781454,34.49821614081884,33.269842669403374,33.719669342041016,2506200,0.34,0.0
2020-11-11 00:00:00-05:00,33.546660558579084,33.736972742841985,31.565697231094685,32.21448516845703,2713900,0.0,0.0
2020-11-12 00:00:00-05:00,31.349433373948543,31.954966118830416,30.91690809908665,31.427288055419922,1748400,0.0,0.0
2020-11-13 00:00:00-05:00,31.79060970730544,32.69026312773456,31.444588145630803,32.422096252441406,1486400,0.0,0.0
2020-11-16 00:00:00-05:00,34.896137374343425,35.276758407166454,33.65911489278635,34.38575744628906,2138000,0.0,0.0
2020-11-17 00:00:00-05:00,33.51206354829685,34.35116043274071,33.2525457140274,34.256004333496094,1812900,0.0,0.0
2020-11-18 00:00:00-05:00,34.567414239164776,34.72312357987407,33.676413356143634,33.685062408447266,1552500,0.0,0.0
2020-11-19 00:00:00-05:00,33.174682926639534,33.47745255942016,32.62970352746437,33.209285736083984,1993500,0.0,0.0
2020-11-20 00:00:00-05:00,32.880564109814614,33.33904306376711,32.58644684309063,33.11412811279297,2011400,0.0,0.0
2020-11-23 00:00:00-05:00,33.693716091096384,34.29059972078041,33.49475488120171,34.221397399902344,1872500,0.0,0.0
2020-11-24 00:00:00-05:00,34.98264039052029,36.53973390189084,34.65392358248047,36.21101379394531,2578600,0.0,0.0
2020-11-25 00:00:00-05:00,35.36326722141739,35.51032423018674,34.87018867451106,35.42382049560547,2633900,0.0,0.0
2020-11-27 00:00:00-05:00,34.98264450282755,35.484375426561414,33.99648736297116,34.13489532470703,2027900,0.0,0.0
2020-11-30 00:00:00-05:00,34.04838676870109,34.42900778464551,33.25253862639196,33.38229751586914,12464100,0.0,0.0
2020-12-01 00:00:00-05:00,34.19544668591399,34.74042944842514,33.771573770554376,34.662574768066406,2455800,0.0,0.0
2020-12-02 00:00:00-05:00,34.602019772236886,36.02935440780396,34.56741696048727,35.98609924316406,3058500,0.0,0.0
2020-12-03 00:00:00-05:00,36.133161330537426,36.98091046090394,35.90824634294485,36.69544219970703,2379800,0.0,0.0
2020-12-04 00:00:00-05:00,38.191986313522484,38.321741926988345,37.19717677741969,38.07952880859375,2967900,0.0,0.0
2020-12-07 00:00:00-05:00,38.01031704277539,38.01031704277539,37.050113778371134,37.11931610107422,1731200,0.0,0.0
2020-12-08 00:00:00-05:00,36.24561947941354,37.361532184508675,36.16776479767147,37.16257095336914,1507600,0.0,0.0
2020-12-09 00:00:00-05:00,37.577790130954824,37.93246068129648,36.87710138266589,36.9549560546875,1662200,0.0,0.0
2020-12-10 00:00:00-05:00,36.47917505871808,37.09336337210744,36.24561434647364,36.88574981689453,1051400,0.0,0.0
2020-12-11 00:00:00-05:00,35.79579477546522,36.4272813178909,35.700638681417786,36.0553092956543,1673200,0.0,0.0
2020-12-14 00:00:00-05:00,36.773299843913925,36.83385642230494,35.19890800349597,35.216209411621094,1531300,0.0,0.0
2020-12-15 00:00:00-05:00,35.674687003928206,36.00340384501206,35.06915094418029,35.994754791259766,1477600,0.0,0.0
2020-12-16 00:00:00-05:00,36.003399098384364,36.366722006295646,35.59682762750739,36.219661712646484,1681600,0.0,0.0
2020-12-17 00:00:00-05:00,36.262913575517786,36.52243135255682,35.56222481724811,36.219661712646484,1435000,0.0,0.0
2020-12-18 00:00:00-05:00,36.00340641955959,36.21102002342724,35.25946234723439,35.53628158569336,3031000,0.0,0.0
2020-12-21 00:00:00-05:00,35.69198310584492,36.81655142500239,35.36326628323217,36.70409393310547,2265100,0.0,0.0
2020-12-22 00:00:00-05:00,36.773309008314435,37.07607877609905,36.35808500955072,36.366737365722656,1077800,0.0,0.0
2020-12-23 00:00:00-05:00,36.58298450082589,37.802705509276024,36.58298450082589,37.638343811035156,706800,0.0,0.0
2020-12-24 00:00:00-05:00,37.73350414467107,37.73350414467107,36.90305640693968,37.49129104614258,327700,0.0,0.0
2020-12-28 00:00:00-05:00,37.768109032743425,38.18333292441101,37.42208747306736,37.50859451293945,835600,0.0,0.0
2020-12-29 00:00:00-05:00,37.53453356209216,37.53453356209216,36.868444407187674,36.99820327758789,1084100,0.0,0.0
2020-12-30 00:00:00-05:00,36.99821210003035,37.603748139783086,36.99821210003035,37.38748550415039,728400,0.0,0.0
2020-12-31 00:00:00-05:00,37.37018284602933,37.73350247777223,36.972260401766405,37.57779312133789,736300,0.0,0.0
2021-01-04 00:00:00-05:00,37.26637846751157,37.72485419307105,36.43592744964311,37.136619567871094,1625200,0.0,0.0
2021-01-05 00:00:00-05:00,37.093367035186795,37.93246379143452,36.79924972786844,37.724853515625,1349500,0.0,0.0
2021-01-06 00:00:00-05:00,39.6279699477099,42.422083044276754,39.22139510180148,41.96360397338867,3269500,0.0,0.0
2021-01-07 00:00:00-05:00,42.59509327139069,44.20408462587371,42.34422780379104,43.24388122558594,2333900,0.0,0.0
2021-01-08 00:00:00-05:00,43.18332559616949,43.18332559616949,41.21101122804727,42.145267486572266,2201000,0.0,0.0
2021-01-11 00:00:00-05:00,41.74734358676606,43.21793037533897,41.18506263518957,43.14007568359375,1082800,0.0,0.0
2021-01-12 00:00:00-05:00,43.252523260108724,44.255981667747015,42.38747279490655,43.563941955566406,1352100,0.0,0.0
2021-01-13 00:00:00-05:00,43.23522403983222,43.48608947939641,42.60373756430933,43.070865631103516,1011800,0.0,0.0
2021-01-14 00:00:00-05:00,43.693699784416935,44.30788815411187,43.330380154369,44.048370361328125,1067600,0.0,0.0
2021-01-15 00:00:00-05:00,43.23522565549061,43.64180046584617,42.24906856645502,42.508583068847656,1450900,0.0,0.0
2021-01-19 00:00:00-05:00,42.56913087299375,42.85459909887972,42.04144958265097,42.67293930053711,1574800,0.0,0.0
2021-01-20 00:00:00-05:00,42.820001769135,42.820001769135,41.30616332275143,41.78194046020508,2056400,0.0,0.0
2021-01-21 00:00:00-05:00,42.0414458533625,42.38746731466882,40.91688105397478,40.99473571777344,1252800,0.0,0.0
2021-01-22 00:00:00-05:00,40.40650358013993,41.66082732596066,40.31999985969936,41.626224517822266,1514500,0.0,0.0
2021-01-25 00:00:00-05:00,41.06395385731209,41.34076979084286,40.00859104828465,40.83903884887695,1281900,0.0,0.0
2021-01-26 00:00:00-05:00,41.34076443473914,41.36671489392482,39.81827369766738,39.835575103759766,1413200,0.0,0.0
2021-01-27 00:00:00-05:00,38.64180598690853,39.013777982610684,37.82001061491655,37.897865295410156,2091800,0.0,0.0
2021-01-28 00:00:00-05:00,38.693704567864195,39.35979378169695,38.29578216996061,39.07432556152344,1608300,0.0,0.0
2021-01-29 00:00:00-05:00,39.17813998279837,39.39440261909127,37.75080526330288,38.18333053588867,1497000,0.0,0.0
2021-02-01 00:00:00-05:00,38.43419111337872,38.780212607542026,38.07952056681883,38.667755126953125,1300300,0.0,0.0
2021-02-02 00:00:00-05:00,39.16948940124818,40.198901708508075,38.927276293613424,39.61931610107422,1391600,0.0,0.0
2021-02-03 00:00:00-05:00,39.43765062234603,40.21619735668237,39.25599081763609,39.81827163696289,1840400,0.0,0.0
2021-02-04 00:00:00-05:00,40.13834632047817,41.937649725239865,39.939381792635984,41.712738037109375,1468900,0.0,0.0
2021-02-05 00:00:00-05:00,42.067407097645216,42.25771596533188,41.18505518413348,41.28886032104492,1327900,0.0,0.0
2021-02-08 00:00:00-05:00,41.65218768246329,42.13661390620352,41.3667194006968,42.084712982177734,1105200,0.0,0.0
2021-02-09 00:00:00-05:00,42.48264134619954,42.993021402503416,41.84250236205821,42.897865295410156,1567000,0.0,0.0
2021-02-10 00:00:00-05:00,43.12277050221327,43.814813612704675,42.24907086008174,42.88920974731445,1616400,0.0,0.0
2021-02-11 00:00:00-05:00,42.4653292578534,42.94975872674187,41.67813343335075,42.30961990356445,1052700,0.0,0.0
2021-02-12 00:00:00-05:00,42.11931195188807,43.14007190996617,42.11931195188807,42.88920974731445,1114500,0.0,0.0
2021-02-16 00:00:00-05:00,43.34768898871896,44.81827576690514,43.21793007009127,44.377098083496094,1472800,0.0,0.0
2021-02-17 00:00:00-05:00,44.30742939929068,44.856044930768256,43.88943518972185,44.09843063354492,836200,0.34,0.0
2021-02-18 00:00:00-05:00,43.54980194381238,44.133254346709826,43.13180782865337,43.56721878051758,1083700,0.0,0.0
2021-02-19 00:00:00-05:00,44.063597140777354,45.22179213380809,44.063597140777354,45.02150344848633,1166400,0.0,0.0
2021-02-22 00:00:00-05:00,45.01278939095649,47.276928654874226,45.00408263233018,46.467063903808594,1854300,0.0,0.0
2021-02-23 00:00:00-05:00,46.96343270258277,47.34659320281909,46.23194205891529,47.172428131103516,1159100,0.0,0.0
2021-02-24 00:00:00-05:00,47.07664066386072,49.92422913241849,47.07664066386072,49.445274353027344,1662000,0.0,0.0
2021-02-25 00:00:00-05:00,49.776192848163966,50.24643759591113,47.32918146548511,47.5207633972168,1648500,0.0,0.0
2021-02-26 00:00:00-05:00,47.111469969238335,47.41625966949532,45.422076445756375,46.301605224609375,1710500,0.0,0.0
2021-03-01 00:00:00-05:00,46.87634918313136,48.11291481089782,46.84151550636892,47.712337493896484,1283500,0.0,0.0
2021-03-02 00:00:00-05:00,47.36401595144426,47.91263483312264,47.06793628916481,47.233394622802734,1027900,0.0,0.0
2021-03-03 00:00:00-05:00,47.25080814241665,49.02728611609332,47.11147673204532,47.233394622802734,1552700,0.0,0.0
2021-03-04 00:00:00-05:00,47.63395738071892,48.513486015663766,45.70073174896056,46.98954772949219,1568700,0.0,0.0
2021-03-05 00:00:00-05:00,48.20870667291708,49.53235651762692,46.528019939444356,48.583160400390625,2239500,0.0,0.0
2021-03-08 00:00:00-05:00,49.305939645986996,50.81246127485009,48.83569830079435,50.176761627197266,1431000,0.0,0.0
2021-03-09 00:00:00-05:00,49.149195497802715,50.06356131140698,47.660090583756215,49.15790557861328,1653300,0.0,0.0
2021-03-10 00:00:00-05:00,49.157906287025966,50.34222482821989,48.792159291928996,50.194183349609375,1333900,0.0,0.0
2021-03-11 00:00:00-05:00,49.00115280145525,50.559924929817626,48.7486136321161,50.06355667114258,1086600,0.0,0.0
2021-03-12 00:00:00-05:00,51.02146815572246,51.700708346467536,50.65572113783628,51.430755615234375,1386400,0.0,0.0
2021-03-15 00:00:00-04:00,51.308834996856206,51.308834996856206,49.497526810643116,50.263851165771484,1261700,0.0,0.0
2021-03-16 00:00:00-04:00,49.784890808020954,49.784890808020954,48.339326459732504,49.11436080932617,1075800,0.0,0.0
2021-03-17 00:00:00-04:00,49.95906390304475,50.82117926019104,48.914076698659855,49.41915512084961,1281800,0.0,0.0
2021-03-18 00:00:00-04:00,50.51638465256298,52.44090386938746,49.57589858469724,49.898101806640625,1816500,0.0,0.0
2021-03-19 00:00:00-04:00,49.20144601689861,50.20289270707351,48.46124860028063,49.15790557861328,4998100,0.0,0.0
2021-03-22 00:00:00-04:00,49.07082122914843,49.375610940052965,47.29434677034632,48.139041900634766,1539400,0.0,0.0
2021-03-23 00:00:00-04:00,47.712339481422966,48.08679321741201,46.31031549159269,46.65864562988281,1647400,0.0,0.0
2021-03-24 00:00:00-04:00,47.03309930587749,47.93875507070464,46.11003002265829,46.16227722167969,1539000,0.0,0.0
2021-03-25 00:00:00-04:00,46.066480280372375,47.88649820169635,45.43948744334686,47.668792724609375,1194300,0.0,0.0
2021-03-26 00:00:00-04:00,48.37416435744294,48.731201266131286,47.60784002101827,48.63541030883789,1257900,0.0,0.0
2021-03-29 00:00:00-04:00,47.84296281046737,48.24354348297934,46.3712747240379,46.9286003112793,1059700,0.0,0.0
2021-03-30 00:00:00-04:00,47.407543324204376,48.87923447005372,47.37271297265631,48.687652587890625,1225500,0.0,0.0
2021-03-31 00:00:00-04:00,48.10421452831699,48.73991426615747,47.842965239352296,47.860382080078125,1210800,0.0,0.0
2021-04-01 00:00:00-04:00,47.50334316114483,48.26966751138334,47.16372308601712,48.25225067138672,1157100,0.0,0.0
2021-04-05 00:00:00-04:00,48.766035861600336,49.07953233793252,47.8081329145165,48.182586669921875,1069500,0.0,0.0
2021-04-06 00:00:00-04:00,49.384311982586965,49.384311982586965,47.66879500015559,48.26966094970703,907300,0.0,0.0
2021-04-07 00:00:00-04:00,48.52220605832529,48.774741930086286,48.069378190248045,48.37416458129883,659000,0.0,0.0
2021-04-08 00:00:00-04:00,47.89521408081055,48.08679600014902,47.015685247517965,47.89521408081055,1319500,0.0,0.0
2021-04-09 00:00:00-04:00,48.60057879180761,49.02727972712321,48.20870821310378,48.713783264160156,981800,0.0,0.0
2021-04-12 00:00:00-04:00,48.67895130674913,49.39302508360615,48.67895130674913,49.27111053466797,914100,0.0,0.0
2021-04-13 00:00:00-04:00,48.73120041541806,49.06211371976681,47.799421101158146,48.356746673583984,1203100,0.0,0.0
2021-04-14 00:00:00-04:00,48.22612532331554,49.610732494566435,48.21741524267184,48.975032806396484,1033900,0.0,0.0
2021-04-15 00:00:00-04:00,49.1579077298585,49.1579077298585,47.68621626918405,48.600582122802734,1553700,0.0,0.0
2021-04-16 00:00:00-04:00,49.096952417343545,49.72394208945393,48.635414431436786,48.87053680419922,1122400,0.0,0.0
2021-04-19 00:00:00-04:00,48.96632183879281,49.662978791159865,48.38287267928614,48.76603317260742,1340900,0.0,0.0
2021-04-20 00:00:00-04:00,48.0084235684399,48.043253927971136,45.030210242582065,45.5875358581543,3262600,0.0,0.0
2021-04-21 00:00:00-04:00,45.35241043108199,46.78055795049527,44.960539874676584,46.719600677490234,1669000,0.0,0.0
2021-04-22 00:00:00-04:00,46.7544351655458,46.91118340196563,45.718158110923646,45.770408630371094,1461500,0.0,0.0
2021-04-23 00:00:00-04:00,45.639784282956725,47.660091207524125,45.49174612646463,47.25951385498047,2023000,0.0,0.0
2021-04-26 00:00:00-04:00,47.5468815026766,48.04324979395438,47.2682187188688,47.55559158325195,1228700,0.0,0.0
2021-04-27 00:00:00-04:00,47.63396636129958,48.069377382295144,47.44238444904634,48.02583694458008,1391800,0.0,0.0
2021-04-28 00:00:00-04:00,48.03454092693646,48.54832603489112,47.73846131689611,48.1129150390625,1113700,0.0,0.0
2021-04-29 00:00:00-04:00,48.89666078500817,49.39302910144593,48.574454225836405,49.079532623291016,1232100,0.0,0.0
2021-04-30 00:00:00-04:00,48.72249398951873,49.43656779930757,48.48737163918498,48.59186935424805,1338300,0.0,0.0
2021-05-03 00:00:00-04:00,49.15791102733348,49.305949198296794,48.05196649830513,48.626708984375,1159700,0.0,0.0
2021-05-04 00:00:00-04:00,48.565746701243455,49.95906066894531,47.895213316186144,49.95906066894531,1592700,0.0,0.0
2021-05-05 00:00:00-04:00,49.967770058269664,51.16079533422303,49.384317558547764,50.69926071166992,1280500,0.0,0.0
2021-05-06 00:00:00-04:00,51.08242751260402,51.56137903378055,50.18548175538673,51.535255432128906,1266800,0.0,0.0
2021-05-07 00:00:00-04:00,50.14192905606267,51.70940788856558,49.915513490680354,51.613616943359375,1322800,0.0,0.0
2021-05-10 00:00:00-04:00,52.13611569562331,52.63248400305615,51.291420558055115,51.308834075927734,1255500,0.0,0.0
2021-05-11 00:00:00-04:00,51.00405176244131,52.4147826794205,50.76892938929098,50.977928161621094,1559000,0.0,0.0
2021-05-12 00:00:00-04:00,51.56477776660324,51.95017998368376,49.88303357278216,50.0582160949707,1338000,0.34,0.0
2021-05-13 00:00:00-04:00,49.23485639746326,52.0114903591498,49.138505848761895,51.74871826171875,1073700,0.0,0.0
2021-05-14 00:00:00-04:00,51.958935269950416,52.8698816713087,51.4333910683437,52.729736328125,1015100,0.0,0.0
2021-05-17 00:00:00-04:00,50.872820965106975,52.9136881861515,50.83778378621737,52.79106140136719,1214900,0.0,0.0
2021-05-18 00:00:00-04:00,52.62463270525784,53.1239007423425,50.977922274501516,51.0217170715332,1647800,0.0,0.0
2021-05-19 00:00:00-04:00,50.776472573130334,50.776472573130334,49.20859383448555,50.29471969604492,1726800,0.0,0.0
2021-05-20 00:00:00-04:00,49.95310732181118,50.329748595748136,49.12975376600863,49.96186828613281,1297600,0.0,0.0
2021-05-21 00:00:00-04:00,50.01441443107699,51.38959162007799,50.01441443107699,50.890323638916016,1776400,0.0,0.0
2021-05-24 00:00:00-04:00,50.811499776007174,50.86405553973325,50.17208635332038,50.39106369018555,911200,0.0,0.0
2021-05-25 00:00:00-04:00,50.67135176830993,51.135585970328236,48.94581271601357,49.06843948364258,1375100,0.0,0.0
2021-05-26 00:00:00-04:00,49.00713274973466,49.786691599438456,48.75311821584734,49.681583404541016,1050400,0.0,0.0
2021-05-27 00:00:00-04:00,50.40859015274305,50.793992464282454,50.12829938507595,50.688880920410156,1009000,0.0,0.0
2021-05-28 00:00:00-04:00,50.58377030223962,50.767710483237806,50.01442782810691,50.69763946533203,903500,0.0,0.0
2021-06-01 00:00:00-04:00,51.05675607810191,51.44215498367297,50.618801409409315,50.91661071777344,750000,0.0,0.0
2021-06-02 00:00:00-04:00,51.37208572893848,51.37208572893848,50.36478862000672,50.96040725708008,751800,0.0,0.0
2021-06-03 00:00:00-04:00,51.08303509295383,51.9063887124115,50.811501980581504,51.056758880615234,1216300,0.0,0.0
2021-06-04 00:00:00-04:00,51.065513701291025,51.065513701291025,49.94435081866324,50.91661071777344,641500,0.0,0.0
2021-06-07 00:00:00-04:00,51.179381041192954,51.205657251160204,50.56624385843599,50.63631820678711,918600,0.0,0.0
2021-06-08 00:00:00-04:00,50.20712357565407,50.80274219978546,49.25238225238426,50.627559661865234,986700,0.0,0.0
2021-06-09 00:00:00-04:00,50.00565728264321,50.29470558647604,49.21733765159279,49.59397888183594,924800,0.0,0.0
2021-06-10 00:00:00-04:00,50.55749072424871,50.57500931289186,48.2012923423467,48.24509048461914,944600,0.0,0.0
2021-06-11 00:00:00-04:00,48.648006394415575,48.86698373323668,48.13997736451268,48.4115104675293,963700,0.0,0.0
2021-06-14 00:00:00-04:00,48.323905751981975,48.66551312401886,47.04507920680094,47.316612243652344,909000,0.0,0.0
2021-06-15 00:00:00-04:00,47.41297352859576,48.034868358323706,47.00129506940705,47.75457763671875,1032600,0.0,0.0
2021-06-16 00:00:00-04:00,47.43924632630024,48.88449797041894,46.78231436830606,48.28887939453125,1620800,0.0,0.0
2021-06-17 00:00:00-04:00,48.78814700247979,48.8669789704252,45.12684598693265,45.21443557739258,1730800,0.0,0.0
2021-06-18 00:00:00-04:00,44.38231681675938,44.837789994089626,43.6115191394267,44.058231353759766,3206800,0.0,0.0
2021-06-21 00:00:00-04:00,44.23342348222769,46.22173816644772,44.23342348222769,46.142906188964844,2082200,0.0,0.0
2021-06-22 00:00:00-04:00,46.19545862503873,46.537062722401714,45.25823258636518,46.26552963256836,1254500,0.0,0.0
2021-06-23 00:00:00-04:00,46.51954593238205,46.85239241966105,46.23049424416711,46.54582214355469,1133900,0.0,0.0
2021-06-24 00:00:00-04:00,46.843630264844194,47.67574479123476,46.274291208819314,47.4830436706543,1346500,0.0,0.0
2021-06-25 00:00:00-04:00,47.50932560937339,48.91077926219835,47.28158730245866,48.59545135498047,2221400,0.0,0.0
2021-06-28 00:00:00-04:00,48.58668154683227,48.58668154683227,46.55457258918722,46.817344665527344,1049800,0.0,0.0
2021-06-29 00:00:00-04:00,47.24655290295535,47.66698902351605,45.94144973854742,46.16042709350586,714900,0.0,0.0
2021-06-30 00:00:00-04:00,45.78377721750151,46.50202254020028,45.76625863142,46.30056381225586,998100,0.0,0.0
2021-07-01 00:00:00-04:00,47.027575998670294,47.31662771382352,46.3531253379754,47.14144515991211,1021100,0.0,0.0
2021-07-02 00:00:00-04:00,46.86115586620024,47.04509604992421,46.563346517696445,46.650936126708984,799300,0.0,0.0
2021-07-06 00:00:00-04:00,46.44071395289984,46.44071395289984,44.758966270110285,45.302032470703125,902400,0.0,0.0
2021-07-07 00:00:00-04:00,44.66261852046105,45.52100926892834,44.469917397282835,44.942909240722656,1139800,0.0,0.0
2021-07-08 00:00:00-04:00,43.891811288124714,44.40859785850849,43.261155584245266,43.65531539916992,1690100,0.0,0.0
2021-07-09 00:00:00-04:00,44.820282918296186,45.85385628968926,44.64510370931097,45.80130386352539,1504200,0.0,0.0
2021-07-12 00:00:00-04:00,45.13560282767051,46.160418393210456,44.44363705583348,46.06406784057617,1183100,0.0,0.0
2021-07-13 00:00:00-04:00,46.02903460584889,46.09910895606031,44.87283455799191,45.03049850463867,1062200,0.0,0.0
2021-07-14 00:00:00-04:00,45.0918101452523,45.89764843485118,44.18086367573316,44.98670196533203,1119300,0.0,0.0
2021-07-15 00:00:00-04:00,44.42612844039908,45.73123165172798,44.04072614336553,45.25823974609375,1138700,0.0,0.0
2021-07-16 00:00:00-04:00,45.5385248592787,45.5385248592787,43.26991969431658,43.445098876953125,1533200,0.0,0.0
2021-07-19 00:00:00-04:00,42.28014421584382,42.604229735865395,41.220294717037476,41.78087615966797,2170000,0.0,0.0
2021-07-20 00:00:00-04:00,42.44655862616232,45.20567391643812,42.096196954293404,43.97064208984375,3870400,0.0,0.0
2021-07-21 00:00:00-04:00,44.46992006405465,46.204220252674205,44.15459214951852,45.23196029663086,2099100,0.0,0.0
2021-07-22 00:00:00-04:00,45.08304530910036,45.08304530910036,43.82173398655429,44.075748443603516,1283400,0.0,0.0
2021-07-23 00:00:00-04:00,44.75021058853368,45.231960081751204,44.19838674071696,44.54875183105469,1082300,0.0,0.0
2021-07-26 00:00:00-04:00,44.61882406597872,45.52101302883491,44.61882406597872,45.09181594848633,1252700,0.0,0.0
2021-07-27 00:00:00-04:00,44.62758482670215,45.293274503924785,44.18963012446038,45.266998291015625,1424300,0.0,0.0
2021-07-28 00:00:00-04:00,45.52976719247365,46.26553117334658,44.94290953721959,45.862613677978516,1518000,0.0,0.0
2021-07-29 00:00:00-04:00,46.379397278310925,46.9662548950346,45.72246531499584,46.28304672241211,1429400,0.0,0.0
2021-07-30 00:00:00-04:00,46.20421319219563,46.861145133316896,45.55603887343805,45.67866897583008,1283700,0.0,0.0
2021-08-02 00:00:00-04:00,45.85385422660537,47.246550259883904,45.17940695143312,45.223201751708984,1104300,0.0,0.0
2021-08-03 00:00:00-04:00,45.63487647417651,46.458233413818384,44.49619497058204,46.19546127319336,938600,0.0,0.0
2021-08-04 00:00:00-04:00,45.494734244613646,46.59838198914734,45.179409658933295,45.748748779296875,1059500,0.0,0.0
2021-08-05 00:00:00-04:00,46.116626138714125,46.77355811595319,46.099107551694956,46.52830123901367,1074900,0.0,0.0
2021-08-06 00:00:00-04:00,47.325380447314906,48.84070320059593,47.325380447314906,48.166255950927734,1641200,0.0,0.0
2021-08-09 00:00:00-04:00,47.84217047685535,48.52538208073682,47.439252954905506,47.78085708618164,1327500,0.0,0.0
2021-08-10 00:00:00-04:00,47.32537564454415,48.65675810371068,47.036327329924276,48.455299377441406,1185100,0.0,0.0
2021-08-11 00:00:00-04:00,48.39356313389695,49.3725477459141,47.837925946892234,49.35490798950195,1240800,0.38,0.0
2021-08-12 00:00:00-04:00,49.54894254441006,49.79589240828551,48.931564520281874,49.3372688293457,664100,0.0,0.0
2021-08-13 00:00:00-04:00,49.663603376619065,49.69887952833981,48.72871638500257,48.86983108520508,631500,0.0,0.0
2021-08-16 00:00:00-04:00,48.40238430719095,48.79927041219103,47.90848122491979,48.54349899291992,791800,0.0,0.0
2021-08-17 00:00:00-04:00,48.04959891270943,48.48176455725263,47.035338097050406,47.943763732910156,883800,0.0,0.0
2021-08-18 00:00:00-04:00,47.661534759551685,48.34946848090705,47.25583042974928,47.308746337890625,908100,0.0,0.0
2021-08-19 00:00:00-04:00,46.73546356095541,47.229363252687584,46.31211616170023,46.89421463012695,1051000,0.0,0.0
2021-08-20 00:00:00-04:00,46.76192927247993,47.65271519607649,46.52379758254266,47.511600494384766,1342400,0.0,0.0
2021-08-23 00:00:00-04:00,47.94376090215108,48.52585940333757,47.92612114581942,48.37592315673828,752000,0.0,0.0
2021-08-24 00:00:00-04:00,48.50821749380539,49.257888600206634,48.50821749380539,49.21379089355469,785000,0.0,0.0
2021-08-25 00:00:00-04:00,49.52248562393249,50.598483884988894,49.28435395118633,50.0428466796875,914100,0.0,0.0
2021-08-26 00:00:00-04:00,50.254512721836576,50.422085352229466,49.08149758020767,49.16969299316406,1068700,0.0,0.0
2021-08-27 00:00:00-04:00,49.672425789077984,51.70095103831241,49.36373840757454,51.63921356201172,2410600,0.0,0.0
2021-08-30 00:00:00-04:00,51.01300994601883,51.28642113373071,50.33389443933294,50.448551177978516,1777400,0.0,0.0
2021-08-31 00:00:00-04:00,50.65140731526322,51.39226034760733,50.39563586452111,51.06593322753906,1658000,0.0,0.0
2021-09-01 00:00:00-04:00,50.49264382950511,51.15411951286107,50.228054229050585,50.42208480834961,1305900,0.0,0.0
2021-09-02 00:00:00-04:00,50.46618692546247,51.03064564865617,50.22805527078275,50.404449462890625,792700,0.0,0.0
2021-09-03 00:00:00-04:00,50.56320648427994,51.0306482574893,50.0781215900745,50.37799072265625,1291000,0.0,0.0
2021-09-07 00:00:00-04:00,50.60730340706726,51.46280971790775,50.50146486937276,50.713138580322266,1060300,0.0,0.0
2021-09-08 00:00:00-04:00,50.54556409172267,50.91598886677293,49.76943166590959,49.83116912841797,1142200,0.0,0.0
2021-09-09 00:00:00-04:00,49.75179197913911,51.40989200244055,49.593037542629425,50.766056060791016,1433300,0.0,0.0
2021-09-10 00:00:00-04:00,50.97773609478969,51.409901779575165,50.41327726404622,50.6073112487793,1281400,0.0,0.0
2021-09-13 00:00:00-04:00,51.25996000032514,51.83324033117566,50.76606025873296,51.42753601074219,1264000,0.0,0.0
2021-09-14 00:00:00-04:00,51.45399728650291,51.98317657650268,49.972291237175725,50.148685455322266,1374400,0.0,0.0
2021-09-15 00:00:00-04:00,51.16294400743794,51.40989724744764,50.28979788199284,51.1364860534668,1262300,0.0,0.0
2021-09-16 00:00:00-04:00,51.3922591395051,51.8244214356235,50.74842311150433,50.8895378112793,996300,0.0,0.0
2021-09-17 00:00:00-04:00,50.70432422057969,51.42753746067804,50.122225676977614,50.35153579711914,2383800,0.0,0.0
2021-09-20 00:00:00-04:00,48.816910772833154,49.169699198057,47.95258283191847,49.09914016723633,1411900,0.0,0.0
2021-09-21 00:00:00-04:00,50.201602087412766,50.201602087412766,48.49940744647958,48.83455276489258,1198500,0.0,0.0
2021-09-22 00:00:00-04:00,49.47839204395885,50.83662325820152,49.47839204395885,50.192787170410156,1457000,0.0,0.0
2021-09-23 00:00:00-04:00,50.73077895927348,52.93569805504628,50.73077895927348,52.353599548339844,1789100,0.0,0.0
2021-09-24 00:00:00-04:00,52.19484845496747,53.50016023972747,52.19484845496747,53.138553619384766,981200,0.0,0.0
2021-09-27 00:00:00-04:00,53.85294657847312,55.687437563388556,53.85294657847312,55.46694564819336,1362900,0.0,0.0
2021-09-28 00:00:00-04:00,55.59924923551428,55.987313844562394,55.02596883710134,55.334659576416016,1128400,0.0,0.0
2021-09-29 00:00:00-04:00,55.32583966661465,56.41948121850077,55.05242843753308,56.21662902832031,1425200,0.0,0.0
2021-09-30 00:00:00-04:00,56.445932382533336,56.445932382533336,54.435047118026304,54.58498001098633,1462600,0.0,0.0
2021-10-01 00:00:00-04:00,54.85838761874845,56.542945668521256,54.72609112760481,56.13724136352539,1270700,0.0,0.0
2021-10-04 00:00:00-04:00,55.987305687519715,56.82517562295788,55.95202617426263,56.269535064697266,1170700,0.0,0.0
2021-10-05 00:00:00-04:00,56.851637040583505,57.01921305654803,55.81973644821988,55.969669342041016,1380400,0.0,0.0
2021-10-06 00:00:00-04:00,55.54632770409291,55.608065176562796,54.020523921948616,55.3875732421875,1084600,0.0,0.0
2021-10-07 00:00:00-04:00,55.89029537108546,56.30482129017383,55.264099076100024,55.62570571899414,1060700,0.0,0.0
2021-10-08 00:00:00-04:00,55.50222557429489,56.36655348454651,55.422848349657514,55.97848892211914,679600,0.0,0.0
2021-10-11 00:00:00-04:00,56.516490551361784,56.8075415007033,55.03478457975337,55.07006072998047,800900,0.0,0.0
2021-10-12 00:00:00-04:00,54.84074762377723,55.369926857171144,54.487959225221616,55.308189392089844,1083000,0.0,0.0
2021-10-13 00:00:00-04:00,55.334652124309194,55.334652124309194,53.49133959180577,54.80546951293945,970600,0.0,0.0
2021-10-14 00:00:00-04:00,55.53750326714846,55.58160097618093,54.71727309427421,55.24645233154297,904600,0.0,0.0
2021-10-15 00:00:00-04:00,55.94320859472282,56.084323284866834,54.717274093264294,54.80546951293945,1473800,0.0,0.0
2021-10-18 00:00:00-04:00,54.63790346657908,55.7315416061275,54.63790346657908,54.88485336303711,1288200,0.0,0.0
2021-10-19 00:00:00-04:00,54.16163372106872,55.855013373245306,53.341403530308746,55.784454345703125,2185200,0.0,0.0
2021-10-20 00:00:00-04:00,55.42284653634526,57.44254987147891,55.33465111827358,57.41609191894531,1518300,0.0,0.0
2021-10-21 00:00:00-04:00,57.33672211642066,57.583671996038255,55.85501610983552,56.94865417480469,988500,0.0,0.0
2021-10-22 00:00:00-04:00,57.21324511161163,58.77432492506707,57.07212705470664,58.5538330078125,1524100,0.0,0.0
2021-10-25 00:00:00-04:00,58.994816486038985,59.08301190663232,57.821797878397774,58.315704345703125,1144200,0.0,0.0
2021-10-26 00:00:00-04:00,58.48327565732685,58.73022553511661,57.53075566140627,57.58367156982422,1004100,0.0,0.0
2021-10-27 00:00:00-04:00,56.878091140411215,57.098583050104565,55.43166475113314,55.458126068115234,1457900,0.0,0.0
2021-10-28 00:00:00-04:00,55.62569304131469,56.30480845771683,55.0083150841819,55.44929885864258,1803800,0.0,0.0
2021-10-29 00:00:00-04:00,55.6697986388913,56.26071872995928,55.49340443120953,55.555145263671875,1151500,0.0,0.0
2021-11-01 00:00:00-04:00,56.04904418792644,57.25733894154528,55.925569253687385,56.61350631713867,1344000,0.0,0.0
2021-11-02 00:00:00-04:00,56.454756268422365,57.01039351579806,56.1372473473849,56.38419723510742,1014200,0.0,0.0
2021-11-03 00:00:00-04:00,56.04904353607909,58.42153530555938,55.7668141569751,58.015830993652344,1670700,0.0,0.0
2021-11-04 00:00:00-04:00,58.01583596074856,58.01583596074856,56.28718002462575,56.70170593261719,1537600,0.0,0.0
2021-11-05 00:00:00-04:00,56.85163674954597,58.07757130593381,56.710525417518916,57.16032409667969,1064800,0.0,0.0
2021-11-08 00:00:00-05:00,57.38081183521143,58.32451692983808,57.169141488168925,57.64540481567383,939500,0.0,0.0
2021-11-09 00:00:00-05:00,57.05989942879098,57.93815158689777,56.226002859174976,57.79621505737305,1306800,0.38,0.0
2021-11-10 00:00:00-05:00,57.82283458084468,58.36398162321086,57.379271875182546,57.725250244140625,1288100,0.0,0.0
2021-11-11 00:00:00-05:00,57.82283192360411,58.95835131499977,57.68088861556493,58.45269012451172,884200,0.0,0.0
2021-11-12 00:00:00-05:00,58.31075534837058,58.63898741373736,57.6187918530946,58.08897399902344,796900,0.0,0.0
2021-11-15 00:00:00-05:00,58.35512129843844,59.04707818842289,58.20431156974568,58.860782623291016,845600,0.0,0.0
2021-11-16 00:00:00-05:00,58.77206060763693,59.49950320027772,58.50592026740468,58.940616607666016,1183300,0.0,0.0
2021-11-17 00:00:00-05:00,59.259972877959136,59.428522082935125,58.08009460198258,58.80753707885742,1119400,0.0,0.0
2021-11-18 00:00:00-05:00,58.85189596812502,59.251106460289755,58.355107908431684,58.745445251464844,1130300,0.0,0.0
2021-11-19 00:00:00-05:00,57.55668105264052,58.51477790155812,56.86472447338721,58.02686309814453,1372500,0.0,0.0
2021-11-22 00:00:00-05:00,58.31075057404177,59.934184774485814,57.76073043613238,58.77205276489258,972600,0.0,0.0
2021-11-23 00:00:00-05:00,59.313198350069634,60.1027393289473,59.03819167174092,59.97854232788086,933200,0.0,0.0
2021-11-24 00:00:00-05:00,59.85434985658957,60.54630656296388,59.685793870287824,59.87208938598633,977900,0.0,0.0
2021-11-26 00:00:00-05:00,57.42362892248109,57.55669231512239,55.72921619506695,56.92683410644531,1524700,0.0,0.0
2021-11-29 00:00:00-05:00,57.98252055230952,58.25752727881621,56.62521968270795,57.583316802978516,1662400,0.0,0.0
2021-11-30 00:00:00-05:00,56.36795392358477,57.02442488498696,55.631638149343914,55.959877014160156,1722600,0.0,0.0
2021-12-01 00:00:00-05:00,57.13087235907759,57.90266706118,55.31226273313478,55.33000564575195,2476900,0.0,0.0
2021-12-02 00:00:00-05:00,55.88003083031449,57.18410287634161,55.35662670524726,56.82038497924805,1745400,0.0,0.0
2021-12-03 00:00:00-05:00,57.13087987701125,57.13087987701125,54.32756361278216,54.92193603515625,1407900,0.0,0.0
2021-12-06 00:00:00-05:00,55.995350121963746,57.70750567104332,55.56953036783304,56.66069412231445,1760000,0.0,0.0
2021-12-07 00:00:00-05:00,57.17522914329798,57.672023968135264,56.7227966797282,57.16636276245117,942000,0.0,0.0
2021-12-08 00:00:00-05:00,57.2816881590581,57.44137100555564,55.959873176968976,56.20826721191406,985100,0.0,0.0
2021-12-09 00:00:00-05:00,55.90664307707695,56.935708405030994,55.418724784222974,55.897769927978516,1246300,0.0,0.0
2021-12-10 00:00:00-05:00,56.27036398199215,56.518758009262285,55.170327005011174,56.0751953125,538200,0.0,0.0
2021-12-13 00:00:00-05:00,55.817926547810536,56.11067954371804,54.150133292006494,54.26545715332031,1380700,0.0,0.0
2021-12-14 00:00:00-05:00,54.336434120019426,55.43647117325575,54.221106863314525,55.241302490234375,1633300,0.0,0.0
2021-12-15 00:00:00-05:00,55.38323762860268,56.03083874855805,54.57595366985122,55.675987243652344,1389600,0.0,0.0
2021-12-16 00:00:00-05:00,56.421171027153115,57.042162834420246,55.693728509324814,56.30584716796875,1583400,0.0,0.0
2021-12-17 00:00:00-05:00,56.20825897447917,56.20825897447917,54.03480133488954,54.29206848144531,3901400,0.0,0.0
2021-12-20 00:00:00-05:00,53.43155220198392,53.43155220198392,51.61294615713054,52.69524002075195,1478800,0.0,0.0
2021-12-21 00:00:00-05:00,53.43156430781506,54.82435096388043,53.43156430781506,54.6912841796875,975200,0.0,0.0
2021-12-22 00:00:00-05:00,54.3719175193281,55.05500449524565,54.16787907989011,54.87757873535156,818600,0.0,0.0
2021-12-23 00:00:00-05:00,55.374361828916975,55.968737563563735,55.188066320611185,55.321136474609375,572000,0.0,0.0
2021-12-27 00:00:00-05:00,55.374365806960476,55.94212890524101,54.75338073466351,55.897769927978516,495500,0.0,0.0
2021-12-28 00:00:00-05:00,55.72034758444828,56.359075571160396,55.56066474174153,55.98648452758789,497200,0.0,0.0
2021-12-29 00:00:00-05:00,56.13729574387439,56.678442793934906,55.65825058687526,56.288108825683594,691600,0.0,0.0
2021-12-30 00:00:00-05:00,56.28810653796351,56.88248230758443,55.95099794301604,56.00422668457031,413100,0.0,0.0
2021-12-31 00:00:00-05:00,55.77357084422315,56.26148911897452,55.48969099767274,56.03083801269531,552900,0.0,0.0
2022-01-03 00:00:00-05:00,56.66957505654069,57.71637998086001,56.53650488454231,56.98893737792969,1218000,0.0,0.0
2022-01-04 00:00:00-05:00,58.64786299630357,59.393045112279715,57.79622339166086,58.61237716674805,1355900,0.0,0.0
2022-01-05 00:00:00-05:00,58.96722660214647,59.7390213708515,58.62124823654151,58.745445251464844,1113800,0.0,0.0
2022-01-06 00:00:00-05:00,59.52611391129566,61.37133639634262,58.8341571714605,61.15842819213867,1439600,0.0,0.0
2022-01-07 00:00:00-05:00,61.37133498161332,62.44475589536057,60.67050510869147,62.17861557006836,1289200,0.0,0.0
2022-01-10 00:00:00-05:00,62.70200622464038,63.172181473862764,60.86565742456309,61.70842361450195,1577900,0.0,0.0
2022-01-11 00:00:00-05:00,62.20522270028586,62.35603236291668,60.88340125281825,62.2939338684082,851600,0.0,0.0
2022-01-12 00:00:00-05:00,62.568948346400056,62.985898333779765,61.885864821364386,62.28506851196289,1014400,0.0,0.0
2022-01-13 00:00:00-05:00,62.497967267675286,63.14557163791319,61.99230617735784,62.1519889831543,1474800,0.0,0.0
2022-01-14 00:00:00-05:00,61.79716272965791,62.77299938102191,60.94551633287938,62.6754150390625,1546600,0.0,0.0
2022-01-18 00:00:00-05:00,62.728628418689794,62.835085890009715,61.3181024569023,61.593109130859375,1018100,0.0,0.0
2022-01-19 00:00:00-05:00,61.8326396298648,61.8326396298648,58.54140510387661,58.701087951660156,1939400,0.0,0.0
2022-01-20 00:00:00-05:00,58.86964683951555,59.348695406389,56.84700184709227,56.980072021484375,1186500,0.0,0.0
2022-01-21 00:00:00-05:00,56.38568927476376,56.518756048707665,54.363041146492456,54.779991149902344,1996000,0.0,0.0
2022-01-24 00:00:00-05:00,53.70656736893066,55.9332504200165,52.775086465235226,55.68485641479492,2327900,0.0,0.0
2022-01-25 00:00:00-05:00,56.110671947872234,59.827728903611835,55.81791899159545,58.97608947753906,3832600,0.0,0.0
2022-01-26 00:00:00-05:00,59.756761872415346,60.70598569052413,58.6123694017223,59.61481857299805,2315800,0.0,0.0
2022-01-27 00:00:00-05:00,60.28015965338152,61.30035507199818,58.81640836604969,59.42852020263672,1781200,0.0,0.0
2022-01-28 00:00:00-05:00,59.251108509009455,60.48421231997781,58.772059962785576,60.45759963989258,2186800,0.0,0.0
2022-01-31 00:00:00-05:00,60.02290796805164,60.8124490346361,59.118036267501786,60.16484451293945,1503400,0.0,0.0
2022-02-01 00:00:00-05:00,59.98741115508699,61.31809901485905,59.641432853004524,61.25600051879883,1158000,0.0,0.0
2022-02-02 00:00:00-05:00,61.122946916322135,61.67296038217086,60.4753423379996,61.47779846191406,948100,0.0,0.0
2022-02-03 00:00:00-05:00,61.380203405227874,62.83508839683223,60.78582429359815,61.1229362487793,1243100,0.0,0.0
2022-02-04 00:00:00-05:00,61.47778729164773,63.7310796450472,61.264872342040185,63.1367073059082,1207400,0.0,0.0
2022-02-07 00:00:00-05:00,63.2875322588127,63.926263725321505,62.719772459300586,63.56254577636719,809400,0.0,0.0
2022-02-08 00:00:00-05:00,64.25449258440054,65.9488985681534,63.69560602251487,65.62066650390625,1998800,0.0,0.0
2022-02-09 00:00:00-05:00,65.52307812656154,65.59404977810699,64.40529830352303,64.70692443847656,1351700,0.0,0.0
2022-02-10 00:00:00-05:00,65.0262958314599,66.92474368407682,64.84886668696358,65.75373840332031,2554400,0.0,0.0
2022-02-11 00:00:00-05:00,65.16822281013481,66.67633985988162,64.42304081735523,64.95531463623047,1226200,0.0,0.0
2022-02-14 00:00:00-05:00,65.8956694782276,66.79166797089178,63.420588955948645,64.19239044189453,2020800,0.0,0.0
2022-02-15 00:00:00-05:00,65.08839370511001,66.41020866962317,64.66257053070208,65.92228698730469,1631400,0.0,0.0
2022-02-16 00:00:00-05:00,65.47644519844458,66.74263656306978,65.27135460695429,65.90445709228516,1230700,0.38,0.0
2022-02-17 00:00:00-05:00,65.35160147444824,65.40510040321996,63.32747249769812,63.50581359863281,1110000,0.0,0.0
2022-02-18 00:00:00-05:00,63.21155568877533,64.12999024594085,62.85488029102689,63.05997085571289,1701600,0.0,0.0
2022-02-22 00:00:00-05:00,62.8548838775538,64.06757621728482,62.63196259161821,63.2115592956543,1223400,0.0,0.0
2022-02-23 00:00:00-05:00,63.74657279848572,64.16566592936009,61.749199862997045,62.15937423706055,1148800,0.0,0.0
2022-02-24 00:00:00-05:00,59.350565617670945,59.86774467408658,56.98760184343539,59.71615982055664,2880200,0.0,0.0
2022-02-25 00:00:00-05:00,60.028259397269245,63.702005605089006,60.028259397269245,63.300743103027344,1941000,0.0,0.0
2022-02-28 00:00:00-05:00,61.3301030981165,63.30072644942498,61.16959950012217,63.2115592956543,1732500,0.0,0.0
2022-03-01 00:00:00-05:00,62.65871722982995,62.65871722982995,57.28185645769466,57.90604019165039,3224100,0.0,0.0
2022-03-02 00:00:00-05:00,58.72638328168122,62.19503789760745,58.503461998894096,60.973426818847656,1935100,0.0,0.0
2022-03-03 00:00:00-05:00,61.16068112153409,62.06128502712047,60.08174290730505,60.63459014892578,1874000,0.0,0.0
2022-03-04 00:00:00-05:00,59.395157709886995,59.395157709886995,57.4958704913139,58.30730056762695,1760600,0.0,0.0
2022-03-07 00:00:00-05:00,57.52261126997283,58.218124602584375,55.462817336803894,55.489566802978516,1815500,0.0,0.0
2022-03-08 00:00:00-05:00,56.265342472502894,57.56720222660551,55.0615686480878,55.68574905395508,1698600,0.0,0.0
2022-03-09 00:00:00-05:00,57.950623134470234,58.842308394345835,57.15702379742244,58.07545852661133,1409100,0.0,0.0
2022-03-10 00:00:00-05:00,57.50477900428497,58.73530898474183,56.809265608210296,57.53152847290039,1230600,0.0,0.0
2022-03-11 00:00:00-05:00,58.021953856931184,59.22572747825813,57.174855664927996,57.255104064941406,1138200,0.0,0.0
2022-03-14 00:00:00-04:00,58.4410521727512,59.56457749396885,57.558285679018056,57.95954132080078,1525200,0.0,0.0
2022-03-15 00:00:00-04:00,58.209211643454246,58.81555788153267,57.19269100947256,58.280548095703125,1117400,0.0,0.0
2022-03-16 00:00:00-04:00,59.25247888171454,61.51736010848186,58.80663628124109,61.40144348144531,1999400,0.0,0.0
2022-03-17 00:00:00-04:00,59.78749529443674,61.04476788704258,58.93147151702309,60.93776321411133,1884600,0.0,0.0
2022-03-18 00:00:00-04:00,60.786182056900294,60.91101744806364,58.592637151149034,60.5008430480957,4135800,0.0,0.0
2022-03-21 00:00:00-04:00,60.928849725358866,61.7581172113849,59.511066757564286,60.420589447021484,1779800,0.0,0.0
2022-03-22 00:00:00-04:00,61.446030379700694,62.453632206323114,61.03584920116317,61.998870849609375,1805000,0.0,0.0
2022-03-23 00:00:00-04:00,61.294437915006554,61.56194619259953,60.22441841067085,60.36708450317383,1498600,0.0,0.0
2022-03-24 00:00:00-04:00,60.777272983561986,61.2587770562918,60.24225636405079,61.15177917480469,1329500,0.0,0.0
2022-03-25 00:00:00-04:00,61.22309766750346,63.461222203487395,61.13392372173709,63.38097381591797,1996200,0.0,0.0
2022-03-28 00:00:00-04:00,62.96189228551254,63.05997820139455,61.18744064886025,62.17721176147461,1344300,0.0,0.0
2022-03-29 00:00:00-04:00,63.28290254709327,63.53257332571487,61.78487107234515,62.186126708984375,1257700,0.0,0.0
2022-03-30 00:00:00-04:00,62.302050957855506,62.400136879740685,59.0830666563984,60.072837829589844,1257100,0.0,0.0
2022-03-31 00:00:00-04:00,59.94800087941783,60.429504915943085,58.43213190981336,58.45888137817383,1578300,0.0,0.0
2022-04-01 00:00:00-04:00,59.39515608184088,59.965834107544794,57.308609022908264,57.335365295410156,2479500,0.0,0.0
2022-04-04 00:00:00-04:00,57.326439109615364,57.92386652738852,55.97107727344013,57.15701675415039,1220400,0.0,0.0
2022-04-05 00:00:00-04:00,57.121357308841226,57.89712595762599,56.880605274677045,57.42453384399414,1384200,0.0,0.0
2022-04-06 00:00:00-04:00,57.07677040202324,57.424527078745705,56.32775131160852,56.77359390258789,1568200,0.0,0.0
2022-04-07 00:00:00-04:00,56.68442659769377,57.02326791838009,55.29339649290968,56.336669921875,1093500,0.0,0.0
2022-04-08 00:00:00-04:00,56.782507838822674,57.36210451849583,56.19399580475075,56.96976089477539,889300,0.0,0.0
2022-04-11 00:00:00-04:00,57.032186581893235,58.521299285552274,56.92518530655173,57.272945404052734,939800,0.0,0.0
2022-04-12 00:00:00-04:00,56.827102970716176,58.0843790901751,55.78383281694596,56.372344970703125,816600,0.0,0.0
2022-04-13 00:00:00-04:00,55.7838257775378,57.10351942847488,55.43606570198911,57.0856819152832,964100,0.0,0.0
2022-04-14 00:00:00-04:00,56.80925996415938,57.35318844869461,55.864075884221094,56.104827880859375,1138300,0.0,0.0
2022-04-18 00:00:00-04:00,56.238584159505564,57.130269341551326,56.03349697581612,56.78251266479492,1167400,0.0,0.0
2022-04-19 00:00:00-04:00,57.076770422514095,58.53913357720996,56.92518217274199,58.43212890625,1079600,0.0,0.0
2022-04-20 00:00:00-04:00,58.56588267790905,59.65373968196839,58.12004008955804,58.15570831298828,1826700,0.0,0.0
2022-04-21 00:00:00-04:00,58.90471917879843,58.98497438034014,55.07939244792601,55.489566802978516,1966800,0.0,0.0
2022-04-22 00:00:00-04:00,55.453901984393276,55.748159736412546,54.0004575412051,54.16096115112305,1967400,0.0,0.0
2022-04-25 00:00:00-04:00,52.93934952683743,54.60680330481427,52.404339765872,54.47304916381836,2811400,0.0,0.0
2022-04-26 00:00:00-04:00,50.68338789595924,52.092248770746615,49.08727054036026,49.78278732299805,4341400,0.0,0.0
2022-04-27 00:00:00-04:00,49.292364633454014,50.62097729013429,49.09619617117619,49.943294525146484,1986800,0.0,0.0
2022-04-28 00:00:00-04:00,50.5228812568547,52.011997249539256,49.86303273882194,51.708824157714844,1902800,0.0,0.0
2022-04-29 00:00:00-04:00,51.583984049039664,52.08332895256989,50.17512329496799,50.38912582397461,1745100,0.0,0.0
2022-05-02 00:00:00-04:00,50.91522800736024,51.369989403933374,49.59553420425263,50.83497619628906,1416800,0.0,0.0
2022-05-03 00:00:00-04:00,51.16489971260285,51.9495802699463,50.80822425816731,51.24515151977539,1497200,0.0,0.0
2022-05-04 00:00:00-04:00,51.530490614387844,53.064186907566864,51.147065690715785,53.037437438964844,1752600,0.0,0.0
2022-05-05 00:00:00-04:00,52.36867465595809,52.42217699584025,49.92545896033094,51.191650390625,1375200,0.0,0.0
2022-05-06 00:00:00-04:00,50.986566738223004,51.120320896481864,49.28344791747585,49.8541259765625,1168500,0.0,0.0
2022-05-09 00:00:00-04:00,49.12294606715254,49.65795591654423,48.35609612191736,49.18536376953125,1887500,0.0,0.0
2022-05-10 00:00:00-04:00,49.470693233895695,50.041371203189385,47.16122848837284,48.052913665771484,1485700,0.0,0.0
2022-05-11 00:00:00-04:00,48.177751527439426,49.6133652812244,47.59815817318763,47.66057586669922,1291100,0.0,0.0
2022-05-12 00:00:00-04:00,47.44656910954295,48.14208588492973,46.528134433626654,47.68732452392578,1603300,0.0,0.0
2022-05-13 00:00:00-04:00,48.07966316963612,48.54333987042156,47.125560301205546,47.75865936279297,1486000,0.0,0.0
2022-05-16 00:00:00-04:00,47.731905332590244,47.83891000044238,46.67080122104011,47.196895599365234,1105100,0.0,0.0
2022-05-17 00:00:00-04:00,48.14208828470714,49.140774815200054,47.94591644065148,48.953521728515625,1055600,0.0,0.0
2022-05-18 00:00:00-04:00,48.52252392904099,48.540482342697324,47.220568053303,47.588706970214844,1058800,0.38,0.0
2022-05-19 00:00:00-04:00,46.933236688429695,47.768284020759374,46.23287573559199,46.74467849731445,2119000,0.0,0.0
2022-05-20 00:00:00-04:00,47.2295437270955,47.71441060147608,45.45170194625043,46.681827545166016,1504600,0.0,0.0
2022-05-23 00:00:00-04:00,47.42708210426587,49.03432407469219,47.409123691582025,48.75597381591797,1488000,0.0,0.0
2022-05-24 00:00:00-04:00,48.55844096127773,48.64822960472113,47.193632344591464,48.07357406616211,1221200,0.0,0.0
2022-05-25 00:00:00-04:00,48.037657469053826,49.66285795482337,47.87603516990692,49.34859085083008,1853800,0.0,0.0
2022-05-26 00:00:00-04:00,49.725709814922205,50.89297929081449,49.582045932123414,50.63258743286133,1057900,0.0,0.0
2022-05-27 00:00:00-04:00,50.668508812345,51.26112281028751,50.33628669575143,51.21622848510742,1071100,0.0,0.0
2022-05-31 00:00:00-04:00,50.72238405769158,51.647220172227655,49.914272503580236,51.21622848510742,1720600,0.0,0.0
2022-06-01 00:00:00-04:00,51.117453224494966,51.189283451743904,49.519192134514014,50.282405853271484,1096200,0.0,0.0
2022-06-02 00:00:00-04:00,50.26444864312273,51.306012652287905,50.030996117455174,51.27009582519531,885400,0.0,0.0
2022-06-03 00:00:00-04:00,51.036646131623854,51.12643477912069,50.45300964724241,50.767276763916016,848000,0.0,0.0
2022-06-06 00:00:00-04:00,51.350904680084916,51.8896467867608,50.71339644114126,51.08153533935547,823300,0.0,0.0
2022-06-07 00:00:00-04:00,50.68645468095038,51.602313073833336,50.282399003911344,51.530479431152344,1136700,0.0,0.0
2022-06-08 00:00:00-04:00,50.991749103312664,51.14439048100477,50.40811264988684,50.75829315185547,746300,0.0,0.0
2022-06-09 00:00:00-04:00,50.758296600339456,50.758296600339456,49.16901285440016,49.17799377441406,1178100,0.0,0.0
2022-06-10 00:00:00-04:00,47.813179702949334,48.68414388468753,47.08587939833339,47.400146484375,1965300,0.0,0.0
2022-06-13 00:00:00-04:00,46.19696670153413,46.798558200890355,45.5504774512979,45.873722076416016,2080400,0.0,0.0
2022-06-14 00:00:00-04:00,46.15206604002716,47.6874743733369,46.125126708153935,46.52918243408203,2056500,0.0,0.0
2022-06-15 00:00:00-04:00,46.90629970885196,48.369874311395364,46.816507649507166,47.696449279785156,2872800,0.0,0.0
2022-06-16 00:00:00-04:00,46.3855167921223,47.08587774027903,45.67617492527711,46.412452697753906,2035800,0.0,0.0
2022-06-17 00:00:00-04:00,46.76264411549688,47.87603844669398,46.69081045530742,46.92426300048828,2780200,0.0,0.0
2022-06-21 00:00:00-04:00,47.956843234127476,48.45966851303664,47.34627090445813,47.60666275024414,1913500,0.0,0.0
2022-06-22 00:00:00-04:00,46.960178071549606,47.74135025815293,46.86140850509753,47.193634033203125,1641700,0.0,0.0
2022-06-23 00:00:00-04:00,46.95120218832007,47.00507400807565,44.912968327276225,45.64924621582031,1362900,0.0,0.0
2022-06-24 00:00:00-04:00,46.0892170668397,47.88501739501953,45.83780269174676,47.88501739501953,1935100,0.0,0.0
2022-06-27 00:00:00-04:00,48.20825962245805,48.20825962245805,46.90630709646455,47.238529205322266,1233500,0.0,0.0
2022-06-28 00:00:00-04:00,47.87603031509167,48.423749892746706,47.23852210266758,47.31035232543945,726600,0.0,0.0
2022-06-29 00:00:00-04:00,47.42708552048194,47.42708552048194,46.30471033602294,46.66387176513672,752400,0.0,0.0
2022-06-30 00:00:00-04:00,45.54149507536819,46.54714224834238,44.84113065426761,45.70311737060547,1053900,0.0,0.0
2022-07-01 00:00:00-04:00,45.469665655567134,46.268796286861054,44.59870136404941,46.13411331176758,1240300,0.0,0.0
2022-07-05 00:00:00-04:00,44.98478961617531,45.87371214275969,44.239534380948754,45.8647346496582,1115100,0.0,0.0
2022-07-06 00:00:00-04:00,45.46068457157989,45.810865074481,44.805217887264476,45.263145446777344,1233400,0.0,0.0
2022-07-07 00:00:00-04:00,45.96350797276894,46.48429170984825,45.96350797276894,46.223899841308594,1108600,0.0,0.0
2022-07-08 00:00:00-04:00,46.55611612169005,46.699779992370566,45.568427438913645,45.828819274902344,1065500,0.0,0.0
2022-07-11 00:00:00-04:00,45.46966206579038,45.774948247204684,44.939900851724886,45.263145446777344,1077600,0.0,0.0
2022-07-12 00:00:00-04:00,44.886030563841814,46.044319168582305,44.886030563841814,45.074588775634766,1291500,0.0,0.0
2022-07-13 00:00:00-04:00,44.8321595843029,45.03867622998349,43.71876177148406,44.508914947509766,1385400,0.0,0.0
2022-07-14 00:00:00-04:00,43.6199927572902,43.86242279374855,43.02737534527124,43.584075927734375,1177000,0.0,0.0
2022-07-15 00:00:00-04:00,44.490955653437894,45.586395028679,43.95221688622746,45.460689544677734,1097200,0.0,0.0
2022-07-18 00:00:00-04:00,45.90963776117916,46.86140977225234,45.42477083560374,45.67618179321289,853100,0.0,0.0
2022-07-19 00:00:00-04:00,46.205943722401145,47.95684980701098,46.205943722401145,47.229549407958984,1563400,0.0,0.0
2022-07-20 00:00:00-04:00,46.84344644833595,47.876032930677056,46.84344644833595,47.831138610839844,1012200,0.0,0.0
2022-07-21 00:00:00-04:00,47.61564372835697,48.11846904406159,47.16669365458338,47.633602142333984,1380100,0.0,0.0
2022-07-22 00:00:00-04:00,47.624625280784116,48.08255285502247,46.88834742402925,47.37321090698242,1671000,0.0,0.0
2022-07-25 00:00:00-04:00,47.804210929955126,48.684152766006434,47.364238299320654,48.56742477416992,1313800,0.0,0.0
2022-07-26 00:00:00-04:00,47.7862467852773,48.56741895191378,47.076904849086226,47.355255126953125,2257600,0.0,0.0
2022-07-27 00:00:00-04:00,47.36423064821146,48.7380167159669,47.18464994175303,48.082550048828125,2908100,0.0,0.0
2022-07-28 00:00:00-04:00,48.19927980979982,48.37886052291994,47.202610105939456,48.01969909667969,1461900,0.0,0.0
2022-07-29 00:00:00-04:00,48.23519813270357,49.11513988653046,48.09153424279749,48.98045349121094,1723000,0.0,0.0
2022-08-01 00:00:00-04:00,48.74700408983236,48.96249822594276,48.06459799997517,48.42375946044922,1231600,0.0,0.0
2022-08-02 00:00:00-04:00,48.4596690457005,48.91759658537751,47.65155759307399,47.67849349975586,938800,0.0,0.0
2022-08-03 00:00:00-04:00,48.02867291927566,48.6392417733162,47.597677901386206,48.45068359375,1075700,0.0,0.0
2022-08-04 00:00:00-04:00,48.24417037105558,48.450686976219366,47.66053738043192,47.8670539855957,949100,0.0,0.0
2022-08-05 00:00:00-04:00,47.82215900038918,49.088198035659005,47.723392864131405,48.48660659790039,760300,0.0,0.0
2022-08-08 00:00:00-04:00,48.666194349937925,49.222891547191274,48.54048886267597,48.56742477416992,993000,0.0,0.0
2022-08-09 00:00:00-04:00,48.61231923824717,49.08820527713743,48.33397235144765,49.05229187011719,1270300,0.0,0.0
2022-08-10 00:00:00-04:00,49.71672889556263,51.009707265968856,49.60898183976783,50.63258743286133,1260100,0.0,0.0
2022-08-11 00:00:00-04:00,51.07255925962881,51.57538112952078,51.063578340399545,51.404781341552734,1328400,0.0,0.0
2022-08-12 00:00:00-04:00,51.66517681443692,52.320643530182494,51.44070177102197,52.27574920654297,1204900,0.0,0.0
2022-08-15 00:00:00-04:00,51.90760346878734,52.850397842513985,51.6382307118224,52.65285873413086,1287300,0.0,0.0
2022-08-16 00:00:00-04:00,52.56308059216158,53.43404149118251,52.5002278497132,52.96713638305664,1080100,0.0,0.0
2022-08-17 00:00:00-04:00,52.29802876061672,53.44634342678031,51.99060590944544,53.048500061035156,1374400,0.41,0.0
2022-08-18 00:00:00-04:00,53.12988886902064,53.21126562602843,52.759173298027534,53.15701675415039,615400,0.0,0.0
2022-08-19 00:00:00-04:00,52.551201897275625,52.70491505504441,51.873063525849496,52.0991096496582,707000,0.0,0.0
2022-08-22 00:00:00-04:00,51.4119299521782,51.4119299521782,50.47157726759594,50.63433074951172,815700,0.0,0.0
2022-08-23 00:00:00-04:00,50.67954036316916,51.185884923159215,50.54391475814352,50.80612564086914,663200,0.0,0.0
2022-08-24 00:00:00-04:00,50.57104136974207,51.0231336377003,50.33595145885724,50.88750457763672,549300,0.0,0.0
2022-08-25 00:00:00-04:00,51.05025821149903,51.954442749921,50.93271670492118,51.818817138671875,864600,0.0,0.0
2022-08-26 00:00:00-04:00,51.891145263178835,52.42461422900632,50.996004585265396,51.032169342041016,1215200,0.0,0.0
2022-08-29 00:00:00-04:00,50.60720874671094,50.923671949401104,50.010447100787886,50.408287048339844,1221200,0.0,0.0
2022-08-30 00:00:00-04:00,50.59816855273567,50.851342582004904,49.88386190272431,50.091827392578125,941600,0.0,0.0
2022-08-31 00:00:00-04:00,50.10990989165694,50.49870955346958,49.61260904141931,49.75727844238281,871600,0.0,0.0
2022-09-01 00:00:00-04:00,49.50409815186191,49.86577330798983,48.7445830833452,49.82960510253906,976000,0.0,0.0
2022-09-02 00:00:00-04:00,50.435410055329676,51.08642399583155,49.53122555982823,49.76631546020508,1229200,0.0,0.0
2022-09-06 00:00:00-04:00,50.14606873242458,50.27265400346137,48.91637732945587,49.42272186279297,1002100,0.0,0.0
2022-09-07 00:00:00-04:00,49.34135063871886,51.113551529672975,49.061052186390164,50.95079803466797,1100200,0.0,0.0
2022-09-08 00:00:00-04:00,50.52583479962471,52.77725245015199,50.27266077426331,52.677791595458984,1218200,0.0,0.0
2022-09-09 00:00:00-04:00,53.10275236977948,53.63622133360052,52.74108065905383,53.048500061035156,1345700,0.0,0.0
2022-09-12 00:00:00-04:00,53.193177270103284,53.76281103752993,52.5331195314574,53.0032958984375,1229300,0.0,0.0
2022-09-13 00:00:00-04:00,52.01773451789601,52.668748478365174,51.49330928799936,51.80977249145508,1361700,0.0,0.0
2022-09-14 00:00:00-04:00,52.0267764568654,52.57832954842519,51.29438577720878,52.406532287597656,1310200,0.0,0.0
2022-09-15 00:00:00-04:00,52.478875043842436,54.02502988298059,52.478875043842436,53.319766998291016,1428200,0.0,0.0
2022-09-16 00:00:00-04:00,52.614496239368265,52.614496239368265,51.72839581925399,52.17144775390625,1876900,0.0,0.0
2022-09-19 00:00:00-04:00,51.55659780985902,52.9580830190693,51.55659780985902,52.78628921508789,1160700,0.0,0.0
2022-09-20 00:00:00-04:00,52.23474039468653,52.65970822494582,51.53851789691313,52.17144775390625,1163700,0.0,0.0
2022-09-21 00:00:00-04:00,52.29803099252261,53.24742401633056,51.62893295288086,51.62893295288086,1252200,0.0,0.0
2022-09-22 00:00:00-04:00,51.791688261800054,51.93635764719988,50.26361766294002,50.408287048339844,824400,0.0,0.0
2022-09-23 00:00:00-04:00,49.83865193393186,49.910988354274295,48.464290990138736,49.296142578125,952700,0.0,0.0
2022-09-26 00:00:00-04:00,48.84404910263893,49.67589722106752,47.98507310265094,48.400997161865234,939200,0.0,0.0
2022-09-27 00:00:00-04:00,48.59088068464576,49.06105362938872,47.306936791752584,47.704776763916016,1241900,0.0,0.0
2022-09-28 00:00:00-04:00,47.82231773710002,48.50949988985311,47.740940993989526,48.16590881347656,1197200,0.0,0.0
2022-09-29 00:00:00-04:00,47.49680668339884,47.542018663945406,46.40274435829294,46.818668365478516,1650400,0.0,0.0
2022-09-30 00:00:00-04:00,46.80059189503566,47.153226775179114,45.92353520628307,45.9868278503418,1611500,0.0,0.0
2022-10-03 00:00:00-04:00,46.7734655918906,47.352143142546886,45.805988415163945,47.20747375488281,1931900,0.0,0.0
2022-10-04 00:00:00-04:00,47.77711224283736,49.296142578125,47.77711224283736,49.296142578125,1837600,0.0,0.0
2022-10-05 00:00:00-04:00,48.43716104762504,48.880212948851685,48.06644555851293,48.39195251464844,855400,0.0,0.0
2022-10-06 00:00:00-04:00,48.01219554167909,48.30153430557126,47.1893877851376,47.388309478759766,986900,0.0,0.0
2022-10-07 00:00:00-04:00,46.79154926393457,46.94525897788594,45.36293605591714,45.54377365112305,1533200,0.0,0.0
2022-10-10 00:00:00-04:00,46.08628922541535,46.095329553587064,44.811389103395506,45.16402053833008,874300,0.0,0.0
2022-10-11 00:00:00-04:00,45.02838977940693,45.27252002115507,44.1965416512491,44.467796325683594,1148100,0.0,0.0
2022-10-12 00:00:00-04:00,44.31408334362263,44.5491732585181,43.744449559694274,43.79869842529297,1176200,0.0,0.0
2022-10-13 00:00:00-04:00,43.31043482946426,46.03202839916653,42.76792211131002,45.724605560302734,2148700,0.0,0.0
2022-10-14 00:00:00-04:00,46.004909682364236,47.162264772751435,44.44971119276376,45.335811614990234,1689700,0.0,0.0
2022-10-17 00:00:00-04:00,46.08628795558706,47.06280548317727,46.05011974551585,46.909095764160156,1328500,0.0,0.0
2022-10-18 00:00:00-04:00,47.88560826259312,48.2744078570493,46.583583879487044,46.999507904052734,1541600,0.0,0.0
2022-10-19 00:00:00-04:00,46.402753572708235,46.664967935512145,44.01570677149184,44.50396728515625,2049500,0.0,0.0
2022-10-20 00:00:00-04:00,44.467793359896504,44.8837173962353,42.20733214172035,42.61421585083008,2301200,0.0,0.0
2022-10-21 00:00:00-04:00,42.659428202167824,43.85295155621621,42.11691884094234,43.23810577392578,2381100,0.0,0.0
2022-10-24 00:00:00-04:00,43.690194949516616,45.25443372725353,43.51840113549586,45.01030349731445,2713000,0.0,0.0
2022-10-25 00:00:00-04:00,43.147686297819796,46.90004997758118,42.93972427260615,46.57454299926758,3797100,0.0,0.0
2022-10-26 00:00:00-04:00,46.14958135189967,46.963345396642566,45.525691790154,45.57090377807617,1623000,0.0,0.0
2022-10-27 00:00:00-04:00,46.16766019808812,46.5835842257454,45.38101722716543,45.55281448364258,1134600,0.0,0.0
2022-10-28 00:00:00-04:00,45.91449468639943,46.66496958946696,45.59803144365448,46.60167694091797,1196000,0.0,0.0
2022-10-31 00:00:00-04:00,46.20382940933826,47.26172713292012,46.1314964384726,46.96334457397461,1681200,0.0,0.0
2022-11-01 00:00:00-04:00,47.37022557740856,47.51489495997321,46.43891664272304,46.66496276855469,1095800,0.0,0.0
2022-11-02 00:00:00-04:00,46.43892066807344,46.484129207320436,44.720968583163895,44.74809646606445,1799200,0.0,0.0
2022-11-03 00:00:00-04:00,43.952405524326785,44.10611522122167,42.91259205416895,43.50935363769531,1502800,0.0,0.0
2022-11-04 00:00:00-04:00,44.13324552454952,45.05551410416628,44.069952887151416,44.992218017578125,1443500,0.0,0.0
2022-11-07 00:00:00-05:00,45.408151862167145,45.66132244724257,44.702885526443346,45.12785339355469,847200,0.0,0.0
2022-11-08 00:00:00-05:00,45.046476363989676,46.23095942822539,45.01935192981017,45.851200103759766,1024300,0.0,0.0
2022-11-09 00:00:00-05:00,45.52304218138846,45.9150109953415,44.99434224366681,45.313385009765625,905100,0.41,0.0
2022-11-10 00:00:00-05:00,46.58955666849893,49.24218044422377,46.58955666849893,49.105445861816406,2536100,0.0,0.0
2022-11-11 00:00:00-05:00,49.29687818200342,51.138215553854586,48.950486434043995,50.49101257324219,2324300,0.0,0.0
2022-11-14 00:00:00-05:00,50.20843043677456,50.41808758334263,48.54028380316506,48.59497833251953,1784800,0.0,0.0
2022-11-15 00:00:00-05:00,49.296878579552065,50.135507212916195,47.938660581406076,48.421783447265625,1314600,0.0,0.0
2022-11-16 00:00:00-05:00,48.348857527600416,48.56762868751804,47.163837225682784,47.29145431518555,1451400,0.0,0.0
2022-11-17 00:00:00-05:00,46.4801684207704,46.4801684207704,45.37718476335292,46.2705078125,2054000,0.0,0.0
2022-11-18 00:00:00-05:00,47.19118458044207,47.482881789841464,45.021683542892205,46.19758987426758,1843500,0.0,0.0
2022-11-21 00:00:00-05:00,46.270505308174165,46.77186306954896,45.960576636280884,46.31608581542969,1450500,0.0,0.0
2022-11-22 00:00:00-05:00,46.65336908984069,47.06356939384501,46.27963180781568,46.72629165649414,981900,0.0,0.0
2022-11-23 00:00:00-05:00,46.644248775836736,47.11825760099628,46.27051151640584,46.963294982910156,862600,0.0,0.0
2022-11-25 00:00:00-05:00,46.981525112392276,47.19118225398071,46.53486182653528,47.172950744628906,309400,0.0,0.0
2022-11-28 00:00:00-05:00,46.80832804202325,47.13648825946039,45.723579303099264,45.78738784790039,1465400,0.0,0.0
2022-11-29 00:00:00-05:00,45.96058319434194,46.571326610206356,45.69623499198465,46.516632080078125,975100,0.0,0.0
2022-11-30 00:00:00-05:00,46.29785905870042,47.34614476435865,45.149298313173325,47.236759185791016,1438900,0.0,0.0
2022-12-01 00:00:00-05:00,47.58315308809936,47.956890352857386,46.6169039141202,47.391727447509766,1181900,0.0,0.0
2022-12-02 00:00:00-05:00,46.571327512104034,47.68342530511322,46.571327512104034,47.62873077392578,1471400,0.0,0.0
2022-12-05 00:00:00-05:00,47.11825815421189,47.11825815421189,43.2806139491165,44.137474060058594,2281100,0.0,0.0
2022-12-06 00:00:00-05:00,44.073664302568,44.31067045007193,42.596946797962005,42.97068405151367,1962800,0.0,0.0
2022-12-07 00:00:00-05:00,42.79749109892301,43.32619098260957,41.904167967841936,42.88864517211914,1994400,0.0,0.0
2022-12-08 00:00:00-05:00,43.16210793775178,43.44469110915676,42.78837069934119,43.189456939697266,1166600,0.0,0.0
2022-12-09 00:00:00-05:00,42.888643817098405,43.47203821265391,42.852180798049964,43.289730072021484,900700,0.0,0.0
2022-12-12 00:00:00-05:00,43.271493832104206,44.33801094289396,42.66986799279356,44.119239807128906,1172300,0.0,0.0
2022-12-13 00:00:00-05:00,44.757331708957324,45.36807512972048,43.60877438549194,44.009857177734375,1729900,0.0,0.0
2022-12-14 00:00:00-05:00,44.00074253957383,44.201285671513936,43.09830192314833,43.33530807495117,1065200,0.0,0.0
2022-12-15 00:00:00-05:00,42.65164377563035,43.13476663721994,42.432869125166036,42.7427978515625,1321800,0.0,0.0
2022-12-16 00:00:00-05:00,42.15940329920392,42.88864633648589,41.940628649366786,41.995323181152344,2646600,0.0,0.0
2022-12-19 00:00:00-05:00,42.02266047871184,42.3508206505484,41.21137754128502,41.69450378417969,1052100,0.0,0.0
2022-12-20 00:00:00-05:00,41.88593439035118,42.46021475959568,41.72185428485275,42.05001449584961,954900,0.0,0.0
2022-12-21 00:00:00-05:00,42.8704115088825,43.37176931819586,42.8704115088825,43.36265182495117,1257700,0.0,0.0
2022-12-22 00:00:00-05:00,43.08007102192668,44.073665724743286,42.81572281744906,44.009857177734375,1563500,0.0,0.0
2022-12-23 00:00:00-05:00,44.00985933390709,44.365365106746864,43.74551111647827,44.164825439453125,1263300,0.0,0.0
2022-12-27 00:00:00-05:00,44.34713439287237,44.77556270684387,43.67258243281824,44.520328521728516,704200,0.0,0.0
2022-12-28 00:00:00-05:00,44.54767679903581,44.575025804347774,43.699930657773976,43.72727966308594,680300,0.0,0.0
2022-12-29 00:00:00-05:00,43.80931903661937,44.948762383081856,43.69081595494184,44.739105224609375,685300,0.0,0.0
2022-12-30 00:00:00-05:00,44.310668837634246,45.03991180860021,44.21039727713178,44.8120231628418,609700,0.0,0.0
2023-01-03 00:00:00-05:00,44.37447806060305,45.395418235608254,43.99162332166058,44.17393493652344,1175800,0.0,0.0
2023-01-04 00:00:00-05:00,44.73910212809273,46.34343671885723,44.63883056417528,45.78738784790039,1689000,0.0,0.0
2023-01-05 00:00:00-05:00,45.34072726247081,45.532152893615596,44.47474969837627,44.9852180480957,867800,0.0,0.0
2023-01-06 00:00:00-05:00,45.4227716551329,46.90860328908553,45.058148389950134,46.72629165649414,1363700,0.0,0.0
2023-01-09 00:00:00-05:00,47.063567662471016,47.16383923057275,46.407247200208815,46.50751876831055,902700,0.0,0.0
2023-01-10 00:00:00-05:00,46.38901081746784,46.844788095654486,46.097313637612764,46.5257453918457,878800,0.0,0.0
2023-01-11 00:00:00-05:00,46.753633266746924,47.19117902937782,46.379896043834826,46.790096282958984,697500,0.0,0.0
2023-01-12 00:00:00-05:00,47.01798961762895,47.63784356866339,46.844792011963406,46.89948654174805,1295200,0.0,0.0
2023-01-13 00:00:00-05:00,46.19758846605842,46.89036844793819,45.25868831925554,46.844791412353516,1018700,0.0,0.0
2023-01-17 00:00:00-05:00,46.62601930229796,46.68982784627968,45.86942731322209,46.36166763305664,1674600,0.0,0.0
2023-01-18 00:00:00-05:00,46.079083767678085,46.10643276990893,43.93693187495259,43.99162292480469,1804500,0.0,0.0
2023-01-19 00:00:00-05:00,43.49027115520813,45.16753183634939,43.353540045228435,45.14018630981445,1830200,0.0,0.0
2023-01-20 00:00:00-05:00,45.44099532323653,47.09091039758636,45.1401841140695,46.92683029174805,2453900,0.0,0.0
2023-01-23 00:00:00-05:00,47.03621587278167,48.531168334657146,46.73540466359603,47.993350982666016,2942500,0.0,0.0
2023-01-24 00:00:00-05:00,47.45553284650506,47.48287837125966,45.80561779931686,47.19118118286133,3637800,0.0,0.0
2023-01-25 00:00:00-05:00,46.3252049707862,47.47376572590265,46.00616224842323,47.419071197509766,2775900,0.0,0.0
2023-01-26 00:00:00-05:00,47.95688618860403,48.25769738665226,46.844788507318206,47.58314895629883,1355600,0.0,0.0
2023-01-27 00:00:00-05:00,47.58315239883378,49.0142928902719,47.537575362778135,48.6496696472168,1709300,0.0,0.0
2023-01-30 00:00:00-05:00,48.37620640303551,48.44913244626102,47.510228764910856,47.61050033569336,1212100,0.0,0.0
2023-01-31 00:00:00-05:00,47.64696125384057,48.45824432373047,47.40084108477763,48.45824432373047,1020700,0.0,0.0
2023-02-01 00:00:00-05:00,48.19389127083708,49.43360609716039,48.01157965332396,48.66790008544922,1329800,0.0,0.0
2023-02-02 00:00:00-05:00,49.16014389882883,49.98054449721574,48.795520637922394,49.488304138183594,1098200,0.0,0.0
2023-02-03 00:00:00-05:00,48.87755778275349,50.31781575240275,48.68613214698135,49.597686767578125,913000,0.0,0.0
2023-02-06 00:00:00-05:00,49.242175255927535,49.36067831637444,48.78639799899815,49.31509780883789,1114900,0.0,0.0
2023-02-07 00:00:00-05:00,49.096334245944774,50.24489158055859,48.53117133382084,49.9440803527832,1059200,0.0,0.0
2023-02-08 00:00:00-05:00,49.46094675766682,49.716184388001516,48.604086760133754,48.622318267822266,2629700,0.0,0.0
2023-02-09 00:00:00-05:00,48.93225148006043,49.17837164071456,47.947770837443926,47.98423385620117,1376900,0.0,0.0
2023-02-10 00:00:00-05:00,47.75634851379597,48.10274026138037,47.55580537404104,47.8657341003418,1084500,0.0,0.0
2023-02-13 00:00:00-05:00,47.801923227550596,48.2394690297649,47.46464899033841,48.22124099731445,1241600,0.0,0.0
2023-02-14 00:00:00-05:00,48.15743410219386,48.449131313666626,47.4555366004297,48.06627655029297,1189700,0.0,0.0
2023-02-15 00:00:00-05:00,47.68961134555101,48.25920310403982,47.459936853710644,47.937660217285156,951500,0.41,0.0
2023-02-16 00:00:00-05:00,47.45075079053496,47.726359476199335,47.07408476906424,47.21188735961914,935000,0.0,0.0
2023-02-17 00:00:00-05:00,47.11083205203385,47.34969549323325,46.78010021317606,47.24863815307617,1120200,0.0,0.0
2023-02-21 00:00:00-05:00,46.6514793970442,46.6514793970442,45.300995833662355,45.751155853271484,1364900,0.0,0.0
2023-02-22 00:00:00-05:00,45.65929453949423,45.843034853437764,44.97945642926968,45.31018829345703,1301100,0.0,0.0
2023-02-23 00:00:00-05:00,45.62254014212396,45.93489758589019,44.869208102079725,45.34693145751953,1327400,0.0,0.0
2023-02-24 00:00:00-05:00,44.83245817612935,46.21969400967024,44.67628121058811,46.182945251464844,1296200,0.0,0.0
2023-02-27 00:00:00-05:00,46.679041124507286,47.0281437999664,46.24725199408419,46.29318618774414,1167800,0.0,0.0
2023-02-28 00:00:00-05:00,46.56879847571745,46.89953030307567,46.357498364806276,46.50448989868164,1475200,0.0,0.0
2023-03-01 00:00:00-05:00,46.17375686286564,46.816846120947424,46.02676533283733,46.3391227722168,1128600,0.0,0.0
2023-03-02 00:00:00-05:00,45.90733591391965,45.90733591391965,44.02400238535021,44.38229751586914,1528900,0.0,0.0
2023-03-03 00:00:00-05:00,44.68546896977368,45.245875295584796,44.44660903813607,45.227500915527344,1499200,0.0,0.0
2023-03-06 00:00:00-05:00,45.402055904253956,45.787910907243834,44.740595692000504,44.79571533203125,1644600,0.0,0.0
2023-03-07 00:00:00-05:00,44.40067548637843,44.455795122798236,42.22335872937391,42.66433334350586,2200200,0.0,0.0
2023-03-08 00:00:00-05:00,42.866448464944504,43.527912145246674,42.51734224427895,42.884822845458984,1725400,0.0,0.0
2023-03-09 00:00:00-05:00,42.10392562583037,42.17741963404235,37.492061836374965,37.997344970703125,5340900,0.0,0.0
2023-03-10 00:00:00-05:00,34.62572535360342,39.11816138706951,31.59402274248723,37.069461822509766,11346600,0.0,0.0
2023-03-13 00:00:00-04:00,24.115820979957185,34.22149834298686,20.716637893299932,27.533376693725586,26129900,0.0,0.0
2023-03-14 00:00:00-04:00,33.2384905813045,33.982637148189006,25.438745555121656,28.76443099975586,17257000,0.0,0.0
2023-03-15 00:00:00-04:00,27.49663155228709,29.398336141046666,26.201267506254414,28.213214874267578,9338700,0.0,0.0
2023-03-16 00:00:00-04:00,27.505818724771448,31.18979793033119,25.7786654963294,29.499393463134766,11463500,0.0,0.0
2023-03-17 00:00:00-04:00,29.095164463600423,29.113538843347172,26.96378547674213,27.505817413330078,11221700,0.0,0.0
2023-03-20 00:00:00-04:00,28.3418327177696,29.967926792526555,27.377198798147784,27.72630500793457,7680700,0.0,0.0
2023-03-21 00:00:00-04:00,29.15028655065005,30.390530929182276,28.837929096562828,29.664758682250977,9474400,0.0,0.0
2023-03-22 00:00:00-04:00,29.664757225755643,30.35378067848085,27.643621063517468,27.67118263244629,7014400,0.0,0.0
2023-03-23 00:00:00-04:00,27.919232675414314,28.277526100003307,24.804846902792484,25.21826171875,9700700,0.0,0.0
2023-03-24 00:00:00-04:00,25.10801438605866,26.50443566183197,23.922894966162215,25.953216552734375,10732600,0.0,0.0
2023-03-27 00:00:00-04:00,27.45069292708041,28.470448173380454,26.109394812376944,26.945409774780273,7964100,0.0,0.0
2023-03-28 00:00:00-04:00,26.991343921849946,27.625245972666864,26.605490728171457,27.515003204345703,3636300,0.0,0.0
2023-03-29 00:00:00-04:00,28.020286409526914,28.764431230093123,27.68036740995035,28.51638412475586,3196000,0.0,0.0
2023-03-30 00:00:00-04:00,28.911420586929847,29.288086563661484,27.62524395280155,27.836544036865234,3683800,0.0,0.0
2023-03-31 00:00:00-04:00,28.02947445182658,28.36939170946887,26.917849029587682,27.49662971496582,5143300,0.0,0.0
2023-04-03 00:00:00-04:00,27.827365922872428,28.038666062537413,26.513627376844624,26.75248908996582,4615100,0.0,0.0
2023-04-04 00:00:00-04:00,26.79842089481463,26.963786816195473,24.69460162078981,25.457120895385742,6001600,0.0,0.0
2023-04-05 00:00:00-04:00,25.475496403814443,26.486064605218264,24.740538667672098,26.302324295043945,9830300,0.0,0.0
2023-04-06 00:00:00-04:00,26.18289338628308,27.57931478743142,26.18289338628308,27.000534057617188,5853000,0.0,0.0
2023-04-10 00:00:00-04:00,26.761669344153482,27.643620248833997,26.36663071481275,27.44150733947754,3738400,0.0,0.0
2023-04-11 00:00:00-04:00,27.671184031538118,28.084597072709602,27.340452196779058,27.661996841430664,4394000,0.0,0.0
2023-04-12 00:00:00-04:00,27.75386263922052,28.2775219126487,27.138336730151728,27.827360153198242,3252000,0.0,0.0
2023-04-13 00:00:00-04:00,27.983540957794403,28.764434628310767,27.36801496416803,28.617443084716797,3178100,0.0,0.0
2023-04-14 00:00:00-04:00,29.251341699760296,29.297275894514577,27.303701352555258,27.515003204345703,3963900,0.0,0.0
2023-04-17 00:00:00-04:00,27.38638646445449,28.52557175650641,26.706550165275633,28.415328979492188,4398500,0.0,0.0
2023-04-18 00:00:00-04:00,28.58069272103717,28.589879910468362,27.257767231658175,27.983537673950195,3864400,0.0,0.0
2023-04-19 00:00:00-04:00,28.50719549119159,30.436461365552294,28.12134231631945,30.059795379638672,7933500,0.0,0.0
2023-04-20 00:00:00-04:00,28.599065426803435,29.232967481093024,27.910041988051297,28.589879989624023,8219000,0.0,0.0
2023-04-21 00:00:00-04:00,28.360204469334654,28.37857709529649,26.780042986324563,26.963783264160156,6261300,0.0,0.0
2023-04-24 00:00:00-04:00,26.963783703586422,27.184270989216106,25.787849761284264,25.971590042114258,5176900,0.0,0.0
2023-04-25 00:00:00-04:00,25.503056594867843,25.71435671353081,24.17094379894025,24.55679702758789,6228700,0.0,0.0
2023-04-26 00:00:00-04:00,24.749723091743736,25.00695739449971,23.80346357899596,24.24443817138672,4083000,0.0,0.0
2023-04-27 00:00:00-04:00,24.216878173600815,25.016144397302742,24.180129415037516,24.418991088867188,3760300,0.0,0.0
2023-04-28 00:00:00-04:00,24.244439652998345,25.989967254368615,24.106635303489472,25.594926834106445,5652000,0.0,0.0
2023-05-01 00:00:00-04:00,25.668419169170697,25.73272774018421,24.593542583192576,24.639476776123047,4105000,0.0,0.0
2023-05-02 00:00:00-04:00,24.49248824568337,24.49248824568337,18.75062581463837,21.975255966186523,18557300,0.0,0.0
2023-05-03 00:00:00-04:00,22.351921279806714,23.142002085538,20.422655214810135,20.81769561767578,9993700,0.0,0.0
2023-05-04 00:00:00-04:00,20.018424997907026,20.486959312717257,16.77542127972828,18.309646606445312,25523000,0.0,0.0
2023-05-05 00:00:00-04:00,21.396476816247176,22.498913341960417,20.404281314689253,21.828264236450195,14680200,0.0,0.0
2023-05-08 00:00:00-04:00,23.252243090674373,24.30874531305611,21.718017545245832,22.28761100769043,12038700,0.0,0.0
2023-05-09 00:00:00-04:00,21.956879409959082,22.857202929379348,21.5894006012444,22.434602737426758,4999300,0.0,0.0
2023-05-10 00:00:00-04:00,23.0317575642594,23.288993623738765,21.488344711937795,21.819076538085938,5689100,0.0,0.0
2023-05-11 00:00:00-04:00,21.221924246236874,21.846639169420794,20.615583703682454,20.836071014404297,7247700,0.0,0.0
2023-05-12 00:00:00-04:00,21.09330452346303,21.13005328330972,20.174606554623477,20.606395721435547,6214400,0.0,0.0
2023-05-15 00:00:00-04:00,20.826882622805606,22.370295461112644,20.661516711233098,22.35192108154297,6312400,0.0,0.0
2023-05-16 00:00:00-04:00,22.416230383497258,22.802083605566224,21.75476846806931,21.828264236450195,4717200,0.0,0.0
2023-05-17 00:00:00-04:00,22.781789430050544,24.61405388995413,22.641563617203712,24.464481353759766,9082400,0.41,0.0
2023-05-18 00:00:00-04:00,24.55796465814169,25.679758680672837,24.10924704912923,25.46474838256836,9029700,0.0,0.0
2023-05-19 00:00:00-04:00,25.48344723677027,25.857378604633748,24.09055177707544,25.025381088256836,7295900,0.0,0.0
2023-05-22 00:00:00-04:00,25.539534691032163,26.89503780965522,25.25908663071822,26.259353637695312,8414900,0.0,0.0
2023-05-23 00:00:00-04:00,26.98852238748643,28.67121439630859,26.74546655811516,27.474632263183594,9434400,0.0,0.0
2023-05-24 00:00:00-04:00,27.100699652638667,27.36245248365705,26.418274730358394,27.082002639770508,5329200,0.0,0.0
2023-05-25 00:00:00-04:00,27.175487202586392,27.465283783527735,26.109782381479594,26.474365234375,5220900,0.0,0.0
2023-05-26 00:00:00-04:00,26.577197405843012,26.988522798976994,25.81063766162427,26.792207717895508,3016400,0.0,0.0
2023-05-30 00:00:00-04:00,27.053958757676448,27.334406817005924,25.988252209524834,27.02591323852539,4164100,0.0,0.0
2023-05-31 00:00:00-04:00,26.680030364200622,26.764163364855218,25.371267854664232,25.511493682861328,4199300,0.0,0.0
2023-06-01 00:00:00-04:00,25.997599531601313,26.34348711985986,24.84776004446742,25.866724014282227,4321400,0.0,0.0
2023-06-02 00:00:00-04:00,26.62393621896201,27.63355172273305,26.334139654993592,27.175485610961914,5291500,0.0,0.0
2023-06-05 00:00:00-04:00,27.3811493779554,27.717686692898532,26.736116701159375,26.848295211791992,3573300,0.0,0.0
2023-06-06 00:00:00-04:00,26.642636301491525,29.007755183485212,26.577198532704962,28.157060623168945,5208200,0.0,0.0
2023-06-07 00:00:00-04:00,28.568383117561247,29.577998697618984,27.942047410661377,29.437774658203125,4618400,0.0,0.0
2023-06-08 00:00:00-04:00,29.26015924070509,30.092156828564754,28.652520492839756,29.923887252807617,5008100,0.0,0.0
2023-06-09 00:00:00-04:00,29.914535336953485,30.054761147781655,28.59642626631259,28.858179092407227,4031000,0.0,0.0
2023-06-12 00:00:00-04:00,28.94231591803958,30.232381423908876,27.801824749078083,28.26923942565918,5409800,0.0,0.0
2023-06-13 00:00:00-04:00,26.91373419827583,28.334673262767886,26.3060937766132,27.829866409301758,7691600,0.0,0.0
2023-06-14 00:00:00-04:00,27.60551011505007,27.839217442117068,26.01629957777633,26.23130989074707,6567700,0.0,0.0
2023-06-15 00:00:00-04:00,25.502141940233393,27.26896860770353,25.305826875489352,27.091350555419922,4510900,0.0,0.0
2023-06-16 00:00:00-04:00,27.007221744805467,27.240929103020942,26.109786345119957,26.7641658782959,5284600,0.0,0.0
2023-06-20 00:00:00-04:00,26.586545455390873,26.6426347134296,25.49279511688616,26.034996032714844,3998500,0.0,0.0
2023-06-21 00:00:00-04:00,25.96020944876841,26.40892707377242,25.670411089121977,26.12847900390625,2879000,0.0,0.0
2023-06-22 00:00:00-04:00,25.960211583523257,26.034997860507072,24.950595952719052,25.21234703063965,3924400,0.0,0.0
2023-06-23 00:00:00-04:00,24.894502629721618,25.165603973384194,24.64210008240082,24.866458892822266,3829100,0.0,0.0
2023-06-26 00:00:00-04:00,25.165601576746727,25.866723461184645,25.118860831002262,25.315174102783203,2154000,0.0,0.0
2023-06-27 00:00:00-04:00,25.361916740165828,25.726501359737075,24.84776136644741,25.520837783813477,2377700,0.0,0.0
2023-06-28 00:00:00-04:00,25.277785081433887,25.408660612618984,24.82906566314356,25.324525833129883,2500000,0.0,0.0
2023-06-29 00:00:00-04:00,25.642365979944923,26.072386568470463,25.29647838144135,25.50214195251465,2917900,0.0,0.0
2023-06-30 00:00:00-04:00,25.81998664204017,25.904119640565785,25.025381362227787,25.109516143798828,3698700,0.0,0.0
2023-07-03 00:00:00-04:00,25.483444301401434,26.343487239944118,25.399309530442732,26.306093215942383,2621400,0.0,0.0
2023-07-05 00:00:00-04:00,25.941511725282847,26.81090321433633,25.6423666501344,26.13782501220703,3181200,0.0,0.0
2023-07-06 00:00:00-04:00,25.59562556765723,26.016299467818,24.95059463147124,25.969558715820312,4488000,0.0,0.0
2023-07-07 00:00:00-04:00,25.96955655347271,27.455935166217355,25.857376261755366,27.091350555419922,4500000,0.0,0.0
2023-07-10 00:00:00-04:00,26.923083954802177,27.857913283552882,26.6519843766481,27.633554458618164,3528700,0.0,0.0
2023-07-11 00:00:00-04:00,27.240923080071962,29.007751530007447,27.175485319527176,28.446853637695312,4056600,0.0,0.0
2023-07-12 00:00:00-04:00,29.381686753399038,30.11085250519066,29.04514761685184,29.24146270751953,5962600,0.0,0.0
2023-07-13 00:00:00-04:00,29.465819796293317,30.232379532644927,29.091888435029773,29.91453742980957,2940900,0.0,0.0
2023-07-14 00:00:00-04:00,30.568917311885013,30.568917311885013,28.587078509327533,28.69925880432129,4586200,0.0,0.0
2023-07-17 00:00:00-04:00,28.63381932086054,29.45647006447699,28.36271976385976,29.316246032714844,2245500,0.0,0.0
2023-07-18 00:00:00-04:00,29.42842640645854,31.10177173606739,29.306899380056002,30.31651496887207,4959600,0.0,0.0
2023-07-19 00:00:00-04:00,30.662401580825243,32.56945428668244,30.39130021687584,32.21421813964844,7771300,0.0,0.0
2023-07-20 00:00:00-04:00,34.60737633905463,35.95352906152951,33.85951371545748,35.43002700805664,10134700,0.0,0.0
2023-07-21 00:00:00-04:00,35.588951767423374,35.66373982441141,33.522979835355294,33.75668716430664,5777900,0.0,0.0
2023-07-24 00:00:00-04:00,33.37340373727952,34.98130756447766,33.33600971276339,34.63542175292969,4933100,0.0,0.0
2023-07-25 00:00:00-04:00,35.08414393910668,35.140234983219564,33.11165346394008,33.44819259643555,5271300,0.0,0.0
2023-07-26 00:00:00-04:00,34.40171374761937,36.12179961330486,34.392367024726084,35.944183349609375,4360700,0.0,0.0
2023-07-27 00:00:00-04:00,36.14050181714311,37.05663413418351,34.91587410894996,35.158931732177734,4411800,0.0,0.0
2023-07-28 00:00:00-04:00,35.79461518443315,36.43029940138478,35.37394128114298,36.16854476928711,2650400,0.0,0.0
2023-07-31 00:00:00-04:00,36.38355514990452,36.561175001671025,35.19632506056527,35.75722122192383,6188700,0.0,0.0
2023-08-01 00:00:00-04:00,36.13115538166066,36.1591991206838,34.14931461523754,34.682167053222656,3265200,0.0,0.0
2023-08-02 00:00:00-04:00,33.81277366843138,34.58868368995666,33.44819081632797,34.2427978515625,3049500,0.0,0.0
2023-08-03 00:00:00-04:00,34.121263781371454,35.084136659258554,33.75668098551479,34.97195816040039,2413900,0.0,0.0
2023-08-04 00:00:00-04:00,34.841089726255944,36.04702042367503,34.61672911688622,35.448726654052734,2443800,0.0,0.0
2023-08-07 00:00:00-04:00,35.448724843490744,36.00027426534261,35.24306482533784,35.654388427734375,2492600,0.0,0.0
2023-08-08 00:00:00-04:00,34.28953258821933,35.71982000823424,33.607107754941296,35.691776275634766,3169100,0.0,0.0
2023-08-09 00:00:00-04:00,35.38328628352763,36.09375852253502,34.83173687407083,34.962615966796875,2901900,0.0,0.0
2023-08-10 00:00:00-04:00,35.215016302633515,35.60764644386099,34.66347046596712,35.08414077758789,2381500,0.0,0.0
2023-08-11 00:00:00-04:00,34.61672533957361,36.131151263863366,34.48584981759338,35.803958892822266,2572900,0.0,0.0
2023-08-14 00:00:00-04:00,35.31784394543233,35.31784394543233,34.616722086911,34.97195816040039,2353700,0.0,0.0
2023-08-15 00:00:00-04:00,34.121266216867625,34.39236754404143,33.33600953663034,33.40144729614258,2953200,0.0,0.0
2023-08-16 00:00:00-04:00,33.36362335107051,33.609502422607136,32.86241359311086,32.94752502441406,2202300,0.41,0.0
2023-08-17 00:00:00-04:00,33.31633507999188,33.382532449238646,32.53142187000047,33.06100082397461,1951200,0.0,0.0
2023-08-18 00:00:00-04:00,32.42739615356355,33.042086521502625,32.295001416083934,32.8434944152832,1952400,0.0,0.0
2023-08-21 00:00:00-04:00,32.97589338896024,33.098832921335706,32.08695460348236,32.654361724853516,2127700,0.0,0.0
2023-08-22 00:00:00-04:00,32.62598752413007,32.70164371954739,31.11289969064305,31.292577743530273,3133000,0.0,0.0
2023-08-23 00:00:00-04:00,31.29257998884436,32.22880563313737,30.876481706650917,32.13423538208008,2004600,0.0,0.0
2023-08-24 00:00:00-04:00,32.28554926596461,33.54330674716009,32.153154501099145,32.597625732421875,2555200,0.0,0.0
2023-08-25 00:00:00-04:00,32.75838436519894,33.09883005149785,31.916728978230072,32.27608871459961,1423500,0.0,0.0
2023-08-28 00:00:00-04:00,32.62599479976994,33.28797222734958,32.45577192960698,33.004268646240234,1632500,0.0,0.0
2023-08-29 00:00:00-04:00,33.01372098861831,33.77026500806443,32.5692497989184,33.514930725097656,1840100,0.0,0.0
2023-08-30 00:00:00-04:00,33.52438686761637,33.64732638826244,32.98534907149629,33.08937454223633,1922300,0.0,0.0
2023-08-31 00:00:00-04:00,33.17448630259359,33.60949863242576,32.966435358984214,33.57167053222656,2110000,0.0,0.0
2023-09-01 00:00:00-04:00,33.81754990248446,34.61192206164449,33.81754990248446,34.46061325073242,2812900,0.0,0.0
2023-09-05 00:00:00-04:00,34.120170439821784,34.99965040526489,34.120170439821784,34.16745376586914,2025100,0.0,0.0
2023-09-06 00:00:00-04:00,33.666241772551935,33.987773453179656,32.36120460484532,32.928611755371094,2945600,0.0,0.0
2023-09-07 00:00:00-04:00,32.65436412775889,33.1555775162551,31.878905987995047,32.02075958251953,2616200,0.0,0.0
2023-09-08 00:00:00-04:00,32.181518887841364,33.05154716511117,31.15072659408443,33.02317428588867,4093300,0.0,0.0
2023-09-11 00:00:00-04:00,33.21230935754385,33.74189191494835,32.7300137270844,32.8434944152832,2319700,0.0,0.0
2023-09-12 00:00:00-04:00,34.1485390575578,35.585974508183874,33.9404880979647,35.0753059387207,5495000,0.0,0.0
2023-09-13 00:00:00-04:00,35.3779242286168,35.3779242286168,33.429820171081566,34.16745376586914,4247200,0.0,0.0
2023-09-14 00:00:00-04:00,34.715944775798704,35.18878522311,34.366043854884516,35.06584930419922,2563500,0.0,0.0
2023-09-15 00:00:00-04:00,34.725409825041964,35.24553368875305,34.47007550485936,34.91454315185547,5451200,0.0,0.0
2023-09-18 00:00:00-04:00,34.801054235236855,34.9901911249772,34.07287955460251,34.2147331237793,1551100,0.0,0.0
2023-09-19 00:00:00-04:00,34.451159331610526,34.63083742402626,33.543306431794086,33.94049072265625,2062700,0.0,0.0
2023-09-20 00:00:00-04:00,34.176906103093714,34.68757463926555,33.36361997677996,33.38253402709961,1847200,0.0,0.0
2023-09-21 00:00:00-04:00,33.12719997116344,33.30688164660769,32.23826124536447,32.30445861816406,3054300,0.0,0.0
2023-09-22 00:00:00-04:00,32.41793783505642,32.64490282250983,31.82216150702766,32.24771499633789,2364000,0.0,0.0
2023-09-25 00:00:00-04:00,31.935645850297725,32.72055915641367,31.812706317718177,32.7016487121582,1370600,0.0,0.0
2023-09-26 00:00:00-04:00,32.00184984703033,32.81513620272558,32.00184984703033,32.14370346069336,1586100,0.0,0.0
2023-09-27 00:00:00-04:00,31.60465486628058,32.20989369018498,31.311496087539265,31.368234634399414,3779200,0.0,0.0
2023-09-28 00:00:00-04:00,31.37769452157456,32.5125123943549,30.7724592847548,32.10586929321289,2233500,0.0,0.0
2023-09-29 00:00:00-04:00,32.83404416502613,33.798639179458014,32.521967715877615,32.994808197021484,2926900,0.0,0.0
2023-10-02 00:00:00-04:00,32.99480763603062,33.29742525021855,31.41552218745529,31.670856475830078,2731700,0.0,0.0
2023-10-03 00:00:00-04:00,31.415520201231107,31.538456119075434,30.49820858700917,31.131813049316406,2789800,0.0,0.0
2023-10-04 00:00:00-04:00,31.32095077570394,31.60465432762876,30.488754171055966,31.519546508789062,2695000,0.0,0.0
2023-10-05 00:00:00-04:00,31.443887476143868,31.8788997904683,31.046703260670096,31.58574104309082,5142700,0.0,0.0
2023-10-06 00:00:00-04:00,30.895392337180542,32.28554437254025,30.67788616965593,31.859987258911133,3569100,0.0,0.0
2023-10-09 00:00:00-04:00,31.491178198466073,32.37066186230725,31.43443964433884,32.124786376953125,2862600,0.0,0.0
2023-10-10 00:00:00-04:00,32.588165310763095,33.53384627932258,32.43685650009304,33.21231460571289,3430300,0.0,0.0
2023-10-11 00:00:00-04:00,33.32580617165083,34.06343633325368,33.202866608887895,33.71353530883789,2827300,0.0,0.0
2023-10-12 00:00:00-04:00,33.69461460999024,33.713528662647214,32.64490813619169,33.28797149658203,2396200,0.0,0.0
2023-10-13 00:00:00-04:00,33.751353793898076,33.91212144075619,32.46523065646694,32.69219207763672,2202500,0.0,0.0
2023-10-16 00:00:00-04:00,33.183943526202924,34.05396823836411,32.8056697163585,33.96885681152344,2388500,0.0,0.0
2023-10-17 00:00:00-04:00,33.60004321715579,35.16987346004394,33.571673942867385,34.744319915771484,4232700,0.0,0.0
2023-10-18 00:00:00-04:00,34.35658921594428,34.621378716534,33.58112755031396,33.75135040283203,3606500,0.0,0.0
2023-10-19 00:00:00-04:00,32.13423704358959,32.57870822782483,30.46984022127152,30.488754272460938,8547900,0.0,0.0
2023-10-20 00:00:00-04:00,30.261789592191533,30.356356241672557,28.011069784919304,28.332599639892578,6613800,0.0,0.0
2023-10-23 00:00:00-04:00,28.029982220484708,29.193171136577522,27.907044493089263,28.41771125793457,4626200,0.0,0.0
2023-10-24 00:00:00-04:00,28.493365776268224,28.80544041265059,27.736821749808925,28.238033294677734,2592600,0.0,0.0
2023-10-25 00:00:00-04:00,27.907044277877528,28.342056637030193,27.330178337159833,28.020524978637695,2713300,0.0,0.0
2023-10-26 00:00:00-04:00,27.95432888810183,29.183715227827342,27.95432888810183,28.79598617553711,4151700,0.0,0.0
2023-10-27 00:00:00-04:00,28.928383277457275,29.00403768882021,27.405836219566858,27.85030746459961,2498300,0.0,0.0
2023-10-30 00:00:00-04:00,28.2191200587627,28.540651730237684,27.72736552547822,28.35151481628418,2837100,0.0,0.0
2023-10-31 00:00:00-04:00,28.446082523773367,29.29719500665274,28.162378964061325,29.174257278442383,2387400,0.0,0.0
2023-11-01 00:00:00-04:00,29.070232561244342,29.43904755930025,28.682503511046267,29.335023880004883,2261800,0.0,0.0
2023-11-02 00:00:00-04:00,29.911884709757054,31.53845513425889,29.911884709757054,31.42497444152832,3026800,0.0,0.0
2023-11-03 00:00:00-04:00,32.52196719321795,33.17448935550124,32.417941711840236,32.87186813354492,2598900,0.0,0.0
2023-11-06 00:00:00-05:00,32.97589426965677,33.18394523654304,32.0112992515749,32.3233757019043,1551900,0.0,0.0
2023-11-07 00:00:00-05:00,32.24771499633789,32.42739666358862,31.831616728073758,32.24771499633789,1763500,0.0,0.0
2023-11-08 00:00:00-05:00,32.68802717496094,32.70716775425103,31.88398774339733,32.314720153808594,1755000,0.41,0.0
2023-11-09 00:00:00-05:00,32.44872899822864,32.46786957706433,31.003370653100408,31.15652084350586,1875000,0.0,0.0
2023-11-10 00:00:00-05:00,31.54896961422383,31.73083798245986,30.802362864505756,31.51068115234375,1649200,0.0,0.0
2023-11-13 00:00:00-05:00,31.242668421099275,31.48196582463268,30.859794766278988,31.30967140197754,1240300,0.0,0.0
2023-11-14 00:00:00-05:00,32.89860716634388,34.5066860664582,32.889036876478706,33.855796813964844,3270200,0.0,0.0
2023-11-15 00:00:00-05:00,33.846226491259465,34.96613662522279,33.740935045901125,34.535404205322266,2444400,0.0,0.0
2023-11-16 00:00:00-05:00,34.4109710350327,34.458829790575145,33.55907277165461,34.181243896484375,2217300,0.0,0.0
2023-11-17 00:00:00-05:00,34.69812373896598,34.90870662389511,33.884514022193954,34.52582931518555,2136200,0.0,0.0
2023-11-20 00:00:00-05:00,34.621548626500214,34.621548626500214,34.03766599470935,34.24824523925781,1589000,0.0,0.0
2023-11-21 00:00:00-05:00,33.578215378150986,33.77922433252895,32.57316330348353,32.84117889404297,2311600,0.0,0.0
2023-11-22 00:00:00-05:00,33.20490922414167,33.501639344262294,32.707170144288824,32.93689727783203,1441300,0.0,0.0
2023-11-24 00:00:00-05:00,33.10919031966149,33.291055039650836,32.66888395459962,32.87946319580078,584000,0.0,0.0
2023-11-27 00:00:00-05:00,32.8220347541703,33.02304370910983,32.219004237962906,32.92732620239258,1424200,0.0,0.0
2023-11-28 00:00:00-05:00,32.83160635037463,33.09004801045897,32.2955824492121,33.07090377807617,1922800,0.0,0.0
2023-11-29 00:00:00-05:00,33.20490222176998,34.765122118881045,33.20490222176998,33.922794342041016,2755200,0.0,0.0
2023-11-30 00:00:00-05:00,34.00894270540159,34.56411438339389,33.56863639957972,34.10466384887695,2687200,0.0,0.0
2023-12-01 00:00:00-05:00,33.88451609905822,37.33996777327561,33.70264772314914,36.679508209228516,4597400,0.0,0.0
2023-12-04 00:00:00-05:00,36.095618557320314,37.35910852382559,35.91375384974661,37.02409362792969,2523400,0.0,0.0
2023-12-05 00:00:00-05:00,36.6699344037497,36.708219212186215,35.71274481645526,35.7893180847168,2501500,0.0,0.0
2023-12-06 00:00:00-05:00,36.27749314574816,37.03367027653152,35.46387966382197,35.559600830078125,2393500,0.0,0.0
2023-12-07 00:00:00-05:00,35.741464111132096,36.84223374415256,35.58831390275776,36.736942291259766,1610300,0.0,0.0
2023-12-08 00:00:00-05:00,36.85180533265865,37.943001062182645,36.51679038109922,37.263397216796875,2023400,0.0,0.0
2023-12-11 00:00:00-05:00,37.1102403927892,37.41654076576657,36.78479579007718,36.976234436035156,1241200,0.0,0.0
2023-12-12 00:00:00-05:00,36.82308714539555,37.16767600494144,36.28705962483652,36.497642517089844,1570300,0.0,0.0
2023-12-13 00:00:00-05:00,36.583789449278356,40.04881494642429,36.45935377287307,40.02967071533203,3604300,0.0,0.0
2023-12-14 00:00:00-05:00,41.94404825369318,44.174301788918434,41.867474983915365,43.714847564697266,6563800,0.0,0.0
2023-12-15 00:00:00-05:00,43.580849010452056,43.858434919772066,41.45589020639582,41.963199615478516,6252100,0.0,0.0
2023-12-18 00:00:00-05:00,42.5279340557087,42.566222515893934,41.19744110107422,41.19744110107422,2066600,0.0,0.0
2023-12-19 00:00:00-05:00,41.36016161604908,42.20248948392032,40.977287968026545,42.049339294433594,1876400,0.0,0.0
2023-12-20 00:00:00-05:00,41.82918512757437,42.27906174455538,40.49869220350722,40.71884536743164,2062200,0.0,0.0
2023-12-21 00:00:00-05:00,41.494171414322636,41.94405173504373,41.07300926711684,41.75261306762695,1728300,0.0,0.0
2023-12-22 00:00:00-05:00,42.38435638451748,42.86295120783457,41.656893859686534,42.1163444519043,1534500,0.0,0.0
2023-12-26 00:00:00-05:00,42.21206117629616,43.16925080524971,41.848331746293645,42.95867156982422,1131600,0.0,0.0
2023-12-27 00:00:00-05:00,43.035247349395284,43.035247349395284,42.40350230352511,42.60451126098633,1345100,0.0,0.0
2023-12-28 00:00:00-05:00,42.173776517788866,42.78637729829897,42.11634382534529,42.74808883666992,1125900,0.0,0.0
2023-12-29 00:00:00-05:00,42.73852332141492,42.73852332141492,41.84833657173158,41.991912841796875,1420600,0.0,0.0
2024-01-02 00:00:00-05:00,41.63775015478303,42.633228276196206,41.15915532541771,42.25035095214844,2256700,0.0,0.0
2024-01-03 00:00:00-05:00,41.40802661451917,41.58032106011628,40.06796316712835,40.201969146728516,3048300,0.0,0.0
2024-01-04 00:00:00-05:00,40.21153704224887,41.19744490030222,40.01052808482213,40.81456756591797,1950200,0.0,0.0
2024-01-05 00:00:00-05:00,40.12538865281104,42.25035085895011,39.981812395151415,42.16420364379883,2552400,0.0,0.0
2024-01-08 00:00:00-05:00,41.90575836654291,42.68108323571017,41.54202895755047,42.63322448730469,1805000,0.0,0.0
2024-01-09 00:00:00-05:00,41.96319391032493,42.68108613941257,41.5228875528178,42.154632568359375,1388200,0.0,0.0
2024-01-10 00:00:00-05:00,42.03019506432419,42.23120400339016,41.48459728606596,42.049339294433594,1454600,0.0,0.0
2024-01-11 00:00:00-05:00,41.57075110533082,41.6377540956725,40.48912566620371,41.48460388183594,1980000,0.0,0.0
2024-01-12 00:00:00-05:00,41.71432467697662,41.7908979465415,40.010524699647995,40.307254791259766,1713500,0.0,0.0
2024-01-16 00:00:00-05:00,39.69465644020127,39.79037394581831,39.02462294671566,39.397926330566406,2471700,0.0,0.0
2024-01-17 00:00:00-05:00,38.536454332655666,39.34049379786134,38.335445379201445,39.18734359741211,1957200,0.0,0.0
2024-01-18 00:00:00-05:00,39.52236054711324,39.551075067458484,38.0770021665914,38.78532409667969,2402000,0.0,0.0
2024-01-19 00:00:00-05:00,38.89061447375227,39.92437734311964,38.44073419326903,39.83823013305664,2309100,0.0,0.0
2024-01-22 00:00:00-05:00,40.23068155312661,42.12591670355644,39.28306580360615,41.45588684082031,6801600,0.0,0.0
2024-01-23 00:00:00-05:00,41.64732130808873,42.25992576954191,40.17325197814223,40.939002990722656,4376400,0.0,0.0
2024-01-24 00:00:00-05:00,41.67603861746556,43.00653165887895,41.39845274010037,42.25035095214844,3480100,0.0,0.0
2024-01-25 00:00:00-05:00,42.87252718861415,43.38941049871912,41.76218729175285,42.3939323425293,2358000,0.0,0.0
2024-01-26 00:00:00-05:00,42.59494102861118,42.93952989980644,42.078057721818304,42.13549041748047,1504900,0.0,0.0
2024-01-29 00:00:00-05:00,42.0876333180302,43.063967274336015,41.896194643019236,43.006534576416016,2051600,0.0,0.0
2024-01-30 00:00:00-05:00,42.843806494882585,43.10224813473384,42.48964735199991,42.537506103515625,1918900,0.0,0.0
2024-01-31 00:00:00-05:00,40.38382916582234,41.676037356855474,39.905234350933476,40.10624694824219,4657400,0.0,0.0
2024-02-01 00:00:00-05:00,40.38383083221144,40.52741074315821,36.14348030521217,37.56969451904297,8305100,0.0,0.0
2024-02-02 00:00:00-05:00,36.46892129399267,38.10571823992131,36.3349153379094,37.95256805419922,6329600,0.0,0.0
2024-02-05 00:00:00-05:00,37.30168047242058,37.71327229906361,36.976235857200244,37.20595932006836,4378700,0.0,0.0
2024-02-06 00:00:00-05:00,37.21553213119473,37.99085335907288,36.89008752585436,37.234676361083984,4255900,0.0,0.0
2024-02-07 00:00:00-05:00,37.445257454751655,38.05785823620865,36.488067820877916,37.51226043701172,3893400,0.0,0.0
2024-02-08 00:00:00-05:00,37.56012563543644,38.536455921434396,37.15810406056468,38.18229675292969,2589600,0.0,0.0
2024-02-09 00:00:00-05:00,38.211009379988276,38.68960420880409,37.76113272384577,38.37373352050781,2150200,0.0,0.0
2024-02-12 00:00:00-05:00,38.440735994286825,39.87652046168009,38.3737330112529,39.47450256347656,1936600,0.0,0.0
2024-02-13 00:00:00-05:00,37.85684694703809,38.163147318814275,36.995378520688256,37.65583801269531,3187600,0.0,0.0
2024-02-14 00:00:00-05:00,38.236206160607594,39.116422271061765,37.858971211819316,39.097076416015625,2821100,0.41,0.0
2024-02-15 00:00:00-05:00,39.503331291518755,40.79947403786032,39.396930935574794,40.161075592041016,2687900,0.0,0.0
2024-02-16 00:00:00-05:00,39.42594309789997,39.87089032249201,39.271179968863976,39.309871673583984,2272500,0.0,0.0
2024-02-20 00:00:00-05:00,38.61343609131984,39.31954679428406,38.53605637103587,38.77787399291992,2087400,0.0,0.0
2024-02-21 00:00:00-05:00,38.34260482483833,38.8842776726707,37.97504097488621,38.30391311645508,1909500,0.0,0.0
2024-02-22 00:00:00-05:00,38.40064245372632,39.29052960901151,38.18784174709534,38.35227966308594,1954600,0.0,0.0
2024-02-23 00:00:00-05:00,38.16849005416467,38.41998243077447,37.472057857819976,37.7525634765625,2964700,0.0,0.0
2024-02-26 00:00:00-05:00,37.34631657262692,38.1491492114129,36.79497265362427,37.162532806396484,2030500,0.0,0.0
2024-02-27 00:00:00-05:00,37.58813334341683,37.955697177555095,37.08515222560768,37.414024353027344,1786000,0.0,0.0
2024-02-28 00:00:00-05:00,37.03678986830072,37.423695870458275,36.765951607961725,36.83366394042969,1487000,0.0,0.0
2024-02-29 00:00:00-05:00,37.897659146900786,38.3329316174697,37.48173252945095,38.13947677612305,2991100,0.0,0.0
2024-03-01 00:00:00-05:00,37.45272057971066,37.93635590252781,36.76595561702834,37.50108337402344,3143200,0.0,0.0
2024-03-04 00:00:00-05:00,37.849297212226105,38.922968100550776,37.5204250814766,37.88798522949219,4217700,0.0,0.0
2024-03-05 00:00:00-05:00,37.4720627365642,39.928927129678044,37.4720627365642,39.6097297668457,3370400,0.0,0.0
2024-03-06 00:00:00-05:00,39.34856224388639,40.55765030769843,37.99438213647934,39.94826889038086,4182000,0.0,0.0
2024-03-07 00:00:00-05:00,40.51896467943431,41.20572591708874,39.80318650464771,40.161075592041016,2512100,0.0,0.0
2024-03-08 00:00:00-05:00,40.84783484123435,41.5442708172602,40.68340061903065,40.85750961303711,2459500,0.0,0.0
2024-03-11 00:00:00-04:00,40.886525380138124,41.05095959764197,39.8902379239004,40.24812698364258,2607800,0.0,0.0
2024-03-12 00:00:00-04:00,40.26747409477263,40.66405487332017,39.338891560989346,39.56136703491211,2254900,0.0,0.0
2024-03-13 00:00:00-04:00,39.31955149305611,40.01598381821338,39.24216807368057,39.72580337524414,1956600,0.0,0.0
2024-03-14 00:00:00-04:00,39.493655139354324,39.70645213408136,37.94602017038627,38.49736404418945,2837400,0.0,0.0
2024-03-15 00:00:00-04:00,38.30391003152446,39.01002073819453,38.09111303224366,38.487693786621094,37419300,0.0,0.0
2024-03-18 00:00:00-04:00,38.661807366474456,38.739187096363196,37.99438828573077,38.42966079711914,2294700,0.0,0.0
2024-03-19 00:00:00-04:00,38.12980552048935,38.893950184854056,38.100788583057245,38.478023529052734,2150600,0.0,0.0
2024-03-20 00:00:00-04:00,38.28457207391004,40.28682191835775,37.984716859920155,39.967620849609375,2877800,0.0,0.0
2024-03-21 00:00:00-04:00,40.364198413047895,41.50557792342542,40.045001059722225,40.24812698364258,2350300,0.0,0.0
2024-03-22 00:00:00-04:00,39.8999104179613,40.51896298316185,39.30020370665382,39.319549560546875,2140600,0.0,0.0
2024-03-25 00:00:00-04:00,39.290527148035615,39.96761724412445,39.28085606645105,39.67743682861328,1956200,0.0,0.0
2024-03-26 00:00:00-04:00,40.015985996872345,40.03533185276951,39.6000593196951,39.84187698364258,1502100,0.0,0.0
2024-03-27 00:00:00-04:00,40.18042185308304,41.7667450563221,40.00631284884026,41.737728118896484,2227400,0.0,0.0
2024-03-28 00:00:00-04:00,41.48623175017015,42.09561320707433,41.36048555020867,41.97954177856445,1959400,0.0,0.0
2024-04-01 00:00:00-04:00,41.94085180750584,42.04725215881,41.20572412022854,41.57328796386719,1785700,0.0,0.0
2024-04-02 00:00:00-04:00,40.89619892018369,41.447542855306736,40.33518390279727,41.0316162109375,2128100,0.0,0.0
2024-04-03 00:00:00-04:00,41.108999635127624,41.699035279089266,40.78012749045282,41.12834548950195,1490400,0.0,0.0
2024-04-04 00:00:00-04:00,41.911836580108876,42.20201702013894,40.354530334472656,40.354530334472656,1805400,0.0,0.0
2024-04-05 00:00:00-04:00,39.93860270932873,41.03161579642511,39.851548210460095,40.7027473449707,1446500,0.0,0.0
2024-04-08 00:00:00-04:00,40.857512881058646,41.75707116891817,40.5383118032338,41.58296585083008,1458400,0.0,0.0
2024-04-09 00:00:00-04:00,41.84411987690456,42.11495812386544,40.944561713646074,42.0859375,1838200,0.0,0.0
2024-04-10 00:00:00-04:00,40.63503485468501,40.87685249618832,39.30987521240329,39.745147705078125,2112600,0.0,0.0
2024-04-11 00:00:00-04:00,39.745146012618015,40.064343367090984,39.039038972277694,39.90958023071289,1428700,0.0,0.0
2024-04-12 00:00:00-04:00,39.32921518030515,39.68710420301023,39.048705872581024,39.33888626098633,1564000,0.0,0.0
2024-04-15 00:00:00-04:00,39.60005841353468,40.14173129672614,38.545733275255806,39.087406158447266,2126600,0.0,0.0
2024-04-16 00:00:00-04:00,38.65212737170602,38.74885663330331,37.955695137425764,38.207183837890625,1485000,0.0,0.0
2024-04-17 00:00:00-04:00,38.65213057262475,38.72951398831097,37.82027730321959,38.07176971435547,1714600,0.0,0.0
2024-04-18 00:00:00-04:00,38.12980140158678,38.65212835800844,37.81060405478075,37.95569610595703,2163600,0.0,0.0
2024-04-19 00:00:00-04:00,37.7815918316586,38.87460497806177,37.771917059123574,38.613441467285156,3285800,0.0,0.0
2024-04-22 00:00:00-04:00,38.60376945281391,40.52863956807216,38.33293486588402,39.967620849609375,4469900,0.0,0.0
2024-04-23 00:00:00-04:00,40.1030393687675,40.74143783593151,39.76449612475803,40.383548736572266,2039800,0.0,0.0
2024-04-24 00:00:00-04:00,39.88056198672777,40.88652418508903,39.841870281442155,40.789794921875,1922400,0.0,0.0
2024-04-25 00:00:00-04:00,40.19008886443471,40.60601547801054,39.49365660785533,39.919254302978516,1529700,0.0,0.0
2024-04-26 00:00:00-04:00,39.754813031203284,40.944558902202196,39.73547086974658,40.393211364746094,1970800,0.0,0.0
2024-04-29 00:00:00-04:00,40.654382089235604,40.83816586451904,39.77416599186895,39.967620849609375,1267900,0.0,0.0
2024-04-30 00:00:00-04:00,39.47431405326897,40.1223835765739,39.30987613447052,39.44529342651367,1429800,0.0,0.0
2024-05-01 00:00:00-04:00,39.73547319400078,41.23474170397397,39.65808978427218,40.4609260559082,1597700,0.0,0.0
2024-05-02 00:00:00-04:00,41.060636733351245,41.331471314172454,40.1707458837546,41.321800231933594,1871900,0.0,0.0
2024-05-03 00:00:00-04:00,42.13430697865236,42.72433892157722,41.82478069422332,42.19234085083008,2094600,0.0,0.0
2024-05-06 00:00:00-04:00,42.70499445191913,42.73401138644146,42.172992720048555,42.26972198486328,1530800,0.0,0.0
2024-05-07 00:00:00-04:00,42.54055956277048,42.82106891585497,42.26005020968599,42.37612533569336,1548500,0.0,0.0
2024-05-08 00:00:00-04:00,41.766742122827715,42.74368374260139,41.61197898435334,42.68564987182617,1158600,0.0,0.0
2024-05-09 00:00:00-04:00,42.6179441583584,43.03387081343943,42.4051434446394,42.840415954589844,1242500,0.0,0.0
2024-05-10 00:00:00-04:00,43.03386845444591,43.03386845444591,42.38579526630198,42.86943054199219,1061100,0.0,0.0
2024-05-13 00:00:00-04:00,43.14993468223179,43.23698916894832,42.463173559159074,42.501861572265625,1177400,0.0,0.0
2024-05-14 00:00:00-04:00,43.043540895396376,43.111249540943156,42.588922541144214,43.09190368652344,1345800,0.0,0.0
2024-05-15 00:00:00-04:00,43.8826662988842,44.458656941217,43.462876319347544,44.02910232543945,1758900,0.41,0.0
2024-05-16 00:00:00-04:00,43.833858759778636,44.15602103034518,43.64836789346286,43.67765808105469,1193400,0.0,0.0
2024-05-17 00:00:00-04:00,43.677659553591376,44.06815940150748,43.60931826298504,43.892433166503906,1229200,0.0,0.0
2024-05-20 00:00:00-04:00,43.77527779230391,43.93147845562588,42.69163406120633,42.759971618652344,1377700,0.0,0.0
2024-05-21 00:00:00-04:00,42.59401348919869,43.15047863006078,42.5256759262239,42.99427795410156,1089500,0.0,0.0
2024-05-22 00:00:00-04:00,42.61353849883046,42.98451277195565,42.24256050158744,42.750213623046875,1030500,0.0,0.0
2024-05-23 00:00:00-04:00,43.21881477072338,43.21881477072338,41.32488117153161,41.54941940307617,2473300,0.0,0.0
2024-05-24 00:00:00-04:00,41.930158374417246,42.125410144291294,41.57870593346751,42.06683349609375,947300,0.0,0.0
2024-05-28 00:00:00-04:00,42.35970926286369,42.46709792243443,41.21749255459542,41.51036834716797,1010300,0.0,0.0
2024-05-29 00:00:00-04:00,40.72936724464423,40.8269912728612,40.00693677383756,40.700077056884766,1068100,0.0,0.0
2024-05-30 00:00:00-04:00,41.197965469253155,41.42250369265807,40.72936347378409,41.25653839111328,736400,0.0,0.0
2024-05-31 00:00:00-04:00,41.57870761926214,42.193749415860836,41.19796870083559,42.164459228515625,1455100,0.0,0.0
2024-06-03 00:00:00-04:00,42.41828964566073,42.506152763580005,40.69031747599367,41.032005310058594,1761600,0.0,0.0
2024-06-04 00:00:00-04:00,40.43648871143451,40.81723136877659,39.958125747580034,40.153377532958984,1094800,0.0,0.0
2024-06-05 00:00:00-04:00,40.57316206277143,40.57316206277143,39.889782768730825,39.97764587402344,1000800,0.0,0.0
2024-06-06 00:00:00-04:00,40.09480007461701,40.54387656508415,39.928838481055756,40.065513610839844,1104800,0.0,0.0
2024-06-07 00:00:00-04:00,39.61643816615993,40.59269337509496,39.61643816615993,40.55364227294922,1303500,0.0,0.0
2024-06-10 00:00:00-04:00,40.23147094454106,40.43648361750967,39.479754086205226,40.299808502197266,1296200,0.0,0.0
2024-06-11 00:00:00-04:00,39.694534257870025,39.83120938303814,39.21616759566375,39.733585357666016,1517900,0.0,0.0
2024-06-12 00:00:00-04:00,40.944137784733336,41.68609375043275,40.79770175337627,41.42250442504883,2538200,0.0,0.0
2024-06-13 00:00:00-04:00,41.3932187659994,41.41274059126462,40.348626080775595,40.3583869934082,1377800,0.0,0.0
2024-06-14 00:00:00-04:00,39.626197545459576,40.172901781979355,39.32355710172431,39.78239822387695,957300,0.0,0.0
2024-06-17 00:00:00-04:00,39.665246833249164,40.30957506778746,38.96234195043728,40.2802848815918,1736500,0.0,0.0
2024-06-18 00:00:00-04:00,40.09479570699542,40.58292324540454,39.94835595582566,40.416961669921875,2048000,0.0,0.0
2024-06-20 00:00:00-04:00,40.3193351661099,40.3193351661099,39.714058042645455,40.192420959472656,1473600,0.0,0.0
2024-06-21 00:00:00-04:00,40.13385175423217,40.29981335018564,39.56762195225861,40.27052688598633,2032500,0.0,0.0
2024-06-24 00:00:00-04:00,40.51458872307212,41.900869248429586,40.280285848471415,41.44203186035156,1328400,0.0,0.0
2024-06-25 00:00:00-04:00,41.23701803490496,41.50060364089629,40.46577559393224,40.99295425415039,1795600,0.0,0.0
2024-06-26 00:00:00-04:00,40.6903158741274,40.88556765338572,40.44625208108399,40.85627746582031,778800,0.0,0.0
2024-06-27 00:00:00-04:00,40.836756309276105,41.11986748351953,40.42672719369784,41.06129455566406,875500,0.0,0.0
2024-06-28 00:00:00-04:00,41.54942274248043,42.43781482743573,41.276068753489376,42.340187072753906,1867800,0.0,0.0
2024-07-01 00:00:00-04:00,42.008255520679015,42.77949793904994,42.008255520679015,42.2913703918457,1065600,0.0,0.0
2024-07-02 00:00:00-04:00,42.203510995288674,42.935702380475746,42.115647880101506,42.925941467285156,1203300,0.0,0.0
2024-07-03 00:00:00-04:00,42.80878690291648,43.03332886498146,42.47686000244728,42.51591110229492,1178300,0.0,0.0
2024-07-05 00:00:00-04:00,42.34018476594528,42.428047878312874,41.35416870414705,41.481082916259766,1945400,0.0,0.0
2024-07-08 00:00:00-04:00,42.0765971564622,42.223036924460125,41.51037108338074,41.57870864868164,1264700,0.0,0.0
2024-07-09 00:00:00-04:00,41.46155691752966,42.93570053782944,41.32488179401923,42.86736297607422,1350600,0.0,0.0
2024-07-10 00:00:00-04:00,42.92594197543957,44.33174811095812,42.750215742985,44.282936096191406,2407600,0.0,0.0
2024-07-11 00:00:00-04:00,45.16156567913283,46.51856358844842,45.024890541647935,46.29402160644531,2309100,0.0,0.0
2024-07-12 00:00:00-04:00,46.31354081535741,46.53807904249131,45.90351545905665,46.10852813720703,1394800,0.0,0.0
2024-07-15 00:00:00-04:00,46.87976995979351,47.5240981714809,46.762620391518794,47.094547271728516,1606500,0.0,0.0
2024-07-16 00:00:00-04:00,47.387425546302936,49.04706003462207,47.19217377283284,49.02753448486328,2170800,0.0,0.0
2024-07-17 00:00:00-04:00,48.305103521341984,50.023314640479626,48.305103521341984,49.339935302734375,1956800,0.0,0.0
2024-07-18 00:00:00-04:00,48.656557141597176,49.91592718708081,47.80721619832309,48.0415153503418,2141200,0.0,0.0
2024-07-19 00:00:00-04:00,48.0415166999648,48.4320202631235,47.4948161804842,47.816978454589844,2544000,0.0,0.0
2024-07-22 00:00:00-04:00,47.504574394715235,48.529641534619664,47.270271525308445,48.30510330200195,2533900,0.0,0.0
2024-07-23 00:00:00-04:00,52.053922953816496,52.053922953816496,49.73043471415513,51.28268051147461,3161600,0.0,0.0
2024-07-24 00:00:00-04:00,50.79455260280992,51.429119919219325,49.66209681478343,49.76948547363281,2351600,0.0,0.0
2024-07-25 00:00:00-04:00,49.42779823989307,51.18505672783373,49.30088403032934,50.57001495361328,2036300,0.0,0.0
2024-07-26 00:00:00-04:00,50.716454911189295,51.24363357687049,50.35524155468231,51.04838180541992,1404700,0.0,0.0
2024-07-29 00:00:00-04:00,51.292446390041654,51.4095959650951,50.18927702961134,50.57978057861328,1036800,0.0,0.0
2024-07-30 00:00:00-04:00,50.67740249633789,50.96051737138481,50.05259982321206,50.67740249633789,2166400,0.0,0.0
2024-07-31 00:00:00-04:00,50.609065281582104,51.59508130855564,49.87687394575141,50.44309997558594,1979600,0.0,0.0
2024-08-01 00:00:00-04:00,50.39429216844302,50.57978303909528,47.09455228774208,47.46552658081055,2520400,0.0,0.0
2024-08-02 00:00:00-04:00,46.089006181586456,46.089006181586456,43.872906474766424,45.66921615600586,3199400,0.0,0.0
2024-08-05 00:00:00-04:00,43.091904331474936,45.337290567459384,42.476862507022275,44.92726516723633,2522700,0.0,0.0
2024-08-06 00:00:00-04:00,45.00536346435547,45.883994638571075,44.72225228521316,45.00536346435547,1509400,0.0,0.0
2024-08-07 00:00:00-04:00,46.215918684469735,46.39164490838968,44.38055797026027,44.41960906982422,1169200,0.0,0.0
2024-08-08 00:00:00-04:00,45.46420260843025,45.46420260843025,44.65391276029733,45.06393814086914,1100400,0.0,0.0
2024-08-09 00:00:00-04:00,45.05417664045221,45.38610354025709,44.74177529053207,44.858924865722656,1192600,0.0,0.0
2024-08-12 00:00:00-04:00,45.45443994498124,46.4795070810536,44.26340750117497,44.409847259521484,1935600,0.0,0.0
2024-08-13 00:00:00-04:00,44.78082207698038,44.85892427549171,43.97053225007323,44.65391159057617,1623400,0.0,0.0
2024-08-14 00:00:00-04:00,44.91749486423182,44.91749486423182,43.88266685659962,44.27316665649414,1762100,0.0,0.0
2024-08-15 00:00:00-04:00,45.20907419447229,45.73120874350035,45.20907419447229,45.44551467895508,1877300,0.41,0.0
2024-08-16 00:00:00-04:00,45.07114944631213,45.928239104828194,45.07114944631213,45.898685455322266,1072900,0.0,0.0
2024-08-19 00:00:00-04:00,45.9183883909198,46.401115529402034,45.64254431178709,46.3026008605957,1446700,0.0,0.0
2024-08-20 00:00:00-04:00,46.06616251863129,46.06616251863129,45.593285321983814,45.67210006713867,1461700,0.0,0.0
2024-08-21 00:00:00-04:00,45.51447329333528,46.381416679729476,45.40610490027428,46.37156295776367,1713500,0.0,0.0
2024-08-22 00:00:00-04:00,46.52918776417447,47.05132227519928,46.36171207501321,46.972511291503906,1155600,0.0,0.0
2024-08-23 00:00:00-04:00,47.28776705078347,50.105330438854374,47.22865598905613,49.16942596435547,2068700,0.0,0.0
2024-08-26 00:00:00-04:00,49.49452966892523,49.622597994984474,48.26307743924361,48.341888427734375,1043400,0.0,0.0
2024-08-27 00:00:00-04:00,47.84930860532077,48.19411373410063,47.64242552805286,48.02663803100586,790600,0.0,0.0
2024-08-28 00:00:00-04:00,47.76064223883624,48.72610032408633,47.750792274681025,48.548770904541016,895200,0.0,0.0
2024-08-29 00:00:00-04:00,48.873874229974085,49.13001462727871,47.800047789481816,48.49951171875,789100,0.0,0.0
2024-08-30 00:00:00-04:00,48.76550823334955,48.93298393248808,48.125151571492225,48.82461929321289,1046700,0.0,0.0
2024-09-03 00:00:00-04:00,48.263075159264964,48.83446701263546,47.58331115541306,47.91826629638672,1476300,0.0,0.0
2024-09-04 00:00:00-04:00,47.72123643202886,48.03648790865594,46.450380561042095,46.58830261230469,1708600,0.0,0.0
2024-09-05 00:00:00-04:00,47.169543058818405,47.22865035540108,45.34699166628216,45.465213775634766,2233500,0.0,0.0
2024-09-06 00:00:00-04:00,45.55388021894363,45.849427987429,44.214059659843265,44.36183166503906,2260800,0.0,0.0
2024-09-09 00:00:00-04:00,44.657386180614374,45.17952073182236,44.28302364449283,44.8642692565918,1680400,0.0,0.0
2024-09-10 00:00:00-04:00,45.01203948434645,45.16966521570275,43.68207261090855,45.100704193115234,1856400,0.0,0.0
2024-09-11 00:00:00-04:00,44.62782884140591,44.7756046148191,43.07127514976538,44.38153839111328,1463800,0.0,0.0
2024-09-12 00:00:00-04:00,44.54901551899392,44.82485960628875,44.05643464419954,44.44064712524414,1458300,0.0,0.0
2024-09-13 00:00:00-04:00,45.218929088404714,45.829728365175484,44.89382388358044,45.800174713134766,1476500,0.0,0.0
2024-09-16 00:00:00-04:00,45.72135741026751,46.322306688829514,45.72135741026751,46.056312561035156,928900,0.0,0.0
2024-09-17 00:00:00-04:00,46.38141870868581,47.366580495108934,45.977498768482114,46.22378921508789,1495700,0.0,0.0
2024-09-18 00:00:00-04:00,46.41097265776425,47.75079329719977,45.95779913504164,46.31245422363281,1443800,0.0,0.0
2024-09-19 00:00:00-04:00,47.258213326839474,47.947823588802294,46.78533610802465,47.7310905456543,2236000,0.0,0.0
2024-09-20 00:00:00-04:00,47.41583417806594,47.56360617978297,46.80503121173577,47.27791213989258,2664600,0.0,0.0
2024-09-23 00:00:00-04:00,47.30746598300337,47.73108582090147,46.509483641315256,46.598148345947266,1103400,0.0,0.0
2024-09-24 00:00:00-04:00,46.99221747931412,47.218804236883095,46.1252740639373,46.332157135009766,1153700,0.0,0.0
2024-09-25 00:00:00-04:00,46.28289954598833,46.39126794208254,44.952932658508665,44.99233627319336,1555900,0.0,0.0
2024-09-26 00:00:00-04:00,45.603140592994905,45.87898469421762,45.08100228384531,45.632694244384766,1032500,0.0,0.0
2024-09-27 00:00:00-04:00,46.04646247326965,46.16468083260723,45.26818377826829,45.77061462402344,981800,0.0,0.0
2024-09-30 00:00:00-04:00,46.007055937894286,46.92325669514214,45.69180446852878,46.51934051513672,1236200,0.0,0.0
2024-10-01 00:00:00-04:00,46.00705435296917,46.06616165263026,44.41109337452478,44.92337417602539,1227700,0.0,0.0
2024-10-02 00:00:00-04:00,44.82485980423564,45.85927889425308,44.519458307600694,45.01203918457031,1210300,0.0,0.0
2024-10-03 00:00:00-04:00,44.82485934800305,45.514473320360324,44.292871104347974,45.50461959838867,1068300,0.0,0.0
2024-10-04 00:00:00-04:00,46.33215526344133,47.88871261094381,46.28289792823675,47.14984130859375,1538100,0.0,0.0
2024-10-07 00:00:00-04:00,46.82473724900468,47.228653420270525,46.292752754769715,46.7360725402832,827600,0.0,0.0
2024-10-08 00:00:00-04:00,46.76563096045939,47.09073239407647,46.479933141942546,46.51934051513672,884400,0.0,0.0
2024-10-09 00:00:00-04:00,46.67696566570634,47.62272006196773,46.450378909816244,47.49464797973633,859700,0.0,0.0
2024-10-10 00:00:00-04:00,47.120286909630025,47.63256769732225,46.75577436710746,47.55375671386719,1042800,0.0,0.0
2024-10-11 00:00:00-04:00,47.81975307106012,49.524082476960984,47.81975307106012,49.22853469848633,1217200,0.0,0.0
2024-10-14 00:00:00-04:00,49.29749524616654,49.67185400818079,48.83446801756161,49.3369026184082,906100,0.0,0.0
2024-10-15 00:00:00-04:00,49.53393458600829,50.932866309903154,49.080761055517385,49.75067138671875,1507300,0.0,0.0
2024-10-16 00:00:00-04:00,50.24324906141416,51.05108139273449,49.8787402675486,50.31221008300781,1679900,0.0,0.0
2024-10-17 00:00:00-04:00,50.184139550030956,50.7850888350872,49.87874180444717,50.272804260253906,1095800,0.0,0.0
2024-10-18 00:00:00-04:00,50.18414239381105,50.68657703291051,49.94770565854766,50.48954391479492,1502800,0.0,0.0
2024-10-21 00:00:00-04:00,50.46983853315258,50.844201069197304,48.59803336911703,48.706398010253906,3001300,0.0,0.0
2024-10-22 00:00:00-04:00,50.814645606970544,52.28253453125917,50.51909407120258,51.73084259033203,4249800,0.0,0.0
2024-10-23 00:00:00-04:00,51.41559249378606,51.829362400008996,50.400877052151166,51.12004470825195,1713800,0.0,0.0
2024-10-24 00:00:00-04:00,51.228413221924875,51.63232940662014,50.844200724055476,51.40574264526367,1296900,0.0,0.0
2024-10-25 00:00:00-04:00,51.770249941011805,51.868768372257534,50.40087569049414,50.57820510864258,1003600,0.0,0.0
2024-10-28 00:00:00-04:00,51.070786012129716,52.0263941261,50.50924410712079,51.73084259033203,1099300,0.0,0.0
2024-10-29 00:00:00-04:00,51.54366284044279,51.73084222141293,51.0215283116724,51.356483459472656,1073800,0.0,0.0
2024-10-30 00:00:00-04:00,51.257968036521575,53.05096223933711,51.257968036521575,52.144615173339844,1310200,0.0,0.0
2024-10-31 00:00:00-04:00,51.937731821220986,52.34164801296169,51.28752517700195,51.28752517700195,938900,0.0,0.0
2024-11-01 00:00:00-04:00,51.50425569562346,52.154462307978,50.63731605121334,50.676719665527344,938500,0.0,0.0
2024-11-04 00:00:00-05:00,50.56835454363329,51.031378011657274,49.49452808342593,50.400875091552734,1102400,0.0,0.0
2024-11-05 00:00:00-05:00,50.79494202894532,51.553517040051275,50.24325008684266,51.24811553955078,1019700,0.0,0.0
2024-11-06 00:00:00-05:00,55.287276009803634,59.51362079264921,54.7552915243028,59.45450973510742,3936000,0.0,0.0
2024-11-07 00:00:00-05:00,58.65653379348246,59.09985734995838,56.410362360035805,56.69606018066406,2441500,0.0,0.0
2024-11-08 00:00:00-05:00,56.676356724285725,57.61226117885137,56.4891773366102,57.2674560546875,1205900,0.0,0.0
2024-11-11 00:00:00-05:00,58.5777200889717,60.173684920687094,58.124546560106666,59.168819427490234,1438300,0.0,0.0
2024-11-12 00:00:00-05:00,58.587569190830834,59.533323548157064,58.28216770211156,58.80430221557617,927000,0.0,0.0
2024-11-13 00:00:00-05:00,59.109706285412344,60.882996722355934,58.77475113280459,59.31658935546875,1419800,0.0,0.0
2024-11-14 00:00:00-05:00,59.524961328231015,60.15999946547095,58.701393641723925,59.13798141479492,952900,0.43,0.0
2024-11-15 00:00:00-05:00,59.31658677753344,59.76309915374477,58.1755037995777,59.04867935180664,1095800,0.0,0.0
2024-11-18 00:00:00-05:00,59.44558286021828,59.44558286021828,58.65178514604839,58.731163024902344,687100,0.0,0.0
2024-11-19 00:00:00-05:00,57.64961036337199,58.68154924688861,57.461084595953466,58.37395477294922,1101200,0.0,0.0
2024-11-20 00:00:00-05:00,58.274729737891235,58.711317533844976,57.649612382789,58.20527267456055,931700,0.0,0.0
2024-11-21 00:00:00-05:00,58.4731778901927,59.544803815943396,58.22511587768896,58.681549072265625,1160700,0.0,0.0
2024-11-22 00:00:00-05:00,58.45333346948937,60.28899087919818,58.45333346948937,60.110389709472656,1136600,0.0,0.0
2024-11-25 00:00:00-05:00,60.52713184138893,62.72992375243061,60.52713184138893,61.25147247314453,1637600,0.0,0.0
2024-11-26 00:00:00-05:00,60.72558253736705,60.97364455444362,60.13023142530771,60.63628005981445,925300,0.0,0.0
2024-11-27 00:00:00-05:00,61.02325692287711,61.47969013126838,59.971472595382146,60.20961380004883,930700,0.0,0.0
2024-11-29 00:00:00-05:00,60.76527355182385,60.96372013798291,59.71348923360125,60.05085372924805,512400,0.0,0.0
2024-12-02 00:00:00-05:00,60.21953301190345,60.23937842719108,59.266975788852925,59.455501556396484,970700,0.0,0.0
2024-12-03 00:00:00-05:00,59.39597079229323,59.81271316985977,58.49302518910635,58.820465087890625,774900,0.0,0.0
2024-12-04 00:00:00-05:00,58.98914718222114,59.30666625461818,57.977053719533366,58.7113151550293,921800,0.0,0.0
2024-12-05 00:00:00-05:00,59.018912340955396,59.663875074186315,58.57239997065137,58.671627044677734,849300,0.0,0.0
2024-12-06 00:00:00-05:00,58.889918889931,59.207437955769194,57.92744087760155,58.701393127441406,869800,0.0,0.0
2024-12-09 00:00:00-05:00,58.45333489187439,59.09829766510207,57.480932216868446,57.61984634399414,848300,0.0,0.0
2024-12-10 00:00:00-05:00,57.72899134342974,59.187597175325074,57.23286732279877,57.96712875366211,1152700,0.0,0.0
2024-12-11 00:00:00-05:00,58.79069850860972,59.42573667169015,58.30449528586788,58.35411071777344,1592300,0.0,0.0
2024-12-12 00:00:00-05:00,58.443412426668964,58.91969104270948,57.649610948142126,57.69922637939453,1101200,0.0,0.0
2024-12-13 00:00:00-05:00,57.907595918814266,58.096121682788336,56.70697670508949,57.22294235229492,1189400,0.0,0.0
2024-12-16 00:00:00-05:00,57.322169574227175,57.322169574227175,56.55813813122188,57.19317626953125,1236500,0.0,0.0
2024-12-17 00:00:00-05:00,56.647442071927976,56.96496114929949,55.46666823952302,55.78418731689453,1364000,0.0,0.0
2024-12-18 00:00:00-05:00,56.131474297459974,56.34977008907966,52.29147523880411,52.70821762084961,1932900,0.0,0.0
2024-12-19 00:00:00-05:00,53.76000036400843,54.17674273366888,51.9144183609385,51.95410919189453,2034600,0.0,0.0
2024-12-20 00:00:00-05:00,51.68620204620156,53.64093195263767,51.66635663061389,53.25395202636719,4734700,0.0,0.0
2024-12-23 00:00:00-05:00,53.0455801380665,54.00806196313213,52.75782729354417,53.95845031738281,1276700,0.0,0.0
2024-12-24 00:00:00-05:00,54.156900513159755,54.57364287827889,53.650851886799735,54.54387664794922,371100,0.0,0.0
2024-12-26 00:00:00-05:00,54.166822090153474,55.03007684799014,53.69054347254959,54.920928955078125,1158200,0.0,0.0
2024-12-27 00:00:00-05:00,54.48433918182105,55.04992025617249,53.53178198134764,54.25612258911133,923400,0.0,0.0
2024-12-30 00:00:00-05:00,53.879068921735445,54.22635801394484,53.07535041530637,53.8989143371582,827800,0.0,0.0
2024-12-31 00:00:00-05:00,54.07751834008002,54.47441907130527,53.64093056383295,53.8294563293457,1426000,0.0,0.0
2025-01-02 00:00:00-05:00,54.24619952423105,54.6728664920616,53.43255641932766,53.65085220336914,933000,0.0,0.0
2025-01-03 00:00:00-05:00,53.91876092450221,54.49426284376696,52.718141653774424,54.46449661254883,755200,0.0,0.0
2025-01-06 00:00:00-05:00,54.97054209519747,55.71472811389531,54.49425971232013,54.59348678588867,1068600,0.0,0.0
2025-01-07 00:00:00-05:00,55.65519269239134,55.74449516736009,53.958449453110966,54.970542907714844,1497600,0.0,0.0
2025-01-08 00:00:00-05:00,54.46449415763538,54.63317829222901,53.61116024000213,54.44464874267578,743100,0.0,0.0
2025-01-10 00:00:00-05:00,53.68061669146716,54.01798117170539,52.400619614648605,52.926509857177734,1415200,0.0,0.0
2025-01-13 00:00:00-05:00,52.5891470561275,54.00806208139536,52.49984457953281,53.928680419921875,1091200,0.0,0.0
2025-01-14 00:00:00-05:00,54.60341099564242,56.16124018883099,54.33550355803899,56.042171478271484,1453300,0.0,0.0
2025-01-15 00:00:00-05:00,58.17550347610509,58.45333171525805,57.01457130441075,57.748836517333984,1413600,0.0,0.0
2025-01-16 00:00:00-05:00,57.570233251981286,57.97705480769593,55.913177013252664,56.835968017578125,1514000,0.0,0.0
2025-01-17 00:00:00-05:00,57.13364326213902,57.66945432049809,56.73674253693704,57.5900764465332,1200600,0.0,0.0
2025-01-21 00:00:00-05:00,57.94728938896092,58.641860016894974,57.63969112150009,58.57240295410156,2146700,0.0,0.0
2025-01-22 00:00:00-05:00,58.721240944275486,58.9891483767467,57.46108544418911,57.63969039916992,2082800,0.0,0.0
2025-01-23 00:00:00-05:00,57.69922569786329,58.294573014600324,57.22294330232255,57.57023239135742,1200900,0.0,0.0
2025-01-24 00:00:00-05:00,57.12371969840771,58.76093048815739,56.955039347468826,58.1854248046875,1191400,0.0,0.0
2025-01-27 00:00:00-05:00,58.38387521729601,58.88992005564082,57.19317680427033,57.35193634033203,1164700,0.0,0.0
2025-01-28 00:00:00-05:00,57.32217025756836,57.72899180634291,56.49860255985656,57.32217025756836,1018900,0.0,0.0
2025-01-29 00:00:00-05:00,57.133643809768415,58.35410844154284,56.71689766579922,57.19317626953125,1229200,0.0,0.0
2025-01-30 00:00:00-05:00,57.828213980351244,58.48309752878235,57.21302126155253,57.838138580322266,877700,0.0,0.0
2025-01-31 00:00:00-05:00,57.84806009642795,58.2151908121635,57.103874064865515,57.41147232055664,1023600,0.0,0.0
2025-02-03 00:00:00-05:00,55.43689807685636,56.48868238356637,54.712557446951465,55.8139533996582,808000,0.0,0.0
2025-02-04 00:00:00-05:00,55.813954683374774,57.272560577007305,55.724652204476335,56.62759780883789,1327900,0.0,0.0
2025-02-05 00:00:00-05:00,57.09395395238327,57.24278888945148,56.409300372441294,56.984806060791016,1000700,0.0,0.0
2025-02-06 00:00:00-05:00,57.5801533268779,57.93736323171781,56.84589188704114,57.818294525146484,1170300,0.0,0.0
2025-02-07 00:00:00-05:00,57.85798748490158,57.867908300345135,56.34976993403357,56.816123962402344,907300,0.0,0.0
2025-02-10 00:00:00-05:00,57.0840294321561,57.332091446076646,55.55597030310125,55.59565734863281,986500,0.0,0.0
2025-02-11 00:00:00-05:00,55.44682250361496,56.558139267992885,55.010230935907735,56.39937973022461,1031300,0.0,0.0
2025-02-12 00:00:00-05:00,55.59565740479004,55.92310108035636,55.00031008482974,55.040000915527344,853800,0.0,0.0
2025-02-13 00:00:00-05:00,55.119998931884766,55.4900016784668,54.61000061035156,55.45000076293945,1293100,0.43,0.0
2025-02-14 00:00:00-05:00,55.529998779296875,56.619998931884766,55.220001220703125,55.7400016784668,1341300,0.0,0.0
2025-02-18 00:00:00-05:00,55.77000045776367,56.79999923706055,55.40999984741211,56.779998779296875,1409900,0.0,0.0
2025-02-19 00:00:00-05:00,56.11000061035156,57.040000915527344,56.11000061035156,56.459999084472656,1178100,0.0,0.0
2025-02-20 00:00:00-05:00,56.400001525878906,56.5,54.400001525878906,55.119998931884766,1250700,0.0,0.0
2025-02-21 00:00:00-05:00,55.41999816894531,55.5,53.27000045776367,53.41999816894531,1364400,0.0,0.0
2025-02-24 00:00:00-05:00,53.90999984741211,53.90999984741211,52.63999938964844,52.849998474121094,1353700,0.0,0.0
2025-02-25 00:00:00-05:00,53.650001525878906,54.040000915527344,52.15999984741211,52.88999938964844,2418800,0.0,0.0
2025-02-26 00:00:00-05:00,53.11000061035156,54.5099983215332,53.099998474121094,53.34000015258789,2443300,0.0,0.0
2025-02-27 00:00:00-05:00,53.63999938964844,54.720001220703125,53.38999938964844,53.63999938964844,1380400,0.0,0.0
2025-02-28 00:00:00-05:00,53.849998474121094,54.189998626708984,52.849998474121094,54.040000915527344,1207100,0.0,0.0
2025-03-03 00:00:00-05:00,54.40999984741211,54.849998474121094,52.310001373291016,52.959999084472656,1727600,0.0,0.0
2025-03-04 00:00:00-05:00,52.279998779296875,52.349998474121094,49.40999984741211,51.029998779296875,2135800,0.0,0.0
2025-03-05 00:00:00-05:00,51.27000045776367,51.63999938964844,50.29999923706055,51.279998779296875,1842400,0.0,0.0
2025-03-06 00:00:00-05:00,50.849998474121094,51.08000183105469,49.720001220703125,50.33000183105469,1579800,0.0,0.0
2025-03-07 00:00:00-05:00,50.27000045776367,50.279998779296875,48.470001220703125,50.150001525878906,1876700,0.0,0.0
2025-03-10 00:00:00-04:00,48.95000076293945,49.15999984741211,46.560001373291016,47.220001220703125,2920700,0.0,0.0
2025-03-11 00:00:00-04:00,47.279998779296875,48.20000076293945,46.189998626708984,47.33000183105469,2180700,0.0,0.0
2025-03-12 00:00:00-04:00,48.400001525878906,48.63999938964844,47.59000015258789,47.939998626708984,1704900,0.0,0.0
2025-03-13 00:00:00-04:00,48.029998779296875,48.349998474121094,46.880001068115234,47.0,1287300,0.0,0.0
2025-03-14 00:00:00-04:00,47.7599983215332,48.689998626708984,47.439998626708984,48.630001068115234,1583300,0.0,0.0
2025-03-17 00:00:00-04:00,48.369998931884766,49.27000045776367,47.9900016784668,48.880001068115234,2326900,0.0,0.0
2025-03-18 00:00:00-04:00,48.560001373291016,48.95000076293945,47.91999816894531,48.22999954223633,1875700,0.0,0.0
2025-03-19 00:00:00-04:00,48.279998779296875,49.86000061035156,48.029998779296875,49.34000015258789,1349400,0.0,0.0
2025-03-20 00:00:00-04:00,48.83000183105469,50.2400016784668,48.70000076293945,49.63999938964844,1874000,0.0,0.0
2025-03-21 00:00:00-04:00,49.15999984741211,49.72999954223633,48.529998779296875,49.5099983215332,12259700,0.0,0.0
2025-03-24 00:00:00-04:00,50.22999954223633,51.02000045776367,50.0,50.81999969482422,1496200,0.0,0.0
2025-03-25 00:00:00-04:00,50.83000183105469,51.849998474121094,50.689998626708984,51.0099983215332,1960700,0.0,0.0
2025-03-26 00:00:00-04:00,51.15999984741211,51.9900016784668,50.43000030517578,50.65999984741211,968200,0.0,0.0
2025-03-27 00:00:00-04:00,50.599998474121094,51.0099983215332,49.65999984741211,50.2599983215332,1135400,0.0,0.0
2025-03-28 00:00:00-04:00,50.09000015258789,50.40999984741211,48.790000915527344,49.470001220703125,1478900,0.0,0.0
2025-03-31 00:00:00-04:00,48.709999084472656,50.060001373291016,48.119998931884766,49.86000061035156,1229700,0.0,0.0
2025-04-01 00:00:00-04:00,49.38999938964844,49.88999938964844,48.56999969482422,49.47999954223633,1054700,0.0,0.0
2025-04-02 00:00:00-04:00,48.58000183105469,50.4900016784668,48.58000183105469,50.439998626708984,1053900,0.0,0.0
2025-04-03 00:00:00-04:00,47.5,47.79999923706055,43.689998626708984,43.810001373291016,3190700,0.0,0.0
2025-04-04 00:00:00-04:00,41.70000076293945,41.959999084472656,39.31999969482422,41.38999938964844,3582600,0.0,0.0
2025-04-07 00:00:00-04:00,39.79999923706055,45.119998931884766,39.650001525878906,42.650001525878906,6208800,0.0,0.0
2025-04-08 00:00:00-04:00,44.779998779296875,45.060001373291016,41.38999938964844,42.16999816894531,2497100,0.0,0.0
2025-04-09 00:00:00-04:00,41.220001220703125,46.40999984741211,39.43000030517578,45.72999954223633,4350400,0.0,0.0
2025-04-10 00:00:00-04:00,44.459999084472656,44.560001373291016,41.34000015258789,42.470001220703125,2416300,0.0,0.0
2025-04-11 00:00:00-04:00,41.68000030517578,42.40999984741211,40.7400016784668,42.0,1873000,0.0,0.0
2025-04-14 00:00:00-04:00,42.970001220703125,43.189998626708984,41.77000045776367,42.900001525878906,786497,0.0,0.0
